period,duoarea,area-name,product,product-name,process,process-name,series,series-description,value,units
2026-02-09,RGC,NA,EPMRU,Conventional Regular Gasoline,PF4,Spot Price FOB,EER_EPMRU_PF4_RGC_DPG,U.S. Gulf Coast Conventional Gasoline Regular Spot Price FOB (Dollars per Gallon),2.192,$/GAL
2026-02-09,Y35NY,NEW YORK CITY,EPMRU,Conventional Regular Gasoline,PF4,Spot Price FOB,EER_EPMRU_PF4_Y35NY_DPG,New York Harbor Conventional Gasoline Regular Spot Price FOB (Dollars per Gallon),2.215,$/GAL
2026-02-09,Y05LA,LOS ANGELES,EPMRR,Reformulated Regular Gasoline,PF4,Spot Price FOB,EER_EPMRR_PF4_Y05LA_DPG,Los Angeles Reformulated RBOB Regular Gasoline Spot Price (Dollars per Gallon),2.607,$/GAL
2026-02-09,YCUOK,NA,EPCWTI,WTI Crude Oil,PF4,Spot Price FOB,RWTC,"Cushing, OK WTI Spot Price FOB (Dollars per Barrel)",64.53,$/BBL
2026-02-09,Y35NY,NEW YORK CITY,EPD2F,No 2 Fuel Oil / Heating Oil,PF4,Spot Price FOB,EER_EPD2F_PF4_Y35NY_DPG,New York Harbor No. 2 Heating Oil Spot Price FOB (Dollars per Gallon),2.227,$/GAL
2026-02-09,RGC,NA,EPD2DXL0,No 2 Diesel Low Sulfur (0-15 ppm),PF4,Spot Price FOB,EER_EPD2DXL0_PF4_RGC_DPG,U.S. Gulf Coast Ultra-Low Sulfur No 2 Diesel Spot Price (Dollars per Gallon),2.135,$/GAL
2026-02-09,Y44MB,NA,EPLLPA,Propane,PF4,Spot Price FOB,EER_EPLLPA_PF4_Y44MB_DPG,"Mont Belvieu, TX Propane Spot Price FOB (Dollars per Gallon)",.62,$/GAL
2026-02-09,ZEU,NA,EPCBRENT,UK Brent Crude Oil,PF4,Spot Price FOB,RBRTE,Europe Brent Spot Price FOB (Dollars per Barrel),71.19,$/BBL
2026-02-09,Y05LA,LOS ANGELES,EPD2DC,Carb Diesel,PF4,Spot Price FOB,EER_EPD2DC_PF4_Y05LA_DPG,"Los Angeles, CA Ultra-Low Sulfur CARB Diesel Spot Price (Dollars per Gallon)",2.305,$/GAL
2026-02-09,RGC,NA,EPJK,Kerosene-Type Jet Fuel,PF4,Spot Price FOB,EER_EPJK_PF4_RGC_DPG,U.S. Gulf Coast Kerosene-Type Jet Fuel Spot Price FOB (Dollars per Gallon),2.165,$/GAL
2026-02-09,Y35NY,NEW YORK CITY,EPD2DXL0,No 2 Diesel Low Sulfur (0-15 ppm),PF4,Spot Price FOB,EER_EPD2DXL0_PF4_Y35NY_DPG,New York Harbor Ultra-Low Sulfur No 2 Diesel Spot Price (Dollars per Gallon),2.375,$/GAL
2026-02-06,Y44MB,NA,EPLLPA,Propane,PF4,Spot Price FOB,EER_EPLLPA_PF4_Y44MB_DPG,"Mont Belvieu, TX Propane Spot Price FOB (Dollars per Gallon)",.62,$/GAL
2026-02-06,Y05LA,LOS ANGELES,EPMRR,Reformulated Regular Gasoline,PF4,Spot Price FOB,EER_EPMRR_PF4_Y05LA_DPG,Los Angeles Reformulated RBOB Regular Gasoline Spot Price (Dollars per Gallon),2.531,$/GAL
2026-02-06,ZEU,NA,EPCBRENT,UK Brent Crude Oil,PF4,Spot Price FOB,RBRTE,Europe Brent Spot Price FOB (Dollars per Barrel),70.45,$/BBL
2026-02-06,RGC,NA,EPJK,Kerosene-Type Jet Fuel,PF4,Spot Price FOB,EER_EPJK_PF4_RGC_DPG,U.S. Gulf Coast Kerosene-Type Jet Fuel Spot Price FOB (Dollars per Gallon),2.106,$/GAL
2026-02-06,Y35NY,NEW YORK CITY,EPMRU,Conventional Regular Gasoline,PF4,Spot Price FOB,EER_EPMRU_PF4_Y35NY_DPG,New York Harbor Conventional Gasoline Regular Spot Price FOB (Dollars per Gallon),2.179,$/GAL
2026-02-06,RGC,NA,EPMRU,Conventional Regular Gasoline,PF4,Spot Price FOB,EER_EPMRU_PF4_RGC_DPG,U.S. Gulf Coast Conventional Gasoline Regular Spot Price FOB (Dollars per Gallon),2.196,$/GAL
2026-02-06,RGC,NA,EPD2DXL0,No 2 Diesel Low Sulfur (0-15 ppm),PF4,Spot Price FOB,EER_EPD2DXL0_PF4_RGC_DPG,U.S. Gulf Coast Ultra-Low Sulfur No 2 Diesel Spot Price (Dollars per Gallon),2.128,$/GAL
2026-02-06,Y35NY,NEW YORK CITY,EPD2DXL0,No 2 Diesel Low Sulfur (0-15 ppm),PF4,Spot Price FOB,EER_EPD2DXL0_PF4_Y35NY_DPG,New York Harbor Ultra-Low Sulfur No 2 Diesel Spot Price (Dollars per Gallon),2.351,$/GAL
2026-02-06,YCUOK,NA,EPCWTI,WTI Crude Oil,PF4,Spot Price FOB,RWTC,"Cushing, OK WTI Spot Price FOB (Dollars per Barrel)",63.77,$/BBL
2026-02-06,Y35NY,NEW YORK CITY,EPD2F,No 2 Fuel Oil / Heating Oil,PF4,Spot Price FOB,EER_EPD2F_PF4_Y35NY_DPG,New York Harbor No. 2 Heating Oil Spot Price FOB (Dollars per Gallon),2.203,$/GAL
2026-02-06,Y05LA,LOS ANGELES,EPD2DC,Carb Diesel,PF4,Spot Price FOB,EER_EPD2DC_PF4_Y05LA_DPG,"Los Angeles, CA Ultra-Low Sulfur CARB Diesel Spot Price (Dollars per Gallon)",2.281,$/GAL
2026-02-05,Y44MB,NA,EPLLPA,Propane,PF4,Spot Price FOB,EER_EPLLPA_PF4_Y44MB_DPG,"Mont Belvieu, TX Propane Spot Price FOB (Dollars per Gallon)",.621,$/GAL
2026-02-05,Y05LA,LOS ANGELES,EPD2DC,Carb Diesel,PF4,Spot Price FOB,EER_EPD2DC_PF4_Y05LA_DPG,"Los Angeles, CA Ultra-Low Sulfur CARB Diesel Spot Price (Dollars per Gallon)",2.27,$/GAL
2026-02-05,Y35NY,NEW YORK CITY,EPD2F,No 2 Fuel Oil / Heating Oil,PF4,Spot Price FOB,EER_EPD2F_PF4_Y35NY_DPG,New York Harbor No. 2 Heating Oil Spot Price FOB (Dollars per Gallon),2.193,$/GAL
2026-02-05,Y05LA,LOS ANGELES,EPMRR,Reformulated Regular Gasoline,PF4,Spot Price FOB,EER_EPMRR_PF4_Y05LA_DPG,Los Angeles Reformulated RBOB Regular Gasoline Spot Price (Dollars per Gallon),2.51,$/GAL
2026-02-05,RGC,NA,EPMRU,Conventional Regular Gasoline,PF4,Spot Price FOB,EER_EPMRU_PF4_RGC_DPG,U.S. Gulf Coast Conventional Gasoline Regular Spot Price FOB (Dollars per Gallon),2.175,$/GAL
2026-02-05,RGC,NA,EPD2DXL0,No 2 Diesel Low Sulfur (0-15 ppm),PF4,Spot Price FOB,EER_EPD2DXL0_PF4_RGC_DPG,U.S. Gulf Coast Ultra-Low Sulfur No 2 Diesel Spot Price (Dollars per Gallon),2.13,$/GAL
2026-02-05,YCUOK,NA,EPCWTI,WTI Crude Oil,PF4,Spot Price FOB,RWTC,"Cushing, OK WTI Spot Price FOB (Dollars per Barrel)",62.9,$/BBL
2026-02-05,Y35NY,NEW YORK CITY,EPD2DXL0,No 2 Diesel Low Sulfur (0-15 ppm),PF4,Spot Price FOB,EER_EPD2DXL0_PF4_Y35NY_DPG,New York Harbor Ultra-Low Sulfur No 2 Diesel Spot Price (Dollars per Gallon),2.34,$/GAL
2026-02-05,ZEU,NA,EPCBRENT,UK Brent Crude Oil,PF4,Spot Price FOB,RBRTE,Europe Brent Spot Price FOB (Dollars per Barrel),69.87,$/BBL
2026-02-05,RGC,NA,EPJK,Kerosene-Type Jet Fuel,PF4,Spot Price FOB,EER_EPJK_PF4_RGC_DPG,U.S. Gulf Coast Kerosene-Type Jet Fuel Spot Price FOB (Dollars per Gallon),2.095,$/GAL
2026-02-05,Y35NY,NEW YORK CITY,EPMRU,Conventional Regular Gasoline,PF4,Spot Price FOB,EER_EPMRU_PF4_Y35NY_DPG,New York Harbor Conventional Gasoline Regular Spot Price FOB (Dollars per Gallon),2.158,$/GAL
2026-02-04,ZEU,NA,EPCBRENT,UK Brent Crude Oil,PF4,Spot Price FOB,RBRTE,Europe Brent Spot Price FOB (Dollars per Barrel),71.15,$/BBL
2026-02-04,Y35NY,NEW YORK CITY,EPMRU,Conventional Regular Gasoline,PF4,Spot Price FOB,EER_EPMRU_PF4_Y35NY_DPG,New York Harbor Conventional Gasoline Regular Spot Price FOB (Dollars per Gallon),2.181,$/GAL
2026-02-04,Y05LA,LOS ANGELES,EPMRR,Reformulated Regular Gasoline,PF4,Spot Price FOB,EER_EPMRR_PF4_Y05LA_DPG,Los Angeles Reformulated RBOB Regular Gasoline Spot Price (Dollars per Gallon),2.504,$/GAL
2026-02-04,RGC,NA,EPMRU,Conventional Regular Gasoline,PF4,Spot Price FOB,EER_EPMRU_PF4_RGC_DPG,U.S. Gulf Coast Conventional Gasoline Regular Spot Price FOB (Dollars per Gallon),2.164,$/GAL
2026-02-04,RGC,NA,EPJK,Kerosene-Type Jet Fuel,PF4,Spot Price FOB,EER_EPJK_PF4_RGC_DPG,U.S. Gulf Coast Kerosene-Type Jet Fuel Spot Price FOB (Dollars per Gallon),2.167,$/GAL
2026-02-04,Y44MB,NA,EPLLPA,Propane,PF4,Spot Price FOB,EER_EPLLPA_PF4_Y44MB_DPG,"Mont Belvieu, TX Propane Spot Price FOB (Dollars per Gallon)",.638,$/GAL
2026-02-04,YCUOK,NA,EPCWTI,WTI Crude Oil,PF4,Spot Price FOB,RWTC,"Cushing, OK WTI Spot Price FOB (Dollars per Barrel)",64.56,$/BBL
2026-02-04,Y35NY,NEW YORK CITY,EPD2DXL0,No 2 Diesel Low Sulfur (0-15 ppm),PF4,Spot Price FOB,EER_EPD2DXL0_PF4_Y35NY_DPG,New York Harbor Ultra-Low Sulfur No 2 Diesel Spot Price (Dollars per Gallon),2.372,$/GAL
2026-02-04,Y35NY,NEW YORK CITY,EPD2F,No 2 Fuel Oil / Heating Oil,PF4,Spot Price FOB,EER_EPD2F_PF4_Y35NY_DPG,New York Harbor No. 2 Heating Oil Spot Price FOB (Dollars per Gallon),2.224,$/GAL
2026-02-04,RGC,NA,EPD2DXL0,No 2 Diesel Low Sulfur (0-15 ppm),PF4,Spot Price FOB,EER_EPD2DXL0_PF4_RGC_DPG,U.S. Gulf Coast Ultra-Low Sulfur No 2 Diesel Spot Price (Dollars per Gallon),2.142,$/GAL
2026-02-04,Y05LA,LOS ANGELES,EPD2DC,Carb Diesel,PF4,Spot Price FOB,EER_EPD2DC_PF4_Y05LA_DPG,"Los Angeles, CA Ultra-Low Sulfur CARB Diesel Spot Price (Dollars per Gallon)",2.292,$/GAL
2026-02-03,YCUOK,NA,EPCWTI,WTI Crude Oil,PF4,Spot Price FOB,RWTC,"Cushing, OK WTI Spot Price FOB (Dollars per Barrel)",62.62,$/BBL
2026-02-03,Y35NY,NEW YORK CITY,EPD2F,No 2 Fuel Oil / Heating Oil,PF4,Spot Price FOB,EER_EPD2F_PF4_Y35NY_DPG,New York Harbor No. 2 Heating Oil Spot Price FOB (Dollars per Gallon),2.207,$/GAL
2026-02-03,Y35NY,NEW YORK CITY,EPD2DXL0,No 2 Diesel Low Sulfur (0-15 ppm),PF4,Spot Price FOB,EER_EPD2DXL0_PF4_Y35NY_DPG,New York Harbor Ultra-Low Sulfur No 2 Diesel Spot Price (Dollars per Gallon),2.355,$/GAL
2026-02-03,Y05LA,LOS ANGELES,EPMRR,Reformulated Regular Gasoline,PF4,Spot Price FOB,EER_EPMRR_PF4_Y05LA_DPG,Los Angeles Reformulated RBOB Regular Gasoline Spot Price (Dollars per Gallon),2.5,$/GAL
2026-02-03,RGC,NA,EPD2DXL0,No 2 Diesel Low Sulfur (0-15 ppm),PF4,Spot Price FOB,EER_EPD2DXL0_PF4_RGC_DPG,U.S. Gulf Coast Ultra-Low Sulfur No 2 Diesel Spot Price (Dollars per Gallon),2.157,$/GAL
2026-02-03,RGC,NA,EPJK,Kerosene-Type Jet Fuel,PF4,Spot Price FOB,EER_EPJK_PF4_RGC_DPG,U.S. Gulf Coast Kerosene-Type Jet Fuel Spot Price FOB (Dollars per Gallon),2.15,$/GAL
2026-02-03,ZEU,NA,EPCBRENT,UK Brent Crude Oil,PF4,Spot Price FOB,RBRTE,Europe Brent Spot Price FOB (Dollars per Barrel),70.01,$/BBL
2026-02-03,Y05LA,LOS ANGELES,EPD2DC,Carb Diesel,PF4,Spot Price FOB,EER_EPD2DC_PF4_Y05LA_DPG,"Los Angeles, CA Ultra-Low Sulfur CARB Diesel Spot Price (Dollars per Gallon)",2.275,$/GAL
2026-02-03,Y44MB,NA,EPLLPA,Propane,PF4,Spot Price FOB,EER_EPLLPA_PF4_Y44MB_DPG,"Mont Belvieu, TX Propane Spot Price FOB (Dollars per Gallon)",.628,$/GAL
2026-02-03,RGC,NA,EPMRU,Conventional Regular Gasoline,PF4,Spot Price FOB,EER_EPMRU_PF4_RGC_DPG,U.S. Gulf Coast Conventional Gasoline Regular Spot Price FOB (Dollars per Gallon),2.132,$/GAL
2026-02-03,Y35NY,NEW YORK CITY,EPMRU,Conventional Regular Gasoline,PF4,Spot Price FOB,EER_EPMRU_PF4_Y35NY_DPG,New York Harbor Conventional Gasoline Regular Spot Price FOB (Dollars per Gallon),2.157,$/GAL
2026-02-02,RGC,NA,EPMRU,Conventional Regular Gasoline,PF4,Spot Price FOB,EER_EPMRU_PF4_RGC_DPG,U.S. Gulf Coast Conventional Gasoline Regular Spot Price FOB (Dollars per Gallon),2.076,$/GAL
2026-02-02,Y35NY,NEW YORK CITY,EPD2DXL0,No 2 Diesel Low Sulfur (0-15 ppm),PF4,Spot Price FOB,EER_EPD2DXL0_PF4_Y35NY_DPG,New York Harbor Ultra-Low Sulfur No 2 Diesel Spot Price (Dollars per Gallon),2.287,$/GAL
2026-02-02,YCUOK,NA,EPCWTI,WTI Crude Oil,PF4,Spot Price FOB,RWTC,"Cushing, OK WTI Spot Price FOB (Dollars per Barrel)",61.6,$/BBL
2026-02-02,Y05LA,LOS ANGELES,EPMRR,Reformulated Regular Gasoline,PF4,Spot Price FOB,EER_EPMRR_PF4_Y05LA_DPG,Los Angeles Reformulated RBOB Regular Gasoline Spot Price (Dollars per Gallon),2.446,$/GAL
2026-02-02,Y05LA,LOS ANGELES,EPD2DC,Carb Diesel,PF4,Spot Price FOB,EER_EPD2DC_PF4_Y05LA_DPG,"Los Angeles, CA Ultra-Low Sulfur CARB Diesel Spot Price (Dollars per Gallon)",2.207,$/GAL
2026-02-02,Y44MB,NA,EPLLPA,Propane,PF4,Spot Price FOB,EER_EPLLPA_PF4_Y44MB_DPG,"Mont Belvieu, TX Propane Spot Price FOB (Dollars per Gallon)",.621,$/GAL
2026-02-02,RGC,NA,EPD2DXL0,No 2 Diesel Low Sulfur (0-15 ppm),PF4,Spot Price FOB,EER_EPD2DXL0_PF4_RGC_DPG,U.S. Gulf Coast Ultra-Low Sulfur No 2 Diesel Spot Price (Dollars per Gallon),2.08,$/GAL
2026-02-02,RGC,NA,EPJK,Kerosene-Type Jet Fuel,PF4,Spot Price FOB,EER_EPJK_PF4_RGC_DPG,U.S. Gulf Coast Kerosene-Type Jet Fuel Spot Price FOB (Dollars per Gallon),2.082,$/GAL
2026-02-02,ZEU,NA,EPCBRENT,UK Brent Crude Oil,PF4,Spot Price FOB,RBRTE,Europe Brent Spot Price FOB (Dollars per Barrel),67.72,$/BBL
2026-02-02,Y35NY,NEW YORK CITY,EPMRU,Conventional Regular Gasoline,PF4,Spot Price FOB,EER_EPMRU_PF4_Y35NY_DPG,New York Harbor Conventional Gasoline Regular Spot Price FOB (Dollars per Gallon),2.103,$/GAL
2026-02-02,Y35NY,NEW YORK CITY,EPD2F,No 2 Fuel Oil / Heating Oil,PF4,Spot Price FOB,EER_EPD2F_PF4_Y35NY_DPG,New York Harbor No. 2 Heating Oil Spot Price FOB (Dollars per Gallon),2.14,$/GAL
2026-01-30,RGC,NA,EPD2DXL0,No 2 Diesel Low Sulfur (0-15 ppm),PF4,Spot Price FOB,EER_EPD2DXL0_PF4_RGC_DPG,U.S. Gulf Coast Ultra-Low Sulfur No 2 Diesel Spot Price (Dollars per Gallon),2.274,$/GAL
2026-01-30,YCUOK,NA,EPCWTI,WTI Crude Oil,PF4,Spot Price FOB,RWTC,"Cushing, OK WTI Spot Price FOB (Dollars per Barrel)",64.5,$/BBL
2026-01-30,Y35NY,NEW YORK CITY,EPMRU,Conventional Regular Gasoline,PF4,Spot Price FOB,EER_EPMRU_PF4_Y35NY_DPG,New York Harbor Conventional Gasoline Regular Spot Price FOB (Dollars per Gallon),2.188,$/GAL
2026-01-30,Y05LA,LOS ANGELES,EPMRR,Reformulated Regular Gasoline,PF4,Spot Price FOB,EER_EPMRR_PF4_Y05LA_DPG,Los Angeles Reformulated RBOB Regular Gasoline Spot Price (Dollars per Gallon),2.53,$/GAL
2026-01-30,RGC,NA,EPJK,Kerosene-Type Jet Fuel,PF4,Spot Price FOB,EER_EPJK_PF4_RGC_DPG,U.S. Gulf Coast Kerosene-Type Jet Fuel Spot Price FOB (Dollars per Gallon),2.277,$/GAL
2026-01-30,RGC,NA,EPMRU,Conventional Regular Gasoline,PF4,Spot Price FOB,EER_EPMRU_PF4_RGC_DPG,U.S. Gulf Coast Conventional Gasoline Regular Spot Price FOB (Dollars per Gallon),2.16,$/GAL
2026-01-30,Y35NY,NEW YORK CITY,EPD2DXL0,No 2 Diesel Low Sulfur (0-15 ppm),PF4,Spot Price FOB,EER_EPD2DXL0_PF4_Y35NY_DPG,New York Harbor Ultra-Low Sulfur No 2 Diesel Spot Price (Dollars per Gallon),2.482,$/GAL
2026-01-30,Y44MB,NA,EPLLPA,Propane,PF4,Spot Price FOB,EER_EPLLPA_PF4_Y44MB_DPG,"Mont Belvieu, TX Propane Spot Price FOB (Dollars per Gallon)",.659,$/GAL
2026-01-30,ZEU,NA,EPCBRENT,UK Brent Crude Oil,PF4,Spot Price FOB,RBRTE,Europe Brent Spot Price FOB (Dollars per Barrel),72.25,$/BBL
2026-01-30,Y05LA,LOS ANGELES,EPD2DC,Carb Diesel,PF4,Spot Price FOB,EER_EPD2DC_PF4_Y05LA_DPG,"Los Angeles, CA Ultra-Low Sulfur CARB Diesel Spot Price (Dollars per Gallon)",2.402,$/GAL
2026-01-30,Y35NY,NEW YORK CITY,EPD2F,No 2 Fuel Oil / Heating Oil,PF4,Spot Price FOB,EER_EPD2F_PF4_Y35NY_DPG,New York Harbor No. 2 Heating Oil Spot Price FOB (Dollars per Gallon),2.334,$/GAL
2026-01-29,Y05LA,LOS ANGELES,EPMRR,Reformulated Regular Gasoline,PF4,Spot Price FOB,EER_EPMRR_PF4_Y05LA_DPG,Los Angeles Reformulated RBOB Regular Gasoline Spot Price (Dollars per Gallon),2.519,$/GAL
2026-01-29,Y44MB,NA,EPLLPA,Propane,PF4,Spot Price FOB,EER_EPLLPA_PF4_Y44MB_DPG,"Mont Belvieu, TX Propane Spot Price FOB (Dollars per Gallon)",.661,$/GAL
2026-01-29,Y05LA,LOS ANGELES,EPD2DC,Carb Diesel,PF4,Spot Price FOB,EER_EPD2DC_PF4_Y05LA_DPG,"Los Angeles, CA Ultra-Low Sulfur CARB Diesel Spot Price (Dollars per Gallon)",2.373,$/GAL
2026-01-29,ZEU,NA,EPCBRENT,UK Brent Crude Oil,PF4,Spot Price FOB,RBRTE,Europe Brent Spot Price FOB (Dollars per Barrel),71,$/BBL
2026-01-29,YCUOK,NA,EPCWTI,WTI Crude Oil,PF4,Spot Price FOB,RWTC,"Cushing, OK WTI Spot Price FOB (Dollars per Barrel)",64.77,$/BBL
2026-01-29,RGC,NA,EPD2DXL0,No 2 Diesel Low Sulfur (0-15 ppm),PF4,Spot Price FOB,EER_EPD2DXL0_PF4_RGC_DPG,U.S. Gulf Coast Ultra-Low Sulfur No 2 Diesel Spot Price (Dollars per Gallon),2.27,$/GAL
2026-01-29,Y35NY,NEW YORK CITY,EPD2F,No 2 Fuel Oil / Heating Oil,PF4,Spot Price FOB,EER_EPD2F_PF4_Y35NY_DPG,New York Harbor No. 2 Heating Oil Spot Price FOB (Dollars per Gallon),2.305,$/GAL
2026-01-29,Y35NY,NEW YORK CITY,EPD2DXL0,No 2 Diesel Low Sulfur (0-15 ppm),PF4,Spot Price FOB,EER_EPD2DXL0_PF4_Y35NY_DPG,New York Harbor Ultra-Low Sulfur No 2 Diesel Spot Price (Dollars per Gallon),2.453,$/GAL
2026-01-29,RGC,NA,EPJK,Kerosene-Type Jet Fuel,PF4,Spot Price FOB,EER_EPJK_PF4_RGC_DPG,U.S. Gulf Coast Kerosene-Type Jet Fuel Spot Price FOB (Dollars per Gallon),2.248,$/GAL
2026-01-29,Y35NY,NEW YORK CITY,EPMRU,Conventional Regular Gasoline,PF4,Spot Price FOB,EER_EPMRU_PF4_Y35NY_DPG,New York Harbor Conventional Gasoline Regular Spot Price FOB (Dollars per Gallon),2.166,$/GAL
2026-01-29,RGC,NA,EPMRU,Conventional Regular Gasoline,PF4,Spot Price FOB,EER_EPMRU_PF4_RGC_DPG,U.S. Gulf Coast Conventional Gasoline Regular Spot Price FOB (Dollars per Gallon),2.139,$/GAL
2026-01-28,RGC,NA,EPJK,Kerosene-Type Jet Fuel,PF4,Spot Price FOB,EER_EPJK_PF4_RGC_DPG,U.S. Gulf Coast Kerosene-Type Jet Fuel Spot Price FOB (Dollars per Gallon),2.189,$/GAL
2026-01-28,ZEU,NA,EPCBRENT,UK Brent Crude Oil,PF4,Spot Price FOB,RBRTE,Europe Brent Spot Price FOB (Dollars per Barrel),70.9,$/BBL
2026-01-28,Y05LA,LOS ANGELES,EPD2DC,Carb Diesel,PF4,Spot Price FOB,EER_EPD2DC_PF4_Y05LA_DPG,"Los Angeles, CA Ultra-Low Sulfur CARB Diesel Spot Price (Dollars per Gallon)",2.314,$/GAL
2026-01-28,Y35NY,NEW YORK CITY,EPD2DXL0,No 2 Diesel Low Sulfur (0-15 ppm),PF4,Spot Price FOB,EER_EPD2DXL0_PF4_Y35NY_DPG,New York Harbor Ultra-Low Sulfur No 2 Diesel Spot Price (Dollars per Gallon),2.394,$/GAL
2026-01-28,RGC,NA,EPMRU,Conventional Regular Gasoline,PF4,Spot Price FOB,EER_EPMRU_PF4_RGC_DPG,U.S. Gulf Coast Conventional Gasoline Regular Spot Price FOB (Dollars per Gallon),2.153,$/GAL
2026-01-28,Y05LA,LOS ANGELES,EPMRR,Reformulated Regular Gasoline,PF4,Spot Price FOB,EER_EPMRR_PF4_Y05LA_DPG,Los Angeles Reformulated RBOB Regular Gasoline Spot Price (Dollars per Gallon),2.496,$/GAL
2026-01-28,Y44MB,NA,EPLLPA,Propane,PF4,Spot Price FOB,EER_EPLLPA_PF4_Y44MB_DPG,"Mont Belvieu, TX Propane Spot Price FOB (Dollars per Gallon)",.653,$/GAL
2026-01-28,Y35NY,NEW YORK CITY,EPMRU,Conventional Regular Gasoline,PF4,Spot Price FOB,EER_EPMRU_PF4_Y35NY_DPG,New York Harbor Conventional Gasoline Regular Spot Price FOB (Dollars per Gallon),2.143,$/GAL
2026-01-28,YCUOK,NA,EPCWTI,WTI Crude Oil,PF4,Spot Price FOB,RWTC,"Cushing, OK WTI Spot Price FOB (Dollars per Barrel)",62.75,$/BBL
2026-01-28,RGC,NA,EPD2DXL0,No 2 Diesel Low Sulfur (0-15 ppm),PF4,Spot Price FOB,EER_EPD2DXL0_PF4_RGC_DPG,U.S. Gulf Coast Ultra-Low Sulfur No 2 Diesel Spot Price (Dollars per Gallon),2.231,$/GAL
2026-01-28,Y35NY,NEW YORK CITY,EPD2F,No 2 Fuel Oil / Heating Oil,PF4,Spot Price FOB,EER_EPD2F_PF4_Y35NY_DPG,New York Harbor No. 2 Heating Oil Spot Price FOB (Dollars per Gallon),2.246,$/GAL
2026-01-27,Y05LA,LOS ANGELES,EPD2DC,Carb Diesel,PF4,Spot Price FOB,EER_EPD2DC_PF4_Y05LA_DPG,"Los Angeles, CA Ultra-Low Sulfur CARB Diesel Spot Price (Dollars per Gallon)",2.278,$/GAL
2026-01-27,RGC,NA,EPJK,Kerosene-Type Jet Fuel,PF4,Spot Price FOB,EER_EPJK_PF4_RGC_DPG,U.S. Gulf Coast Kerosene-Type Jet Fuel Spot Price FOB (Dollars per Gallon),2.143,$/GAL
2026-01-27,RGC,NA,EPD2DXL0,No 2 Diesel Low Sulfur (0-15 ppm),PF4,Spot Price FOB,EER_EPD2DXL0_PF4_RGC_DPG,U.S. Gulf Coast Ultra-Low Sulfur No 2 Diesel Spot Price (Dollars per Gallon),2.216,$/GAL
2026-01-27,Y35NY,NEW YORK CITY,EPD2DXL0,No 2 Diesel Low Sulfur (0-15 ppm),PF4,Spot Price FOB,EER_EPD2DXL0_PF4_Y35NY_DPG,New York Harbor Ultra-Low Sulfur No 2 Diesel Spot Price (Dollars per Gallon),2.368,$/GAL
2026-01-27,Y05LA,LOS ANGELES,EPMRR,Reformulated Regular Gasoline,PF4,Spot Price FOB,EER_EPMRR_PF4_Y05LA_DPG,Los Angeles Reformulated RBOB Regular Gasoline Spot Price (Dollars per Gallon),2.446,$/GAL
2026-01-27,YCUOK,NA,EPCWTI,WTI Crude Oil,PF4,Spot Price FOB,RWTC,"Cushing, OK WTI Spot Price FOB (Dollars per Barrel)",62.04,$/BBL
2026-01-27,RGC,NA,EPMRU,Conventional Regular Gasoline,PF4,Spot Price FOB,EER_EPMRU_PF4_RGC_DPG,U.S. Gulf Coast Conventional Gasoline Regular Spot Price FOB (Dollars per Gallon),2.126,$/GAL
2026-01-27,Y35NY,NEW YORK CITY,EPD2F,No 2 Fuel Oil / Heating Oil,PF4,Spot Price FOB,EER_EPD2F_PF4_Y35NY_DPG,New York Harbor No. 2 Heating Oil Spot Price FOB (Dollars per Gallon),2.221,$/GAL
2026-01-27,Y44MB,NA,EPLLPA,Propane,PF4,Spot Price FOB,EER_EPLLPA_PF4_Y44MB_DPG,"Mont Belvieu, TX Propane Spot Price FOB (Dollars per Gallon)",.646,$/GAL
2026-01-27,ZEU,NA,EPCBRENT,UK Brent Crude Oil,PF4,Spot Price FOB,RBRTE,Europe Brent Spot Price FOB (Dollars per Barrel),70.28,$/BBL
2026-01-27,Y35NY,NEW YORK CITY,EPMRU,Conventional Regular Gasoline,PF4,Spot Price FOB,EER_EPMRU_PF4_Y35NY_DPG,New York Harbor Conventional Gasoline Regular Spot Price FOB (Dollars per Gallon),2.114,$/GAL
2026-01-26,Y44MB,NA,EPLLPA,Propane,PF4,Spot Price FOB,EER_EPLLPA_PF4_Y44MB_DPG,"Mont Belvieu, TX Propane Spot Price FOB (Dollars per Gallon)",.643,$/GAL
2026-01-26,ZEU,NA,EPCBRENT,UK Brent Crude Oil,PF4,Spot Price FOB,RBRTE,Europe Brent Spot Price FOB (Dollars per Barrel),67.7,$/BBL
2026-01-26,Y35NY,NEW YORK CITY,EPD2DXL0,No 2 Diesel Low Sulfur (0-15 ppm),PF4,Spot Price FOB,EER_EPD2DXL0_PF4_Y35NY_DPG,New York Harbor Ultra-Low Sulfur No 2 Diesel Spot Price (Dollars per Gallon),2.317,$/GAL
2026-01-26,RGC,NA,EPJK,Kerosene-Type Jet Fuel,PF4,Spot Price FOB,EER_EPJK_PF4_RGC_DPG,U.S. Gulf Coast Kerosene-Type Jet Fuel Spot Price FOB (Dollars per Gallon),2.064,$/GAL
2026-01-26,YCUOK,NA,EPCWTI,WTI Crude Oil,PF4,Spot Price FOB,RWTC,"Cushing, OK WTI Spot Price FOB (Dollars per Barrel)",60.46,$/BBL
2026-01-26,RGC,NA,EPMRU,Conventional Regular Gasoline,PF4,Spot Price FOB,EER_EPMRU_PF4_RGC_DPG,U.S. Gulf Coast Conventional Gasoline Regular Spot Price FOB (Dollars per Gallon),2.08,$/GAL
2026-01-26,Y05LA,LOS ANGELES,EPD2DC,Carb Diesel,PF4,Spot Price FOB,EER_EPD2DC_PF4_Y05LA_DPG,"Los Angeles, CA Ultra-Low Sulfur CARB Diesel Spot Price (Dollars per Gallon)",2.227,$/GAL
2026-01-26,Y05LA,LOS ANGELES,EPMRR,Reformulated Regular Gasoline,PF4,Spot Price FOB,EER_EPMRR_PF4_Y05LA_DPG,Los Angeles Reformulated RBOB Regular Gasoline Spot Price (Dollars per Gallon),2.265,$/GAL
2026-01-26,Y35NY,NEW YORK CITY,EPD2F,No 2 Fuel Oil / Heating Oil,PF4,Spot Price FOB,EER_EPD2F_PF4_Y35NY_DPG,New York Harbor No. 2 Heating Oil Spot Price FOB (Dollars per Gallon),2.169,$/GAL
2026-01-26,Y35NY,NEW YORK CITY,EPMRU,Conventional Regular Gasoline,PF4,Spot Price FOB,EER_EPMRU_PF4_Y35NY_DPG,New York Harbor Conventional Gasoline Regular Spot Price FOB (Dollars per Gallon),2.072,$/GAL
2026-01-26,RGC,NA,EPD2DXL0,No 2 Diesel Low Sulfur (0-15 ppm),PF4,Spot Price FOB,EER_EPD2DXL0_PF4_RGC_DPG,U.S. Gulf Coast Ultra-Low Sulfur No 2 Diesel Spot Price (Dollars per Gallon),2.179,$/GAL
2026-01-23,YCUOK,NA,EPCWTI,WTI Crude Oil,PF4,Spot Price FOB,RWTC,"Cushing, OK WTI Spot Price FOB (Dollars per Barrel)",60.7,$/BBL
2026-01-23,RGC,NA,EPMRU,Conventional Regular Gasoline,PF4,Spot Price FOB,EER_EPMRU_PF4_RGC_DPG,U.S. Gulf Coast Conventional Gasoline Regular Spot Price FOB (Dollars per Gallon),2.112,$/GAL
2026-01-23,Y35NY,NEW YORK CITY,EPD2F,No 2 Fuel Oil / Heating Oil,PF4,Spot Price FOB,EER_EPD2F_PF4_Y35NY_DPG,New York Harbor No. 2 Heating Oil Spot Price FOB (Dollars per Gallon),2.188,$/GAL
2026-01-23,RGC,NA,EPD2DXL0,No 2 Diesel Low Sulfur (0-15 ppm),PF4,Spot Price FOB,EER_EPD2DXL0_PF4_RGC_DPG,U.S. Gulf Coast Ultra-Low Sulfur No 2 Diesel Spot Price (Dollars per Gallon),2.2,$/GAL
2026-01-23,Y44MB,NA,EPLLPA,Propane,PF4,Spot Price FOB,EER_EPLLPA_PF4_Y44MB_DPG,"Mont Belvieu, TX Propane Spot Price FOB (Dollars per Gallon)",.648,$/GAL
2026-01-23,Y35NY,NEW YORK CITY,EPD2DXL0,No 2 Diesel Low Sulfur (0-15 ppm),PF4,Spot Price FOB,EER_EPD2DXL0_PF4_Y35NY_DPG,New York Harbor Ultra-Low Sulfur No 2 Diesel Spot Price (Dollars per Gallon),2.335,$/GAL
2026-01-23,ZEU,NA,EPCBRENT,UK Brent Crude Oil,PF4,Spot Price FOB,RBRTE,Europe Brent Spot Price FOB (Dollars per Barrel),68.16,$/BBL
2026-01-23,Y05LA,LOS ANGELES,EPMRR,Reformulated Regular Gasoline,PF4,Spot Price FOB,EER_EPMRR_PF4_Y05LA_DPG,Los Angeles Reformulated RBOB Regular Gasoline Spot Price (Dollars per Gallon),2.289,$/GAL
2026-01-23,Y05LA,LOS ANGELES,EPD2DC,Carb Diesel,PF4,Spot Price FOB,EER_EPD2DC_PF4_Y05LA_DPG,"Los Angeles, CA Ultra-Low Sulfur CARB Diesel Spot Price (Dollars per Gallon)",2.245,$/GAL
2026-01-23,RGC,NA,EPJK,Kerosene-Type Jet Fuel,PF4,Spot Price FOB,EER_EPJK_PF4_RGC_DPG,U.S. Gulf Coast Kerosene-Type Jet Fuel Spot Price FOB (Dollars per Gallon),2.105,$/GAL
2026-01-23,Y35NY,NEW YORK CITY,EPMRU,Conventional Regular Gasoline,PF4,Spot Price FOB,EER_EPMRU_PF4_Y35NY_DPG,New York Harbor Conventional Gasoline Regular Spot Price FOB (Dollars per Gallon),2.097,$/GAL
2026-01-22,Y05LA,LOS ANGELES,EPD2DC,Carb Diesel,PF4,Spot Price FOB,EER_EPD2DC_PF4_Y05LA_DPG,"Los Angeles, CA Ultra-Low Sulfur CARB Diesel Spot Price (Dollars per Gallon)",2.206,$/GAL
2026-01-22,Y35NY,NEW YORK CITY,EPMRU,Conventional Regular Gasoline,PF4,Spot Price FOB,EER_EPMRU_PF4_Y35NY_DPG,New York Harbor Conventional Gasoline Regular Spot Price FOB (Dollars per Gallon),2.069,$/GAL
2026-01-22,Y35NY,NEW YORK CITY,EPD2F,No 2 Fuel Oil / Heating Oil,PF4,Spot Price FOB,EER_EPD2F_PF4_Y35NY_DPG,New York Harbor No. 2 Heating Oil Spot Price FOB (Dollars per Gallon),2.144,$/GAL
2026-01-22,Y05LA,LOS ANGELES,EPMRR,Reformulated Regular Gasoline,PF4,Spot Price FOB,EER_EPMRR_PF4_Y05LA_DPG,Los Angeles Reformulated RBOB Regular Gasoline Spot Price (Dollars per Gallon),2.267,$/GAL
2026-01-22,RGC,NA,EPMRU,Conventional Regular Gasoline,PF4,Spot Price FOB,EER_EPMRU_PF4_RGC_DPG,U.S. Gulf Coast Conventional Gasoline Regular Spot Price FOB (Dollars per Gallon),2.084,$/GAL
2026-01-22,Y44MB,NA,EPLLPA,Propane,PF4,Spot Price FOB,EER_EPLLPA_PF4_Y44MB_DPG,"Mont Belvieu, TX Propane Spot Price FOB (Dollars per Gallon)",.664,$/GAL
2026-01-22,Y35NY,NEW YORK CITY,EPD2DXL0,No 2 Diesel Low Sulfur (0-15 ppm),PF4,Spot Price FOB,EER_EPD2DXL0_PF4_Y35NY_DPG,New York Harbor Ultra-Low Sulfur No 2 Diesel Spot Price (Dollars per Gallon),2.291,$/GAL
2026-01-22,ZEU,NA,EPCBRENT,UK Brent Crude Oil,PF4,Spot Price FOB,RBRTE,Europe Brent Spot Price FOB (Dollars per Barrel),65.46,$/BBL
2026-01-22,RGC,NA,EPD2DXL0,No 2 Diesel Low Sulfur (0-15 ppm),PF4,Spot Price FOB,EER_EPD2DXL0_PF4_RGC_DPG,U.S. Gulf Coast Ultra-Low Sulfur No 2 Diesel Spot Price (Dollars per Gallon),2.159,$/GAL
2026-01-22,RGC,NA,EPJK,Kerosene-Type Jet Fuel,PF4,Spot Price FOB,EER_EPJK_PF4_RGC_DPG,U.S. Gulf Coast Kerosene-Type Jet Fuel Spot Price FOB (Dollars per Gallon),2.081,$/GAL
2026-01-22,YCUOK,NA,EPCWTI,WTI Crude Oil,PF4,Spot Price FOB,RWTC,"Cushing, OK WTI Spot Price FOB (Dollars per Barrel)",59.24,$/BBL
2026-01-21,Y35NY,NEW YORK CITY,EPD2DXL0,No 2 Diesel Low Sulfur (0-15 ppm),PF4,Spot Price FOB,EER_EPD2DXL0_PF4_Y35NY_DPG,New York Harbor Ultra-Low Sulfur No 2 Diesel Spot Price (Dollars per Gallon),2.334,$/GAL
2026-01-21,Y35NY,NEW YORK CITY,EPD2F,No 2 Fuel Oil / Heating Oil,PF4,Spot Price FOB,EER_EPD2F_PF4_Y35NY_DPG,New York Harbor No. 2 Heating Oil Spot Price FOB (Dollars per Gallon),2.187,$/GAL
2026-01-21,RGC,NA,EPJK,Kerosene-Type Jet Fuel,PF4,Spot Price FOB,EER_EPJK_PF4_RGC_DPG,U.S. Gulf Coast Kerosene-Type Jet Fuel Spot Price FOB (Dollars per Gallon),2.124,$/GAL
2026-01-21,Y44MB,NA,EPLLPA,Propane,PF4,Spot Price FOB,EER_EPLLPA_PF4_Y44MB_DPG,"Mont Belvieu, TX Propane Spot Price FOB (Dollars per Gallon)",.664,$/GAL
2026-01-21,Y35NY,NEW YORK CITY,EPMRU,Conventional Regular Gasoline,PF4,Spot Price FOB,EER_EPMRU_PF4_Y35NY_DPG,New York Harbor Conventional Gasoline Regular Spot Price FOB (Dollars per Gallon),2.106,$/GAL
2026-01-21,RGC,NA,EPMRU,Conventional Regular Gasoline,PF4,Spot Price FOB,EER_EPMRU_PF4_RGC_DPG,U.S. Gulf Coast Conventional Gasoline Regular Spot Price FOB (Dollars per Gallon),2.069,$/GAL
2026-01-21,RGC,NA,EPD2DXL0,No 2 Diesel Low Sulfur (0-15 ppm),PF4,Spot Price FOB,EER_EPD2DXL0_PF4_RGC_DPG,U.S. Gulf Coast Ultra-Low Sulfur No 2 Diesel Spot Price (Dollars per Gallon),2.209,$/GAL
2026-01-21,Y05LA,LOS ANGELES,EPD2DC,Carb Diesel,PF4,Spot Price FOB,EER_EPD2DC_PF4_Y05LA_DPG,"Los Angeles, CA Ultra-Low Sulfur CARB Diesel Spot Price (Dollars per Gallon)",2.249,$/GAL
2026-01-21,YCUOK,NA,EPCWTI,WTI Crude Oil,PF4,Spot Price FOB,RWTC,"Cushing, OK WTI Spot Price FOB (Dollars per Barrel)",60.38,$/BBL
2026-01-21,ZEU,NA,EPCBRENT,UK Brent Crude Oil,PF4,Spot Price FOB,RBRTE,Europe Brent Spot Price FOB (Dollars per Barrel),66.72,$/BBL
2026-01-21,Y05LA,LOS ANGELES,EPMRR,Reformulated Regular Gasoline,PF4,Spot Price FOB,EER_EPMRR_PF4_Y05LA_DPG,Los Angeles Reformulated RBOB Regular Gasoline Spot Price (Dollars per Gallon),2.289,$/GAL
2026-01-20,ZEU,NA,EPCBRENT,UK Brent Crude Oil,PF4,Spot Price FOB,RBRTE,Europe Brent Spot Price FOB (Dollars per Barrel),67.68,$/BBL
2026-01-20,Y44MB,NA,EPLLPA,Propane,PF4,Spot Price FOB,EER_EPLLPA_PF4_Y44MB_DPG,"Mont Belvieu, TX Propane Spot Price FOB (Dollars per Gallon)",.605,$/GAL
2026-01-20,Y05LA,LOS ANGELES,EPD2DC,Carb Diesel,PF4,Spot Price FOB,EER_EPD2DC_PF4_Y05LA_DPG,"Los Angeles, CA Ultra-Low Sulfur CARB Diesel Spot Price (Dollars per Gallon)",2.231,$/GAL
2026-01-20,Y35NY,NEW YORK CITY,EPMRU,Conventional Regular Gasoline,PF4,Spot Price FOB,EER_EPMRU_PF4_Y35NY_DPG,New York Harbor Conventional Gasoline Regular Spot Price FOB (Dollars per Gallon),2.066,$/GAL
2026-01-20,Y05LA,LOS ANGELES,EPMRR,Reformulated Regular Gasoline,PF4,Spot Price FOB,EER_EPMRR_PF4_Y05LA_DPG,Los Angeles Reformulated RBOB Regular Gasoline Spot Price (Dollars per Gallon),2.259,$/GAL
2026-01-20,Y35NY,NEW YORK CITY,EPD2F,No 2 Fuel Oil / Heating Oil,PF4,Spot Price FOB,EER_EPD2F_PF4_Y35NY_DPG,New York Harbor No. 2 Heating Oil Spot Price FOB (Dollars per Gallon),2.133,$/GAL
2026-01-20,RGC,NA,EPMRU,Conventional Regular Gasoline,PF4,Spot Price FOB,EER_EPMRU_PF4_RGC_DPG,U.S. Gulf Coast Conventional Gasoline Regular Spot Price FOB (Dollars per Gallon),2.079,$/GAL
2026-01-20,RGC,NA,EPJK,Kerosene-Type Jet Fuel,PF4,Spot Price FOB,EER_EPJK_PF4_RGC_DPG,U.S. Gulf Coast Kerosene-Type Jet Fuel Spot Price FOB (Dollars per Gallon),2.071,$/GAL
2026-01-20,Y35NY,NEW YORK CITY,EPD2DXL0,No 2 Diesel Low Sulfur (0-15 ppm),PF4,Spot Price FOB,EER_EPD2DXL0_PF4_Y35NY_DPG,New York Harbor Ultra-Low Sulfur No 2 Diesel Spot Price (Dollars per Gallon),2.281,$/GAL
2026-01-20,YCUOK,NA,EPCWTI,WTI Crude Oil,PF4,Spot Price FOB,RWTC,"Cushing, OK WTI Spot Price FOB (Dollars per Barrel)",60.3,$/BBL
2026-01-20,RGC,NA,EPD2DXL0,No 2 Diesel Low Sulfur (0-15 ppm),PF4,Spot Price FOB,EER_EPD2DXL0_PF4_RGC_DPG,U.S. Gulf Coast Ultra-Low Sulfur No 2 Diesel Spot Price (Dollars per Gallon),2.135,$/GAL
2026-01-19,ZEU,NA,EPCBRENT,UK Brent Crude Oil,PF4,Spot Price FOB,RBRTE,Europe Brent Spot Price FOB (Dollars per Barrel),66.91,$/BBL
2026-01-16,Y35NY,NEW YORK CITY,EPD2DXL0,No 2 Diesel Low Sulfur (0-15 ppm),PF4,Spot Price FOB,EER_EPD2DXL0_PF4_Y35NY_DPG,New York Harbor Ultra-Low Sulfur No 2 Diesel Spot Price (Dollars per Gallon),2.239,$/GAL
2026-01-16,Y05LA,LOS ANGELES,EPMRR,Reformulated Regular Gasoline,PF4,Spot Price FOB,EER_EPMRR_PF4_Y05LA_DPG,Los Angeles Reformulated RBOB Regular Gasoline Spot Price (Dollars per Gallon),2.223,$/GAL
2026-01-16,Y44MB,NA,EPLLPA,Propane,PF4,Spot Price FOB,EER_EPLLPA_PF4_Y44MB_DPG,"Mont Belvieu, TX Propane Spot Price FOB (Dollars per Gallon)",.595,$/GAL
2026-01-16,RGC,NA,EPJK,Kerosene-Type Jet Fuel,PF4,Spot Price FOB,EER_EPJK_PF4_RGC_DPG,U.S. Gulf Coast Kerosene-Type Jet Fuel Spot Price FOB (Dollars per Gallon),2.047,$/GAL
2026-01-16,RGC,NA,EPMRU,Conventional Regular Gasoline,PF4,Spot Price FOB,EER_EPMRU_PF4_RGC_DPG,U.S. Gulf Coast Conventional Gasoline Regular Spot Price FOB (Dollars per Gallon),2.028,$/GAL
2026-01-16,ZEU,NA,EPCBRENT,UK Brent Crude Oil,PF4,Spot Price FOB,RBRTE,Europe Brent Spot Price FOB (Dollars per Barrel),66.97,$/BBL
2026-01-16,YCUOK,NA,EPCWTI,WTI Crude Oil,PF4,Spot Price FOB,RWTC,"Cushing, OK WTI Spot Price FOB (Dollars per Barrel)",59.4,$/BBL
2026-01-16,RGC,NA,EPD2DXL0,No 2 Diesel Low Sulfur (0-15 ppm),PF4,Spot Price FOB,EER_EPD2DXL0_PF4_RGC_DPG,U.S. Gulf Coast Ultra-Low Sulfur No 2 Diesel Spot Price (Dollars per Gallon),2.099,$/GAL
2026-01-16,Y05LA,LOS ANGELES,EPD2DC,Carb Diesel,PF4,Spot Price FOB,EER_EPD2DC_PF4_Y05LA_DPG,"Los Angeles, CA Ultra-Low Sulfur CARB Diesel Spot Price (Dollars per Gallon)",2.119,$/GAL
2026-01-16,Y35NY,NEW YORK CITY,EPMRU,Conventional Regular Gasoline,PF4,Spot Price FOB,EER_EPMRU_PF4_Y35NY_DPG,New York Harbor Conventional Gasoline Regular Spot Price FOB (Dollars per Gallon),2.051,$/GAL
2026-01-16,Y35NY,NEW YORK CITY,EPD2F,No 2 Fuel Oil / Heating Oil,PF4,Spot Price FOB,EER_EPD2F_PF4_Y35NY_DPG,New York Harbor No. 2 Heating Oil Spot Price FOB (Dollars per Gallon),2.092,$/GAL
2026-01-15,Y35NY,NEW YORK CITY,EPD2DXL0,No 2 Diesel Low Sulfur (0-15 ppm),PF4,Spot Price FOB,EER_EPD2DXL0_PF4_Y35NY_DPG,New York Harbor Ultra-Low Sulfur No 2 Diesel Spot Price (Dollars per Gallon),2.217,$/GAL
2026-01-15,ZEU,NA,EPCBRENT,UK Brent Crude Oil,PF4,Spot Price FOB,RBRTE,Europe Brent Spot Price FOB (Dollars per Barrel),66.16,$/BBL
2026-01-15,Y44MB,NA,EPLLPA,Propane,PF4,Spot Price FOB,EER_EPLLPA_PF4_Y44MB_DPG,"Mont Belvieu, TX Propane Spot Price FOB (Dollars per Gallon)",.584,$/GAL
2026-01-15,Y05LA,LOS ANGELES,EPMRR,Reformulated Regular Gasoline,PF4,Spot Price FOB,EER_EPMRR_PF4_Y05LA_DPG,Los Angeles Reformulated RBOB Regular Gasoline Spot Price (Dollars per Gallon),2.209,$/GAL
2026-01-15,RGC,NA,EPD2DXL0,No 2 Diesel Low Sulfur (0-15 ppm),PF4,Spot Price FOB,EER_EPD2DXL0_PF4_RGC_DPG,U.S. Gulf Coast Ultra-Low Sulfur No 2 Diesel Spot Price (Dollars per Gallon),2.077,$/GAL
2026-01-15,Y35NY,NEW YORK CITY,EPD2F,No 2 Fuel Oil / Heating Oil,PF4,Spot Price FOB,EER_EPD2F_PF4_Y35NY_DPG,New York Harbor No. 2 Heating Oil Spot Price FOB (Dollars per Gallon),2.069,$/GAL
2026-01-15,RGC,NA,EPMRU,Conventional Regular Gasoline,PF4,Spot Price FOB,EER_EPMRU_PF4_RGC_DPG,U.S. Gulf Coast Conventional Gasoline Regular Spot Price FOB (Dollars per Gallon),2.039,$/GAL
2026-01-15,Y35NY,NEW YORK CITY,EPMRU,Conventional Regular Gasoline,PF4,Spot Price FOB,EER_EPMRU_PF4_Y35NY_DPG,New York Harbor Conventional Gasoline Regular Spot Price FOB (Dollars per Gallon),2.047,$/GAL
2026-01-15,Y05LA,LOS ANGELES,EPD2DC,Carb Diesel,PF4,Spot Price FOB,EER_EPD2DC_PF4_Y05LA_DPG,"Los Angeles, CA Ultra-Low Sulfur CARB Diesel Spot Price (Dollars per Gallon)",2.097,$/GAL
2026-01-15,RGC,NA,EPJK,Kerosene-Type Jet Fuel,PF4,Spot Price FOB,EER_EPJK_PF4_RGC_DPG,U.S. Gulf Coast Kerosene-Type Jet Fuel Spot Price FOB (Dollars per Gallon),2.017,$/GAL
2026-01-15,YCUOK,NA,EPCWTI,WTI Crude Oil,PF4,Spot Price FOB,RWTC,"Cushing, OK WTI Spot Price FOB (Dollars per Barrel)",59.13,$/BBL
2026-01-14,Y35NY,NEW YORK CITY,EPD2DXL0,No 2 Diesel Low Sulfur (0-15 ppm),PF4,Spot Price FOB,EER_EPD2DXL0_PF4_Y35NY_DPG,New York Harbor Ultra-Low Sulfur No 2 Diesel Spot Price (Dollars per Gallon),2.237,$/GAL
2026-01-14,Y05LA,LOS ANGELES,EPD2DC,Carb Diesel,PF4,Spot Price FOB,EER_EPD2DC_PF4_Y05LA_DPG,"Los Angeles, CA Ultra-Low Sulfur CARB Diesel Spot Price (Dollars per Gallon)",2.117,$/GAL
2026-01-14,RGC,NA,EPJK,Kerosene-Type Jet Fuel,PF4,Spot Price FOB,EER_EPJK_PF4_RGC_DPG,U.S. Gulf Coast Kerosene-Type Jet Fuel Spot Price FOB (Dollars per Gallon),2.037,$/GAL
2026-01-14,RGC,NA,EPMRU,Conventional Regular Gasoline,PF4,Spot Price FOB,EER_EPMRU_PF4_RGC_DPG,U.S. Gulf Coast Conventional Gasoline Regular Spot Price FOB (Dollars per Gallon),2.057,$/GAL
2026-01-14,Y44MB,NA,EPLLPA,Propane,PF4,Spot Price FOB,EER_EPLLPA_PF4_Y44MB_DPG,"Mont Belvieu, TX Propane Spot Price FOB (Dollars per Gallon)",.601,$/GAL
2026-01-14,RGC,NA,EPD2DXL0,No 2 Diesel Low Sulfur (0-15 ppm),PF4,Spot Price FOB,EER_EPD2DXL0_PF4_RGC_DPG,U.S. Gulf Coast Ultra-Low Sulfur No 2 Diesel Spot Price (Dollars per Gallon),2.097,$/GAL
2026-01-14,Y35NY,NEW YORK CITY,EPMRU,Conventional Regular Gasoline,PF4,Spot Price FOB,EER_EPMRU_PF4_Y35NY_DPG,New York Harbor Conventional Gasoline Regular Spot Price FOB (Dollars per Gallon),2.064,$/GAL
2026-01-14,ZEU,NA,EPCBRENT,UK Brent Crude Oil,PF4,Spot Price FOB,RBRTE,Europe Brent Spot Price FOB (Dollars per Barrel),68.87,$/BBL
2026-01-14,Y05LA,LOS ANGELES,EPMRR,Reformulated Regular Gasoline,PF4,Spot Price FOB,EER_EPMRR_PF4_Y05LA_DPG,Los Angeles Reformulated RBOB Regular Gasoline Spot Price (Dollars per Gallon),2.232,$/GAL
2026-01-14,Y35NY,NEW YORK CITY,EPD2F,No 2 Fuel Oil / Heating Oil,PF4,Spot Price FOB,EER_EPD2F_PF4_Y35NY_DPG,New York Harbor No. 2 Heating Oil Spot Price FOB (Dollars per Gallon),2.089,$/GAL
2026-01-14,YCUOK,NA,EPCWTI,WTI Crude Oil,PF4,Spot Price FOB,RWTC,"Cushing, OK WTI Spot Price FOB (Dollars per Barrel)",61.84,$/BBL
2026-01-13,ZEU,NA,EPCBRENT,UK Brent Crude Oil,PF4,Spot Price FOB,RBRTE,Europe Brent Spot Price FOB (Dollars per Barrel),67.58,$/BBL
2026-01-13,RGC,NA,EPJK,Kerosene-Type Jet Fuel,PF4,Spot Price FOB,EER_EPJK_PF4_RGC_DPG,U.S. Gulf Coast Kerosene-Type Jet Fuel Spot Price FOB (Dollars per Gallon),2.021,$/GAL
2026-01-13,Y35NY,NEW YORK CITY,EPD2DXL0,No 2 Diesel Low Sulfur (0-15 ppm),PF4,Spot Price FOB,EER_EPD2DXL0_PF4_Y35NY_DPG,New York Harbor Ultra-Low Sulfur No 2 Diesel Spot Price (Dollars per Gallon),2.248,$/GAL
2026-01-13,Y05LA,LOS ANGELES,EPD2DC,Carb Diesel,PF4,Spot Price FOB,EER_EPD2DC_PF4_Y05LA_DPG,"Los Angeles, CA Ultra-Low Sulfur CARB Diesel Spot Price (Dollars per Gallon)",2.123,$/GAL
2026-01-13,Y05LA,LOS ANGELES,EPMRR,Reformulated Regular Gasoline,PF4,Spot Price FOB,EER_EPMRR_PF4_Y05LA_DPG,Los Angeles Reformulated RBOB Regular Gasoline Spot Price (Dollars per Gallon),2.218,$/GAL
2026-01-13,RGC,NA,EPD2DXL0,No 2 Diesel Low Sulfur (0-15 ppm),PF4,Spot Price FOB,EER_EPD2DXL0_PF4_RGC_DPG,U.S. Gulf Coast Ultra-Low Sulfur No 2 Diesel Spot Price (Dollars per Gallon),2.111,$/GAL
2026-01-13,Y35NY,NEW YORK CITY,EPD2F,No 2 Fuel Oil / Heating Oil,PF4,Spot Price FOB,EER_EPD2F_PF4_Y35NY_DPG,New York Harbor No. 2 Heating Oil Spot Price FOB (Dollars per Gallon),2.101,$/GAL
2026-01-13,YCUOK,NA,EPCWTI,WTI Crude Oil,PF4,Spot Price FOB,RWTC,"Cushing, OK WTI Spot Price FOB (Dollars per Barrel)",60.85,$/BBL
2026-01-13,RGC,NA,EPMRU,Conventional Regular Gasoline,PF4,Spot Price FOB,EER_EPMRU_PF4_RGC_DPG,U.S. Gulf Coast Conventional Gasoline Regular Spot Price FOB (Dollars per Gallon),2.058,$/GAL
2026-01-13,Y44MB,NA,EPLLPA,Propane,PF4,Spot Price FOB,EER_EPLLPA_PF4_Y44MB_DPG,"Mont Belvieu, TX Propane Spot Price FOB (Dollars per Gallon)",.606,$/GAL
2026-01-13,Y35NY,NEW YORK CITY,EPMRU,Conventional Regular Gasoline,PF4,Spot Price FOB,EER_EPMRU_PF4_Y35NY_DPG,New York Harbor Conventional Gasoline Regular Spot Price FOB (Dollars per Gallon),2.085,$/GAL
2026-01-12,RGC,NA,EPJK,Kerosene-Type Jet Fuel,PF4,Spot Price FOB,EER_EPJK_PF4_RGC_DPG,U.S. Gulf Coast Kerosene-Type Jet Fuel Spot Price FOB (Dollars per Gallon),1.953,$/GAL
2026-01-12,Y35NY,NEW YORK CITY,EPD2F,No 2 Fuel Oil / Heating Oil,PF4,Spot Price FOB,EER_EPD2F_PF4_Y35NY_DPG,New York Harbor No. 2 Heating Oil Spot Price FOB (Dollars per Gallon),2.033,$/GAL
2026-01-12,RGC,NA,EPMRU,Conventional Regular Gasoline,PF4,Spot Price FOB,EER_EPMRU_PF4_RGC_DPG,U.S. Gulf Coast Conventional Gasoline Regular Spot Price FOB (Dollars per Gallon),2.029,$/GAL
2026-01-12,RGC,NA,EPD2DXL0,No 2 Diesel Low Sulfur (0-15 ppm),PF4,Spot Price FOB,EER_EPD2DXL0_PF4_RGC_DPG,U.S. Gulf Coast Ultra-Low Sulfur No 2 Diesel Spot Price (Dollars per Gallon),2.043,$/GAL
2026-01-12,Y05LA,LOS ANGELES,EPD2DC,Carb Diesel,PF4,Spot Price FOB,EER_EPD2DC_PF4_Y05LA_DPG,"Los Angeles, CA Ultra-Low Sulfur CARB Diesel Spot Price (Dollars per Gallon)",2.056,$/GAL
2026-01-12,Y05LA,LOS ANGELES,EPMRR,Reformulated Regular Gasoline,PF4,Spot Price FOB,EER_EPMRR_PF4_Y05LA_DPG,Los Angeles Reformulated RBOB Regular Gasoline Spot Price (Dollars per Gallon),2.199,$/GAL
2026-01-12,Y44MB,NA,EPLLPA,Propane,PF4,Spot Price FOB,EER_EPLLPA_PF4_Y44MB_DPG,"Mont Belvieu, TX Propane Spot Price FOB (Dollars per Gallon)",.595,$/GAL
2026-01-12,ZEU,NA,EPCBRENT,UK Brent Crude Oil,PF4,Spot Price FOB,RBRTE,Europe Brent Spot Price FOB (Dollars per Barrel),65.4,$/BBL
2026-01-12,Y35NY,NEW YORK CITY,EPD2DXL0,No 2 Diesel Low Sulfur (0-15 ppm),PF4,Spot Price FOB,EER_EPD2DXL0_PF4_Y35NY_DPG,New York Harbor Ultra-Low Sulfur No 2 Diesel Spot Price (Dollars per Gallon),2.181,$/GAL
2026-01-12,YCUOK,NA,EPCWTI,WTI Crude Oil,PF4,Spot Price FOB,RWTC,"Cushing, OK WTI Spot Price FOB (Dollars per Barrel)",59.39,$/BBL
2026-01-12,Y35NY,NEW YORK CITY,EPMRU,Conventional Regular Gasoline,PF4,Spot Price FOB,EER_EPMRU_PF4_Y35NY_DPG,New York Harbor Conventional Gasoline Regular Spot Price FOB (Dollars per Gallon),2.057,$/GAL
2026-01-09,Y44MB,NA,EPLLPA,Propane,PF4,Spot Price FOB,EER_EPLLPA_PF4_Y44MB_DPG,"Mont Belvieu, TX Propane Spot Price FOB (Dollars per Gallon)",.608,$/GAL
2026-01-09,Y05LA,LOS ANGELES,EPD2DC,Carb Diesel,PF4,Spot Price FOB,EER_EPD2DC_PF4_Y05LA_DPG,"Los Angeles, CA Ultra-Low Sulfur CARB Diesel Spot Price (Dollars per Gallon)",2.079,$/GAL
2026-01-09,Y35NY,NEW YORK CITY,EPD2F,No 2 Fuel Oil / Heating Oil,PF4,Spot Price FOB,EER_EPD2F_PF4_Y35NY_DPG,New York Harbor No. 2 Heating Oil Spot Price FOB (Dollars per Gallon),2.006,$/GAL
2026-01-09,Y35NY,NEW YORK CITY,EPD2DXL0,No 2 Diesel Low Sulfur (0-15 ppm),PF4,Spot Price FOB,EER_EPD2DXL0_PF4_Y35NY_DPG,New York Harbor Ultra-Low Sulfur No 2 Diesel Spot Price (Dollars per Gallon),2.154,$/GAL
2026-01-09,ZEU,NA,EPCBRENT,UK Brent Crude Oil,PF4,Spot Price FOB,RBRTE,Europe Brent Spot Price FOB (Dollars per Barrel),65.11,$/BBL
2026-01-09,YCUOK,NA,EPCWTI,WTI Crude Oil,PF4,Spot Price FOB,RWTC,"Cushing, OK WTI Spot Price FOB (Dollars per Barrel)",58.96,$/BBL
2026-01-09,Y05LA,LOS ANGELES,EPMRR,Reformulated Regular Gasoline,PF4,Spot Price FOB,EER_EPMRR_PF4_Y05LA_DPG,Los Angeles Reformulated RBOB Regular Gasoline Spot Price (Dollars per Gallon),2.145,$/GAL
2026-01-09,RGC,NA,EPD2DXL0,No 2 Diesel Low Sulfur (0-15 ppm),PF4,Spot Price FOB,EER_EPD2DXL0_PF4_RGC_DPG,U.S. Gulf Coast Ultra-Low Sulfur No 2 Diesel Spot Price (Dollars per Gallon),2.016,$/GAL
2026-01-09,RGC,NA,EPJK,Kerosene-Type Jet Fuel,PF4,Spot Price FOB,EER_EPJK_PF4_RGC_DPG,U.S. Gulf Coast Kerosene-Type Jet Fuel Spot Price FOB (Dollars per Gallon),1.909,$/GAL
2026-01-09,RGC,NA,EPMRU,Conventional Regular Gasoline,PF4,Spot Price FOB,EER_EPMRU_PF4_RGC_DPG,U.S. Gulf Coast Conventional Gasoline Regular Spot Price FOB (Dollars per Gallon),1.99,$/GAL
2026-01-09,Y35NY,NEW YORK CITY,EPMRU,Conventional Regular Gasoline,PF4,Spot Price FOB,EER_EPMRU_PF4_Y35NY_DPG,New York Harbor Conventional Gasoline Regular Spot Price FOB (Dollars per Gallon),2.032,$/GAL
2026-01-08,Y35NY,NEW YORK CITY,EPMRU,Conventional Regular Gasoline,PF4,Spot Price FOB,EER_EPMRU_PF4_Y35NY_DPG,New York Harbor Conventional Gasoline Regular Spot Price FOB (Dollars per Gallon),2.034,$/GAL
2026-01-08,Y05LA,LOS ANGELES,EPMRR,Reformulated Regular Gasoline,PF4,Spot Price FOB,EER_EPMRR_PF4_Y05LA_DPG,Los Angeles Reformulated RBOB Regular Gasoline Spot Price (Dollars per Gallon),2.126,$/GAL
2026-01-08,Y35NY,NEW YORK CITY,EPD2DXL0,No 2 Diesel Low Sulfur (0-15 ppm),PF4,Spot Price FOB,EER_EPD2DXL0_PF4_Y35NY_DPG,New York Harbor Ultra-Low Sulfur No 2 Diesel Spot Price (Dollars per Gallon),2.167,$/GAL
2026-01-08,YCUOK,NA,EPCWTI,WTI Crude Oil,PF4,Spot Price FOB,RWTC,"Cushing, OK WTI Spot Price FOB (Dollars per Barrel)",57.74,$/BBL
2026-01-08,ZEU,NA,EPCBRENT,UK Brent Crude Oil,PF4,Spot Price FOB,RBRTE,Europe Brent Spot Price FOB (Dollars per Barrel),63.34,$/BBL
2026-01-08,Y44MB,NA,EPLLPA,Propane,PF4,Spot Price FOB,EER_EPLLPA_PF4_Y44MB_DPG,"Mont Belvieu, TX Propane Spot Price FOB (Dollars per Gallon)",.595,$/GAL
2026-01-08,RGC,NA,EPJK,Kerosene-Type Jet Fuel,PF4,Spot Price FOB,EER_EPJK_PF4_RGC_DPG,U.S. Gulf Coast Kerosene-Type Jet Fuel Spot Price FOB (Dollars per Gallon),1.922,$/GAL
2026-01-08,RGC,NA,EPD2DXL0,No 2 Diesel Low Sulfur (0-15 ppm),PF4,Spot Price FOB,EER_EPD2DXL0_PF4_RGC_DPG,U.S. Gulf Coast Ultra-Low Sulfur No 2 Diesel Spot Price (Dollars per Gallon),2.03,$/GAL
2026-01-08,RGC,NA,EPMRU,Conventional Regular Gasoline,PF4,Spot Price FOB,EER_EPMRU_PF4_RGC_DPG,U.S. Gulf Coast Conventional Gasoline Regular Spot Price FOB (Dollars per Gallon),1.991,$/GAL
2026-01-08,Y05LA,LOS ANGELES,EPD2DC,Carb Diesel,PF4,Spot Price FOB,EER_EPD2DC_PF4_Y05LA_DPG,"Los Angeles, CA Ultra-Low Sulfur CARB Diesel Spot Price (Dollars per Gallon)",2.102,$/GAL
2026-01-08,Y35NY,NEW YORK CITY,EPD2F,No 2 Fuel Oil / Heating Oil,PF4,Spot Price FOB,EER_EPD2F_PF4_Y35NY_DPG,New York Harbor No. 2 Heating Oil Spot Price FOB (Dollars per Gallon),2.02,$/GAL
2026-01-07,ZEU,NA,EPCBRENT,UK Brent Crude Oil,PF4,Spot Price FOB,RBRTE,Europe Brent Spot Price FOB (Dollars per Barrel),61.08,$/BBL
2026-01-07,RGC,NA,EPMRU,Conventional Regular Gasoline,PF4,Spot Price FOB,EER_EPMRU_PF4_RGC_DPG,U.S. Gulf Coast Conventional Gasoline Regular Spot Price FOB (Dollars per Gallon),1.944,$/GAL
2026-01-07,Y35NY,NEW YORK CITY,EPMRU,Conventional Regular Gasoline,PF4,Spot Price FOB,EER_EPMRU_PF4_Y35NY_DPG,New York Harbor Conventional Gasoline Regular Spot Price FOB (Dollars per Gallon),1.964,$/GAL
2026-01-07,YCUOK,NA,EPCWTI,WTI Crude Oil,PF4,Spot Price FOB,RWTC,"Cushing, OK WTI Spot Price FOB (Dollars per Barrel)",56.01,$/BBL
2026-01-07,Y35NY,NEW YORK CITY,EPD2DXL0,No 2 Diesel Low Sulfur (0-15 ppm),PF4,Spot Price FOB,EER_EPD2DXL0_PF4_Y35NY_DPG,New York Harbor Ultra-Low Sulfur No 2 Diesel Spot Price (Dollars per Gallon),2.091,$/GAL
2026-01-07,Y44MB,NA,EPLLPA,Propane,PF4,Spot Price FOB,EER_EPLLPA_PF4_Y44MB_DPG,"Mont Belvieu, TX Propane Spot Price FOB (Dollars per Gallon)",.591,$/GAL
2026-01-07,RGC,NA,EPJK,Kerosene-Type Jet Fuel,PF4,Spot Price FOB,EER_EPJK_PF4_RGC_DPG,U.S. Gulf Coast Kerosene-Type Jet Fuel Spot Price FOB (Dollars per Gallon),1.821,$/GAL
2026-01-07,Y05LA,LOS ANGELES,EPD2DC,Carb Diesel,PF4,Spot Price FOB,EER_EPD2DC_PF4_Y05LA_DPG,"Los Angeles, CA Ultra-Low Sulfur CARB Diesel Spot Price (Dollars per Gallon)",2.026,$/GAL
2026-01-07,Y35NY,NEW YORK CITY,EPD2F,No 2 Fuel Oil / Heating Oil,PF4,Spot Price FOB,EER_EPD2F_PF4_Y35NY_DPG,New York Harbor No. 2 Heating Oil Spot Price FOB (Dollars per Gallon),1.944,$/GAL
2026-01-07,Y05LA,LOS ANGELES,EPMRR,Reformulated Regular Gasoline,PF4,Spot Price FOB,EER_EPMRR_PF4_Y05LA_DPG,Los Angeles Reformulated RBOB Regular Gasoline Spot Price (Dollars per Gallon),2.057,$/GAL
2026-01-07,RGC,NA,EPD2DXL0,No 2 Diesel Low Sulfur (0-15 ppm),PF4,Spot Price FOB,EER_EPD2DXL0_PF4_RGC_DPG,U.S. Gulf Coast Ultra-Low Sulfur No 2 Diesel Spot Price (Dollars per Gallon),1.946,$/GAL
2026-01-06,Y35NY,NEW YORK CITY,EPD2F,No 2 Fuel Oil / Heating Oil,PF4,Spot Price FOB,EER_EPD2F_PF4_Y35NY_DPG,New York Harbor No. 2 Heating Oil Spot Price FOB (Dollars per Gallon),1.958,$/GAL
2026-01-06,RGC,NA,EPJK,Kerosene-Type Jet Fuel,PF4,Spot Price FOB,EER_EPJK_PF4_RGC_DPG,U.S. Gulf Coast Kerosene-Type Jet Fuel Spot Price FOB (Dollars per Gallon),1.835,$/GAL
2026-01-06,RGC,NA,EPD2DXL0,No 2 Diesel Low Sulfur (0-15 ppm),PF4,Spot Price FOB,EER_EPD2DXL0_PF4_RGC_DPG,U.S. Gulf Coast Ultra-Low Sulfur No 2 Diesel Spot Price (Dollars per Gallon),1.958,$/GAL
2026-01-06,Y35NY,NEW YORK CITY,EPMRU,Conventional Regular Gasoline,PF4,Spot Price FOB,EER_EPMRU_PF4_Y35NY_DPG,New York Harbor Conventional Gasoline Regular Spot Price FOB (Dollars per Gallon),1.959,$/GAL
2026-01-06,Y44MB,NA,EPLLPA,Propane,PF4,Spot Price FOB,EER_EPLLPA_PF4_Y44MB_DPG,"Mont Belvieu, TX Propane Spot Price FOB (Dollars per Gallon)",.603,$/GAL
2026-01-06,ZEU,NA,EPCBRENT,UK Brent Crude Oil,PF4,Spot Price FOB,RBRTE,Europe Brent Spot Price FOB (Dollars per Barrel),62.1,$/BBL
2026-01-06,Y05LA,LOS ANGELES,EPD2DC,Carb Diesel,PF4,Spot Price FOB,EER_EPD2DC_PF4_Y05LA_DPG,"Los Angeles, CA Ultra-Low Sulfur CARB Diesel Spot Price (Dollars per Gallon)",2.105,$/GAL
2026-01-06,YCUOK,NA,EPCWTI,WTI Crude Oil,PF4,Spot Price FOB,RWTC,"Cushing, OK WTI Spot Price FOB (Dollars per Barrel)",56.97,$/BBL
2026-01-06,Y05LA,LOS ANGELES,EPMRR,Reformulated Regular Gasoline,PF4,Spot Price FOB,EER_EPMRR_PF4_Y05LA_DPG,Los Angeles Reformulated RBOB Regular Gasoline Spot Price (Dollars per Gallon),2.161,$/GAL
2026-01-06,RGC,NA,EPMRU,Conventional Regular Gasoline,PF4,Spot Price FOB,EER_EPMRU_PF4_RGC_DPG,U.S. Gulf Coast Conventional Gasoline Regular Spot Price FOB (Dollars per Gallon),1.939,$/GAL
2026-01-06,Y35NY,NEW YORK CITY,EPD2DXL0,No 2 Diesel Low Sulfur (0-15 ppm),PF4,Spot Price FOB,EER_EPD2DXL0_PF4_Y35NY_DPG,New York Harbor Ultra-Low Sulfur No 2 Diesel Spot Price (Dollars per Gallon),2.105,$/GAL
2026-01-05,Y44MB,NA,EPLLPA,Propane,PF4,Spot Price FOB,EER_EPLLPA_PF4_Y44MB_DPG,"Mont Belvieu, TX Propane Spot Price FOB (Dollars per Gallon)",.593,$/GAL
2026-01-05,Y35NY,NEW YORK CITY,EPD2DXL0,No 2 Diesel Low Sulfur (0-15 ppm),PF4,Spot Price FOB,EER_EPD2DXL0_PF4_Y35NY_DPG,New York Harbor Ultra-Low Sulfur No 2 Diesel Spot Price (Dollars per Gallon),2.15,$/GAL
2026-01-05,RGC,NA,EPJK,Kerosene-Type Jet Fuel,PF4,Spot Price FOB,EER_EPJK_PF4_RGC_DPG,U.S. Gulf Coast Kerosene-Type Jet Fuel Spot Price FOB (Dollars per Gallon),1.88,$/GAL
2026-01-05,Y35NY,NEW YORK CITY,EPMRU,Conventional Regular Gasoline,PF4,Spot Price FOB,EER_EPMRU_PF4_Y35NY_DPG,New York Harbor Conventional Gasoline Regular Spot Price FOB (Dollars per Gallon),1.986,$/GAL
2026-01-05,Y05LA,LOS ANGELES,EPMRR,Reformulated Regular Gasoline,PF4,Spot Price FOB,EER_EPMRR_PF4_Y05LA_DPG,Los Angeles Reformulated RBOB Regular Gasoline Spot Price (Dollars per Gallon),2.238,$/GAL
2026-01-05,YCUOK,NA,EPCWTI,WTI Crude Oil,PF4,Spot Price FOB,RWTC,"Cushing, OK WTI Spot Price FOB (Dollars per Barrel)",58.1,$/BBL
2026-01-05,Y35NY,NEW YORK CITY,EPD2F,No 2 Fuel Oil / Heating Oil,PF4,Spot Price FOB,EER_EPD2F_PF4_Y35NY_DPG,New York Harbor No. 2 Heating Oil Spot Price FOB (Dollars per Gallon),2.003,$/GAL
2026-01-05,RGC,NA,EPD2DXL0,No 2 Diesel Low Sulfur (0-15 ppm),PF4,Spot Price FOB,EER_EPD2DXL0_PF4_RGC_DPG,U.S. Gulf Coast Ultra-Low Sulfur No 2 Diesel Spot Price (Dollars per Gallon),2.003,$/GAL
2026-01-05,ZEU,NA,EPCBRENT,UK Brent Crude Oil,PF4,Spot Price FOB,RBRTE,Europe Brent Spot Price FOB (Dollars per Barrel),63,$/BBL
2026-01-05,RGC,NA,EPMRU,Conventional Regular Gasoline,PF4,Spot Price FOB,EER_EPMRU_PF4_RGC_DPG,U.S. Gulf Coast Conventional Gasoline Regular Spot Price FOB (Dollars per Gallon),1.966,$/GAL
2026-01-05,Y05LA,LOS ANGELES,EPD2DC,Carb Diesel,PF4,Spot Price FOB,EER_EPD2DC_PF4_Y05LA_DPG,"Los Angeles, CA Ultra-Low Sulfur CARB Diesel Spot Price (Dollars per Gallon)",2.15,$/GAL
2026-01-02,ZEU,NA,EPCBRENT,UK Brent Crude Oil,PF4,Spot Price FOB,RBRTE,Europe Brent Spot Price FOB (Dollars per Barrel),61.98,$/BBL
2026-01-02,YCUOK,NA,EPCWTI,WTI Crude Oil,PF4,Spot Price FOB,RWTC,"Cushing, OK WTI Spot Price FOB (Dollars per Barrel)",57.21,$/BBL
2026-01-02,RGC,NA,EPJK,Kerosene-Type Jet Fuel,PF4,Spot Price FOB,EER_EPJK_PF4_RGC_DPG,U.S. Gulf Coast Kerosene-Type Jet Fuel Spot Price FOB (Dollars per Gallon),1.877,$/GAL
2026-01-02,RGC,NA,EPMRU,Conventional Regular Gasoline,PF4,Spot Price FOB,EER_EPMRU_PF4_RGC_DPG,U.S. Gulf Coast Conventional Gasoline Regular Spot Price FOB (Dollars per Gallon),1.953,$/GAL
2026-01-02,RGC,NA,EPD2DXL0,No 2 Diesel Low Sulfur (0-15 ppm),PF4,Spot Price FOB,EER_EPD2DXL0_PF4_RGC_DPG,U.S. Gulf Coast Ultra-Low Sulfur No 2 Diesel Spot Price (Dollars per Gallon),1.965,$/GAL
2026-01-02,Y05LA,LOS ANGELES,EPD2DC,Carb Diesel,PF4,Spot Price FOB,EER_EPD2DC_PF4_Y05LA_DPG,"Los Angeles, CA Ultra-Low Sulfur CARB Diesel Spot Price (Dollars per Gallon)",2.12,$/GAL
2026-01-02,Y35NY,NEW YORK CITY,EPD2F,No 2 Fuel Oil / Heating Oil,PF4,Spot Price FOB,EER_EPD2F_PF4_Y35NY_DPG,New York Harbor No. 2 Heating Oil Spot Price FOB (Dollars per Gallon),1.972,$/GAL
2026-01-02,Y35NY,NEW YORK CITY,EPD2DXL0,No 2 Diesel Low Sulfur (0-15 ppm),PF4,Spot Price FOB,EER_EPD2DXL0_PF4_Y35NY_DPG,New York Harbor Ultra-Low Sulfur No 2 Diesel Spot Price (Dollars per Gallon),2.12,$/GAL
2026-01-02,Y35NY,NEW YORK CITY,EPMRU,Conventional Regular Gasoline,PF4,Spot Price FOB,EER_EPMRU_PF4_Y35NY_DPG,New York Harbor Conventional Gasoline Regular Spot Price FOB (Dollars per Gallon),1.963,$/GAL
2026-01-02,Y05LA,LOS ANGELES,EPMRR,Reformulated Regular Gasoline,PF4,Spot Price FOB,EER_EPMRR_PF4_Y05LA_DPG,Los Angeles Reformulated RBOB Regular Gasoline Spot Price (Dollars per Gallon),2.215,$/GAL
2025-12-31,RGC,NA,EPD2DXL0,No 2 Diesel Low Sulfur (0-15 ppm),PF4,Spot Price FOB,EER_EPD2DXL0_PF4_RGC_DPG,U.S. Gulf Coast Ultra-Low Sulfur No 2 Diesel Spot Price (Dollars per Gallon),1.999,$/GAL
2025-12-31,Y35NY,NEW YORK CITY,EPD2F,No 2 Fuel Oil / Heating Oil,PF4,Spot Price FOB,EER_EPD2F_PF4_Y35NY_DPG,New York Harbor No. 2 Heating Oil Spot Price FOB (Dollars per Gallon),2.006,$/GAL
2025-12-31,YCUOK,NA,EPCWTI,WTI Crude Oil,PF4,Spot Price FOB,RWTC,"Cushing, OK WTI Spot Price FOB (Dollars per Barrel)",57.26,$/BBL
2025-12-31,Y05LA,LOS ANGELES,EPMRR,Reformulated Regular Gasoline,PF4,Spot Price FOB,EER_EPMRR_PF4_Y05LA_DPG,Los Angeles Reformulated RBOB Regular Gasoline Spot Price (Dollars per Gallon),2,$/GAL
2025-12-31,Y44MB,NA,EPLLPA,Propane,PF4,Spot Price FOB,EER_EPLLPA_PF4_Y44MB_DPG,"Mont Belvieu, TX Propane Spot Price FOB (Dollars per Gallon)",.61,$/GAL
2025-12-31,RGC,NA,EPMRU,Conventional Regular Gasoline,PF4,Spot Price FOB,EER_EPMRU_PF4_RGC_DPG,U.S. Gulf Coast Conventional Gasoline Regular Spot Price FOB (Dollars per Gallon),1.737,$/GAL
2025-12-31,Y35NY,NEW YORK CITY,EPD2DXL0,No 2 Diesel Low Sulfur (0-15 ppm),PF4,Spot Price FOB,EER_EPD2DXL0_PF4_Y35NY_DPG,New York Harbor Ultra-Low Sulfur No 2 Diesel Spot Price (Dollars per Gallon),2.154,$/GAL
2025-12-31,ZEU,NA,EPCBRENT,UK Brent Crude Oil,PF4,Spot Price FOB,RBRTE,Europe Brent Spot Price FOB (Dollars per Barrel),61.35,$/BBL
2025-12-31,RGC,NA,EPJK,Kerosene-Type Jet Fuel,PF4,Spot Price FOB,EER_EPJK_PF4_RGC_DPG,U.S. Gulf Coast Kerosene-Type Jet Fuel Spot Price FOB (Dollars per Gallon),1.911,$/GAL
2025-12-31,Y35NY,NEW YORK CITY,EPMRU,Conventional Regular Gasoline,PF4,Spot Price FOB,EER_EPMRU_PF4_Y35NY_DPG,New York Harbor Conventional Gasoline Regular Spot Price FOB (Dollars per Gallon),1.747,$/GAL
2025-12-31,Y05LA,LOS ANGELES,EPD2DC,Carb Diesel,PF4,Spot Price FOB,EER_EPD2DC_PF4_Y05LA_DPG,"Los Angeles, CA Ultra-Low Sulfur CARB Diesel Spot Price (Dollars per Gallon)",2.154,$/GAL
2025-12-30,Y35NY,NEW YORK CITY,EPD2DXL0,No 2 Diesel Low Sulfur (0-15 ppm),PF4,Spot Price FOB,EER_EPD2DXL0_PF4_Y35NY_DPG,New York Harbor Ultra-Low Sulfur No 2 Diesel Spot Price (Dollars per Gallon),2.183,$/GAL
2025-12-30,RGC,NA,EPJK,Kerosene-Type Jet Fuel,PF4,Spot Price FOB,EER_EPJK_PF4_RGC_DPG,U.S. Gulf Coast Kerosene-Type Jet Fuel Spot Price FOB (Dollars per Gallon),1.933,$/GAL
2025-12-30,RGC,NA,EPD2DXL0,No 2 Diesel Low Sulfur (0-15 ppm),PF4,Spot Price FOB,EER_EPD2DXL0_PF4_RGC_DPG,U.S. Gulf Coast Ultra-Low Sulfur No 2 Diesel Spot Price (Dollars per Gallon),2.031,$/GAL
2025-12-30,Y05LA,LOS ANGELES,EPD2DC,Carb Diesel,PF4,Spot Price FOB,EER_EPD2DC_PF4_Y05LA_DPG,"Los Angeles, CA Ultra-Low Sulfur CARB Diesel Spot Price (Dollars per Gallon)",2.133,$/GAL
2025-12-30,Y44MB,NA,EPLLPA,Propane,PF4,Spot Price FOB,EER_EPLLPA_PF4_Y44MB_DPG,"Mont Belvieu, TX Propane Spot Price FOB (Dollars per Gallon)",.61,$/GAL
2025-12-30,Y05LA,LOS ANGELES,EPMRR,Reformulated Regular Gasoline,PF4,Spot Price FOB,EER_EPMRR_PF4_Y05LA_DPG,Los Angeles Reformulated RBOB Regular Gasoline Spot Price (Dollars per Gallon),1.807,$/GAL
2025-12-30,Y35NY,NEW YORK CITY,EPMRU,Conventional Regular Gasoline,PF4,Spot Price FOB,EER_EPMRU_PF4_Y35NY_DPG,New York Harbor Conventional Gasoline Regular Spot Price FOB (Dollars per Gallon),1.765,$/GAL
2025-12-30,Y35NY,NEW YORK CITY,EPD2F,No 2 Fuel Oil / Heating Oil,PF4,Spot Price FOB,EER_EPD2F_PF4_Y35NY_DPG,New York Harbor No. 2 Heating Oil Spot Price FOB (Dollars per Gallon),2.036,$/GAL
2025-12-30,YCUOK,NA,EPCWTI,WTI Crude Oil,PF4,Spot Price FOB,RWTC,"Cushing, OK WTI Spot Price FOB (Dollars per Barrel)",57.79,$/BBL
2025-12-30,RGC,NA,EPMRU,Conventional Regular Gasoline,PF4,Spot Price FOB,EER_EPMRU_PF4_RGC_DPG,U.S. Gulf Coast Conventional Gasoline Regular Spot Price FOB (Dollars per Gallon),1.785,$/GAL
2025-12-30,ZEU,NA,EPCBRENT,UK Brent Crude Oil,PF4,Spot Price FOB,RBRTE,Europe Brent Spot Price FOB (Dollars per Barrel),62.3,$/BBL
2025-12-29,Y35NY,NEW YORK CITY,EPD2DXL0,No 2 Diesel Low Sulfur (0-15 ppm),PF4,Spot Price FOB,EER_EPD2DXL0_PF4_Y35NY_DPG,New York Harbor Ultra-Low Sulfur No 2 Diesel Spot Price (Dollars per Gallon),2.159,$/GAL
2025-12-29,Y35NY,NEW YORK CITY,EPMRU,Conventional Regular Gasoline,PF4,Spot Price FOB,EER_EPMRU_PF4_Y35NY_DPG,New York Harbor Conventional Gasoline Regular Spot Price FOB (Dollars per Gallon),1.754,$/GAL
2025-12-29,RGC,NA,EPD2DXL0,No 2 Diesel Low Sulfur (0-15 ppm),PF4,Spot Price FOB,EER_EPD2DXL0_PF4_RGC_DPG,U.S. Gulf Coast Ultra-Low Sulfur No 2 Diesel Spot Price (Dollars per Gallon),1.999,$/GAL
2025-12-29,YCUOK,NA,EPCWTI,WTI Crude Oil,PF4,Spot Price FOB,RWTC,"Cushing, OK WTI Spot Price FOB (Dollars per Barrel)",57.89,$/BBL
2025-12-29,Y05LA,LOS ANGELES,EPD2DC,Carb Diesel,PF4,Spot Price FOB,EER_EPD2DC_PF4_Y05LA_DPG,"Los Angeles, CA Ultra-Low Sulfur CARB Diesel Spot Price (Dollars per Gallon)",2.109,$/GAL
2025-12-29,RGC,NA,EPJK,Kerosene-Type Jet Fuel,PF4,Spot Price FOB,EER_EPJK_PF4_RGC_DPG,U.S. Gulf Coast Kerosene-Type Jet Fuel Spot Price FOB (Dollars per Gallon),1.909,$/GAL
2025-12-29,Y35NY,NEW YORK CITY,EPD2F,No 2 Fuel Oil / Heating Oil,PF4,Spot Price FOB,EER_EPD2F_PF4_Y35NY_DPG,New York Harbor No. 2 Heating Oil Spot Price FOB (Dollars per Gallon),2.011,$/GAL
2025-12-29,Y05LA,LOS ANGELES,EPMRR,Reformulated Regular Gasoline,PF4,Spot Price FOB,EER_EPMRR_PF4_Y05LA_DPG,Los Angeles Reformulated RBOB Regular Gasoline Spot Price (Dollars per Gallon),1.791,$/GAL
2025-12-29,Y44MB,NA,EPLLPA,Propane,PF4,Spot Price FOB,EER_EPLLPA_PF4_Y44MB_DPG,"Mont Belvieu, TX Propane Spot Price FOB (Dollars per Gallon)",.619,$/GAL
2025-12-29,RGC,NA,EPMRU,Conventional Regular Gasoline,PF4,Spot Price FOB,EER_EPMRU_PF4_RGC_DPG,U.S. Gulf Coast Conventional Gasoline Regular Spot Price FOB (Dollars per Gallon),1.759,$/GAL
2025-12-29,ZEU,NA,EPCBRENT,UK Brent Crude Oil,PF4,Spot Price FOB,RBRTE,Europe Brent Spot Price FOB (Dollars per Barrel),63.1,$/BBL
2025-12-26,RGC,NA,EPJK,Kerosene-Type Jet Fuel,PF4,Spot Price FOB,EER_EPJK_PF4_RGC_DPG,U.S. Gulf Coast Kerosene-Type Jet Fuel Spot Price FOB (Dollars per Gallon),1.892,$/GAL
2025-12-26,Y35NY,NEW YORK CITY,EPD2F,No 2 Fuel Oil / Heating Oil,PF4,Spot Price FOB,EER_EPD2F_PF4_Y35NY_DPG,New York Harbor No. 2 Heating Oil Spot Price FOB (Dollars per Gallon),1.994,$/GAL
2025-12-26,RGC,NA,EPD2DXL0,No 2 Diesel Low Sulfur (0-15 ppm),PF4,Spot Price FOB,EER_EPD2DXL0_PF4_RGC_DPG,U.S. Gulf Coast Ultra-Low Sulfur No 2 Diesel Spot Price (Dollars per Gallon),1.982,$/GAL
2025-12-26,Y35NY,NEW YORK CITY,EPD2DXL0,No 2 Diesel Low Sulfur (0-15 ppm),PF4,Spot Price FOB,EER_EPD2DXL0_PF4_Y35NY_DPG,New York Harbor Ultra-Low Sulfur No 2 Diesel Spot Price (Dollars per Gallon),2.142,$/GAL
2025-12-26,YCUOK,NA,EPCWTI,WTI Crude Oil,PF4,Spot Price FOB,RWTC,"Cushing, OK WTI Spot Price FOB (Dollars per Barrel)",56.6,$/BBL
2025-12-26,Y35NY,NEW YORK CITY,EPMRU,Conventional Regular Gasoline,PF4,Spot Price FOB,EER_EPMRU_PF4_Y35NY_DPG,New York Harbor Conventional Gasoline Regular Spot Price FOB (Dollars per Gallon),1.743,$/GAL
2025-12-26,Y05LA,LOS ANGELES,EPD2DC,Carb Diesel,PF4,Spot Price FOB,EER_EPD2DC_PF4_Y05LA_DPG,"Los Angeles, CA Ultra-Low Sulfur CARB Diesel Spot Price (Dollars per Gallon)",2.092,$/GAL
2025-12-26,Y05LA,LOS ANGELES,EPMRR,Reformulated Regular Gasoline,PF4,Spot Price FOB,EER_EPMRR_PF4_Y05LA_DPG,Los Angeles Reformulated RBOB Regular Gasoline Spot Price (Dollars per Gallon),1.78,$/GAL
2025-12-26,RGC,NA,EPMRU,Conventional Regular Gasoline,PF4,Spot Price FOB,EER_EPMRU_PF4_RGC_DPG,U.S. Gulf Coast Conventional Gasoline Regular Spot Price FOB (Dollars per Gallon),1.748,$/GAL
2025-12-24,YCUOK,NA,EPCWTI,WTI Crude Oil,PF4,Spot Price FOB,RWTC,"Cushing, OK WTI Spot Price FOB (Dollars per Barrel)",58.72,$/BBL
2025-12-24,ZEU,NA,EPCBRENT,UK Brent Crude Oil,PF4,Spot Price FOB,RBRTE,Europe Brent Spot Price FOB (Dollars per Barrel),63.7,$/BBL
2025-12-24,Y05LA,LOS ANGELES,EPMRR,Reformulated Regular Gasoline,PF4,Spot Price FOB,EER_EPMRR_PF4_Y05LA_DPG,Los Angeles Reformulated RBOB Regular Gasoline Spot Price (Dollars per Gallon),1.795,$/GAL
2025-12-24,RGC,NA,EPD2DXL0,No 2 Diesel Low Sulfur (0-15 ppm),PF4,Spot Price FOB,EER_EPD2DXL0_PF4_RGC_DPG,U.S. Gulf Coast Ultra-Low Sulfur No 2 Diesel Spot Price (Dollars per Gallon),2.052,$/GAL
2025-12-24,RGC,NA,EPJK,Kerosene-Type Jet Fuel,PF4,Spot Price FOB,EER_EPJK_PF4_RGC_DPG,U.S. Gulf Coast Kerosene-Type Jet Fuel Spot Price FOB (Dollars per Gallon),1.962,$/GAL
2025-12-24,Y35NY,NEW YORK CITY,EPD2F,No 2 Fuel Oil / Heating Oil,PF4,Spot Price FOB,EER_EPD2F_PF4_Y35NY_DPG,New York Harbor No. 2 Heating Oil Spot Price FOB (Dollars per Gallon),2.065,$/GAL
2025-12-24,Y05LA,LOS ANGELES,EPD2DC,Carb Diesel,PF4,Spot Price FOB,EER_EPD2DC_PF4_Y05LA_DPG,"Los Angeles, CA Ultra-Low Sulfur CARB Diesel Spot Price (Dollars per Gallon)",2.162,$/GAL
2025-12-24,Y35NY,NEW YORK CITY,EPMRU,Conventional Regular Gasoline,PF4,Spot Price FOB,EER_EPMRU_PF4_Y35NY_DPG,New York Harbor Conventional Gasoline Regular Spot Price FOB (Dollars per Gallon),1.758,$/GAL
2025-12-24,RGC,NA,EPMRU,Conventional Regular Gasoline,PF4,Spot Price FOB,EER_EPMRU_PF4_RGC_DPG,U.S. Gulf Coast Conventional Gasoline Regular Spot Price FOB (Dollars per Gallon),1.763,$/GAL
2025-12-24,Y44MB,NA,EPLLPA,Propane,PF4,Spot Price FOB,EER_EPLLPA_PF4_Y44MB_DPG,"Mont Belvieu, TX Propane Spot Price FOB (Dollars per Gallon)",.626,$/GAL
2025-12-24,Y35NY,NEW YORK CITY,EPD2DXL0,No 2 Diesel Low Sulfur (0-15 ppm),PF4,Spot Price FOB,EER_EPD2DXL0_PF4_Y35NY_DPG,New York Harbor Ultra-Low Sulfur No 2 Diesel Spot Price (Dollars per Gallon),2.212,$/GAL
2025-12-23,Y05LA,LOS ANGELES,EPMRR,Reformulated Regular Gasoline,PF4,Spot Price FOB,EER_EPMRR_PF4_Y05LA_DPG,Los Angeles Reformulated RBOB Regular Gasoline Spot Price (Dollars per Gallon),1.829,$/GAL
2025-12-23,Y35NY,NEW YORK CITY,EPMRU,Conventional Regular Gasoline,PF4,Spot Price FOB,EER_EPMRU_PF4_Y35NY_DPG,New York Harbor Conventional Gasoline Regular Spot Price FOB (Dollars per Gallon),1.756,$/GAL
2025-12-23,RGC,NA,EPD2DXL0,No 2 Diesel Low Sulfur (0-15 ppm),PF4,Spot Price FOB,EER_EPD2DXL0_PF4_RGC_DPG,U.S. Gulf Coast Ultra-Low Sulfur No 2 Diesel Spot Price (Dollars per Gallon),2.083,$/GAL
2025-12-23,Y05LA,LOS ANGELES,EPD2DC,Carb Diesel,PF4,Spot Price FOB,EER_EPD2DC_PF4_Y05LA_DPG,"Los Angeles, CA Ultra-Low Sulfur CARB Diesel Spot Price (Dollars per Gallon)",2.15,$/GAL
2025-12-23,YCUOK,NA,EPCWTI,WTI Crude Oil,PF4,Spot Price FOB,RWTC,"Cushing, OK WTI Spot Price FOB (Dollars per Barrel)",58.55,$/BBL
2025-12-23,Y35NY,NEW YORK CITY,EPD2F,No 2 Fuel Oil / Heating Oil,PF4,Spot Price FOB,EER_EPD2F_PF4_Y35NY_DPG,New York Harbor No. 2 Heating Oil Spot Price FOB (Dollars per Gallon),2.098,$/GAL
2025-12-23,RGC,NA,EPJK,Kerosene-Type Jet Fuel,PF4,Spot Price FOB,EER_EPJK_PF4_RGC_DPG,U.S. Gulf Coast Kerosene-Type Jet Fuel Spot Price FOB (Dollars per Gallon),1.995,$/GAL
2025-12-23,Y44MB,NA,EPLLPA,Propane,PF4,Spot Price FOB,EER_EPLLPA_PF4_Y44MB_DPG,"Mont Belvieu, TX Propane Spot Price FOB (Dollars per Gallon)",.624,$/GAL
2025-12-23,ZEU,NA,EPCBRENT,UK Brent Crude Oil,PF4,Spot Price FOB,RBRTE,Europe Brent Spot Price FOB (Dollars per Barrel),63.7,$/BBL
2025-12-23,Y35NY,NEW YORK CITY,EPD2DXL0,No 2 Diesel Low Sulfur (0-15 ppm),PF4,Spot Price FOB,EER_EPD2DXL0_PF4_Y35NY_DPG,New York Harbor Ultra-Low Sulfur No 2 Diesel Spot Price (Dollars per Gallon),2.245,$/GAL
2025-12-23,RGC,NA,EPMRU,Conventional Regular Gasoline,PF4,Spot Price FOB,EER_EPMRU_PF4_RGC_DPG,U.S. Gulf Coast Conventional Gasoline Regular Spot Price FOB (Dollars per Gallon),1.709,$/GAL
2025-12-22,Y35NY,NEW YORK CITY,EPMRU,Conventional Regular Gasoline,PF4,Spot Price FOB,EER_EPMRU_PF4_Y35NY_DPG,New York Harbor Conventional Gasoline Regular Spot Price FOB (Dollars per Gallon),1.75,$/GAL
2025-12-22,RGC,NA,EPMRU,Conventional Regular Gasoline,PF4,Spot Price FOB,EER_EPMRU_PF4_RGC_DPG,U.S. Gulf Coast Conventional Gasoline Regular Spot Price FOB (Dollars per Gallon),1.695,$/GAL
2025-12-22,Y35NY,NEW YORK CITY,EPD2DXL0,No 2 Diesel Low Sulfur (0-15 ppm),PF4,Spot Price FOB,EER_EPD2DXL0_PF4_Y35NY_DPG,New York Harbor Ultra-Low Sulfur No 2 Diesel Spot Price (Dollars per Gallon),2.206,$/GAL
2025-12-22,ZEU,NA,EPCBRENT,UK Brent Crude Oil,PF4,Spot Price FOB,RBRTE,Europe Brent Spot Price FOB (Dollars per Barrel),62.22,$/BBL
2025-12-22,YCUOK,NA,EPCWTI,WTI Crude Oil,PF4,Spot Price FOB,RWTC,"Cushing, OK WTI Spot Price FOB (Dollars per Barrel)",58.18,$/BBL
2025-12-22,Y44MB,NA,EPLLPA,Propane,PF4,Spot Price FOB,EER_EPLLPA_PF4_Y44MB_DPG,"Mont Belvieu, TX Propane Spot Price FOB (Dollars per Gallon)",.623,$/GAL
2025-12-22,Y05LA,LOS ANGELES,EPMRR,Reformulated Regular Gasoline,PF4,Spot Price FOB,EER_EPMRR_PF4_Y05LA_DPG,Los Angeles Reformulated RBOB Regular Gasoline Spot Price (Dollars per Gallon),1.813,$/GAL
2025-12-22,Y05LA,LOS ANGELES,EPD2DC,Carb Diesel,PF4,Spot Price FOB,EER_EPD2DC_PF4_Y05LA_DPG,"Los Angeles, CA Ultra-Low Sulfur CARB Diesel Spot Price (Dollars per Gallon)",2.081,$/GAL
2025-12-22,Y35NY,NEW YORK CITY,EPD2F,No 2 Fuel Oil / Heating Oil,PF4,Spot Price FOB,EER_EPD2F_PF4_Y35NY_DPG,New York Harbor No. 2 Heating Oil Spot Price FOB (Dollars per Gallon),2.059,$/GAL
2025-12-22,RGC,NA,EPD2DXL0,No 2 Diesel Low Sulfur (0-15 ppm),PF4,Spot Price FOB,EER_EPD2DXL0_PF4_RGC_DPG,U.S. Gulf Coast Ultra-Low Sulfur No 2 Diesel Spot Price (Dollars per Gallon),2.049,$/GAL
2025-12-22,RGC,NA,EPJK,Kerosene-Type Jet Fuel,PF4,Spot Price FOB,EER_EPJK_PF4_RGC_DPG,U.S. Gulf Coast Kerosene-Type Jet Fuel Spot Price FOB (Dollars per Gallon),1.949,$/GAL
2025-12-19,Y44MB,NA,EPLLPA,Propane,PF4,Spot Price FOB,EER_EPLLPA_PF4_Y44MB_DPG,"Mont Belvieu, TX Propane Spot Price FOB (Dollars per Gallon)",.623,$/GAL
2025-12-19,ZEU,NA,EPCBRENT,UK Brent Crude Oil,PF4,Spot Price FOB,RBRTE,Europe Brent Spot Price FOB (Dollars per Barrel),61.35,$/BBL
2025-12-19,Y05LA,LOS ANGELES,EPMRR,Reformulated Regular Gasoline,PF4,Spot Price FOB,EER_EPMRR_PF4_Y05LA_DPG,Los Angeles Reformulated RBOB Regular Gasoline Spot Price (Dollars per Gallon),1.762,$/GAL
2025-12-19,RGC,NA,EPJK,Kerosene-Type Jet Fuel,PF4,Spot Price FOB,EER_EPJK_PF4_RGC_DPG,U.S. Gulf Coast Kerosene-Type Jet Fuel Spot Price FOB (Dollars per Gallon),1.853,$/GAL
2025-12-19,RGC,NA,EPMRU,Conventional Regular Gasoline,PF4,Spot Price FOB,EER_EPMRU_PF4_RGC_DPG,U.S. Gulf Coast Conventional Gasoline Regular Spot Price FOB (Dollars per Gallon),1.732,$/GAL
2025-12-19,RGC,NA,EPD2DXL0,No 2 Diesel Low Sulfur (0-15 ppm),PF4,Spot Price FOB,EER_EPD2DXL0_PF4_RGC_DPG,U.S. Gulf Coast Ultra-Low Sulfur No 2 Diesel Spot Price (Dollars per Gallon),1.971,$/GAL
2025-12-19,Y05LA,LOS ANGELES,EPD2DC,Carb Diesel,PF4,Spot Price FOB,EER_EPD2DC_PF4_Y05LA_DPG,"Los Angeles, CA Ultra-Low Sulfur CARB Diesel Spot Price (Dollars per Gallon)",2.061,$/GAL
2025-12-19,YCUOK,NA,EPCWTI,WTI Crude Oil,PF4,Spot Price FOB,RWTC,"Cushing, OK WTI Spot Price FOB (Dollars per Barrel)",56.8,$/BBL
2025-12-19,Y35NY,NEW YORK CITY,EPMRU,Conventional Regular Gasoline,PF4,Spot Price FOB,EER_EPMRU_PF4_Y35NY_DPG,New York Harbor Conventional Gasoline Regular Spot Price FOB (Dollars per Gallon),1.72,$/GAL
2025-12-19,Y35NY,NEW YORK CITY,EPD2DXL0,No 2 Diesel Low Sulfur (0-15 ppm),PF4,Spot Price FOB,EER_EPD2DXL0_PF4_Y35NY_DPG,New York Harbor Ultra-Low Sulfur No 2 Diesel Spot Price (Dollars per Gallon),2.176,$/GAL
2025-12-19,Y35NY,NEW YORK CITY,EPD2F,No 2 Fuel Oil / Heating Oil,PF4,Spot Price FOB,EER_EPD2F_PF4_Y35NY_DPG,New York Harbor No. 2 Heating Oil Spot Price FOB (Dollars per Gallon),2.028,$/GAL
2025-12-18,ZEU,NA,EPCBRENT,UK Brent Crude Oil,PF4,Spot Price FOB,RBRTE,Europe Brent Spot Price FOB (Dollars per Barrel),60.69,$/BBL
2025-12-18,RGC,NA,EPD2DXL0,No 2 Diesel Low Sulfur (0-15 ppm),PF4,Spot Price FOB,EER_EPD2DXL0_PF4_RGC_DPG,U.S. Gulf Coast Ultra-Low Sulfur No 2 Diesel Spot Price (Dollars per Gallon),1.98,$/GAL
2025-12-18,Y05LA,LOS ANGELES,EPMRR,Reformulated Regular Gasoline,PF4,Spot Price FOB,EER_EPMRR_PF4_Y05LA_DPG,Los Angeles Reformulated RBOB Regular Gasoline Spot Price (Dollars per Gallon),1.699,$/GAL
2025-12-18,YCUOK,NA,EPCWTI,WTI Crude Oil,PF4,Spot Price FOB,RWTC,"Cushing, OK WTI Spot Price FOB (Dollars per Barrel)",56.22,$/BBL
2025-12-18,Y35NY,NEW YORK CITY,EPMRU,Conventional Regular Gasoline,PF4,Spot Price FOB,EER_EPMRU_PF4_Y35NY_DPG,New York Harbor Conventional Gasoline Regular Spot Price FOB (Dollars per Gallon),1.706,$/GAL
2025-12-18,Y35NY,NEW YORK CITY,EPD2DXL0,No 2 Diesel Low Sulfur (0-15 ppm),PF4,Spot Price FOB,EER_EPD2DXL0_PF4_Y35NY_DPG,New York Harbor Ultra-Low Sulfur No 2 Diesel Spot Price (Dollars per Gallon),2.183,$/GAL
2025-12-18,Y44MB,NA,EPLLPA,Propane,PF4,Spot Price FOB,EER_EPLLPA_PF4_Y44MB_DPG,"Mont Belvieu, TX Propane Spot Price FOB (Dollars per Gallon)",.614,$/GAL
2025-12-18,Y05LA,LOS ANGELES,EPD2DC,Carb Diesel,PF4,Spot Price FOB,EER_EPD2DC_PF4_Y05LA_DPG,"Los Angeles, CA Ultra-Low Sulfur CARB Diesel Spot Price (Dollars per Gallon)",2.013,$/GAL
2025-12-18,RGC,NA,EPMRU,Conventional Regular Gasoline,PF4,Spot Price FOB,EER_EPMRU_PF4_RGC_DPG,U.S. Gulf Coast Conventional Gasoline Regular Spot Price FOB (Dollars per Gallon),1.684,$/GAL
2025-12-18,Y35NY,NEW YORK CITY,EPD2F,No 2 Fuel Oil / Heating Oil,PF4,Spot Price FOB,EER_EPD2F_PF4_Y35NY_DPG,New York Harbor No. 2 Heating Oil Spot Price FOB (Dollars per Gallon),2.036,$/GAL
2025-12-18,RGC,NA,EPJK,Kerosene-Type Jet Fuel,PF4,Spot Price FOB,EER_EPJK_PF4_RGC_DPG,U.S. Gulf Coast Kerosene-Type Jet Fuel Spot Price FOB (Dollars per Gallon),1.861,$/GAL
2025-12-17,YCUOK,NA,EPCWTI,WTI Crude Oil,PF4,Spot Price FOB,RWTC,"Cushing, OK WTI Spot Price FOB (Dollars per Barrel)",56.07,$/BBL
2025-12-17,RGC,NA,EPD2DXL0,No 2 Diesel Low Sulfur (0-15 ppm),PF4,Spot Price FOB,EER_EPD2DXL0_PF4_RGC_DPG,U.S. Gulf Coast Ultra-Low Sulfur No 2 Diesel Spot Price (Dollars per Gallon),2.022,$/GAL
2025-12-17,RGC,NA,EPJK,Kerosene-Type Jet Fuel,PF4,Spot Price FOB,EER_EPJK_PF4_RGC_DPG,U.S. Gulf Coast Kerosene-Type Jet Fuel Spot Price FOB (Dollars per Gallon),1.915,$/GAL
2025-12-17,Y35NY,NEW YORK CITY,EPD2DXL0,No 2 Diesel Low Sulfur (0-15 ppm),PF4,Spot Price FOB,EER_EPD2DXL0_PF4_Y35NY_DPG,New York Harbor Ultra-Low Sulfur No 2 Diesel Spot Price (Dollars per Gallon),2.225,$/GAL
2025-12-17,Y44MB,NA,EPLLPA,Propane,PF4,Spot Price FOB,EER_EPLLPA_PF4_Y44MB_DPG,"Mont Belvieu, TX Propane Spot Price FOB (Dollars per Gallon)",.616,$/GAL
2025-12-17,Y05LA,LOS ANGELES,EPMRR,Reformulated Regular Gasoline,PF4,Spot Price FOB,EER_EPMRR_PF4_Y05LA_DPG,Los Angeles Reformulated RBOB Regular Gasoline Spot Price (Dollars per Gallon),1.672,$/GAL
2025-12-17,Y05LA,LOS ANGELES,EPD2DC,Carb Diesel,PF4,Spot Price FOB,EER_EPD2DC_PF4_Y05LA_DPG,"Los Angeles, CA Ultra-Low Sulfur CARB Diesel Spot Price (Dollars per Gallon)",2.055,$/GAL
2025-12-17,ZEU,NA,EPCBRENT,UK Brent Crude Oil,PF4,Spot Price FOB,RBRTE,Europe Brent Spot Price FOB (Dollars per Barrel),60.61,$/BBL
2025-12-17,Y35NY,NEW YORK CITY,EPD2F,No 2 Fuel Oil / Heating Oil,PF4,Spot Price FOB,EER_EPD2F_PF4_Y35NY_DPG,New York Harbor No. 2 Heating Oil Spot Price FOB (Dollars per Gallon),2.077,$/GAL
2025-12-17,Y35NY,NEW YORK CITY,EPMRU,Conventional Regular Gasoline,PF4,Spot Price FOB,EER_EPMRU_PF4_Y35NY_DPG,New York Harbor Conventional Gasoline Regular Spot Price FOB (Dollars per Gallon),1.72,$/GAL
2025-12-17,RGC,NA,EPMRU,Conventional Regular Gasoline,PF4,Spot Price FOB,EER_EPMRU_PF4_RGC_DPG,U.S. Gulf Coast Conventional Gasoline Regular Spot Price FOB (Dollars per Gallon),1.678,$/GAL
2025-12-16,Y35NY,NEW YORK CITY,EPD2DXL0,No 2 Diesel Low Sulfur (0-15 ppm),PF4,Spot Price FOB,EER_EPD2DXL0_PF4_Y35NY_DPG,New York Harbor Ultra-Low Sulfur No 2 Diesel Spot Price (Dollars per Gallon),2.179,$/GAL
2025-12-16,Y35NY,NEW YORK CITY,EPD2F,No 2 Fuel Oil / Heating Oil,PF4,Spot Price FOB,EER_EPD2F_PF4_Y35NY_DPG,New York Harbor No. 2 Heating Oil Spot Price FOB (Dollars per Gallon),2.032,$/GAL
2025-12-16,Y35NY,NEW YORK CITY,EPMRU,Conventional Regular Gasoline,PF4,Spot Price FOB,EER_EPMRU_PF4_Y35NY_DPG,New York Harbor Conventional Gasoline Regular Spot Price FOB (Dollars per Gallon),1.689,$/GAL
2025-12-16,RGC,NA,EPMRU,Conventional Regular Gasoline,PF4,Spot Price FOB,EER_EPMRU_PF4_RGC_DPG,U.S. Gulf Coast Conventional Gasoline Regular Spot Price FOB (Dollars per Gallon),1.649,$/GAL
2025-12-16,RGC,NA,EPD2DXL0,No 2 Diesel Low Sulfur (0-15 ppm),PF4,Spot Price FOB,EER_EPD2DXL0_PF4_RGC_DPG,U.S. Gulf Coast Ultra-Low Sulfur No 2 Diesel Spot Price (Dollars per Gallon),1.974,$/GAL
2025-12-16,Y05LA,LOS ANGELES,EPD2DC,Carb Diesel,PF4,Spot Price FOB,EER_EPD2DC_PF4_Y05LA_DPG,"Los Angeles, CA Ultra-Low Sulfur CARB Diesel Spot Price (Dollars per Gallon)",2.009,$/GAL
2025-12-16,RGC,NA,EPJK,Kerosene-Type Jet Fuel,PF4,Spot Price FOB,EER_EPJK_PF4_RGC_DPG,U.S. Gulf Coast Kerosene-Type Jet Fuel Spot Price FOB (Dollars per Gallon),1.867,$/GAL
2025-12-16,Y44MB,NA,EPLLPA,Propane,PF4,Spot Price FOB,EER_EPLLPA_PF4_Y44MB_DPG,"Mont Belvieu, TX Propane Spot Price FOB (Dollars per Gallon)",.62,$/GAL
2025-12-16,ZEU,NA,EPCBRENT,UK Brent Crude Oil,PF4,Spot Price FOB,RBRTE,Europe Brent Spot Price FOB (Dollars per Barrel),59.93,$/BBL
2025-12-16,YCUOK,NA,EPCWTI,WTI Crude Oil,PF4,Spot Price FOB,RWTC,"Cushing, OK WTI Spot Price FOB (Dollars per Barrel)",55.44,$/BBL
2025-12-16,Y05LA,LOS ANGELES,EPMRR,Reformulated Regular Gasoline,PF4,Spot Price FOB,EER_EPMRR_PF4_Y05LA_DPG,Los Angeles Reformulated RBOB Regular Gasoline Spot Price (Dollars per Gallon),1.682,$/GAL
2025-12-15,Y35NY,NEW YORK CITY,EPD2F,No 2 Fuel Oil / Heating Oil,PF4,Spot Price FOB,EER_EPD2F_PF4_Y35NY_DPG,New York Harbor No. 2 Heating Oil Spot Price FOB (Dollars per Gallon),2.081,$/GAL
2025-12-15,RGC,NA,EPD2DXL0,No 2 Diesel Low Sulfur (0-15 ppm),PF4,Spot Price FOB,EER_EPD2DXL0_PF4_RGC_DPG,U.S. Gulf Coast Ultra-Low Sulfur No 2 Diesel Spot Price (Dollars per Gallon),2.024,$/GAL
2025-12-15,YCUOK,NA,EPCWTI,WTI Crude Oil,PF4,Spot Price FOB,RWTC,"Cushing, OK WTI Spot Price FOB (Dollars per Barrel)",56.97,$/BBL
2025-12-15,Y35NY,NEW YORK CITY,EPMRU,Conventional Regular Gasoline,PF4,Spot Price FOB,EER_EPMRU_PF4_Y35NY_DPG,New York Harbor Conventional Gasoline Regular Spot Price FOB (Dollars per Gallon),1.734,$/GAL
2025-12-15,ZEU,NA,EPCBRENT,UK Brent Crude Oil,PF4,Spot Price FOB,RBRTE,Europe Brent Spot Price FOB (Dollars per Barrel),61.55,$/BBL
2025-12-15,Y05LA,LOS ANGELES,EPD2DC,Carb Diesel,PF4,Spot Price FOB,EER_EPD2DC_PF4_Y05LA_DPG,"Los Angeles, CA Ultra-Low Sulfur CARB Diesel Spot Price (Dollars per Gallon)",2.059,$/GAL
2025-12-15,RGC,NA,EPMRU,Conventional Regular Gasoline,PF4,Spot Price FOB,EER_EPMRU_PF4_RGC_DPG,U.S. Gulf Coast Conventional Gasoline Regular Spot Price FOB (Dollars per Gallon),1.694,$/GAL
2025-12-15,RGC,NA,EPJK,Kerosene-Type Jet Fuel,PF4,Spot Price FOB,EER_EPJK_PF4_RGC_DPG,U.S. Gulf Coast Kerosene-Type Jet Fuel Spot Price FOB (Dollars per Gallon),1.916,$/GAL
2025-12-15,Y35NY,NEW YORK CITY,EPD2DXL0,No 2 Diesel Low Sulfur (0-15 ppm),PF4,Spot Price FOB,EER_EPD2DXL0_PF4_Y35NY_DPG,New York Harbor Ultra-Low Sulfur No 2 Diesel Spot Price (Dollars per Gallon),2.229,$/GAL
2025-12-15,Y44MB,NA,EPLLPA,Propane,PF4,Spot Price FOB,EER_EPLLPA_PF4_Y44MB_DPG,"Mont Belvieu, TX Propane Spot Price FOB (Dollars per Gallon)",.634,$/GAL
2025-12-15,Y05LA,LOS ANGELES,EPMRR,Reformulated Regular Gasoline,PF4,Spot Price FOB,EER_EPMRR_PF4_Y05LA_DPG,Los Angeles Reformulated RBOB Regular Gasoline Spot Price (Dollars per Gallon),1.726,$/GAL
2025-12-12,YCUOK,NA,EPCWTI,WTI Crude Oil,PF4,Spot Price FOB,RWTC,"Cushing, OK WTI Spot Price FOB (Dollars per Barrel)",57.61,$/BBL
2025-12-12,Y35NY,NEW YORK CITY,EPD2DXL0,No 2 Diesel Low Sulfur (0-15 ppm),PF4,Spot Price FOB,EER_EPD2DXL0_PF4_Y35NY_DPG,New York Harbor Ultra-Low Sulfur No 2 Diesel Spot Price (Dollars per Gallon),2.252,$/GAL
2025-12-12,Y05LA,LOS ANGELES,EPD2DC,Carb Diesel,PF4,Spot Price FOB,EER_EPD2DC_PF4_Y05LA_DPG,"Los Angeles, CA Ultra-Low Sulfur CARB Diesel Spot Price (Dollars per Gallon)",2.082,$/GAL
2025-12-12,RGC,NA,EPMRU,Conventional Regular Gasoline,PF4,Spot Price FOB,EER_EPMRU_PF4_RGC_DPG,U.S. Gulf Coast Conventional Gasoline Regular Spot Price FOB (Dollars per Gallon),1.721,$/GAL
2025-12-12,Y35NY,NEW YORK CITY,EPD2F,No 2 Fuel Oil / Heating Oil,PF4,Spot Price FOB,EER_EPD2F_PF4_Y35NY_DPG,New York Harbor No. 2 Heating Oil Spot Price FOB (Dollars per Gallon),2.104,$/GAL
2025-12-12,RGC,NA,EPD2DXL0,No 2 Diesel Low Sulfur (0-15 ppm),PF4,Spot Price FOB,EER_EPD2DXL0_PF4_RGC_DPG,U.S. Gulf Coast Ultra-Low Sulfur No 2 Diesel Spot Price (Dollars per Gallon),2.047,$/GAL
2025-12-12,Y05LA,LOS ANGELES,EPMRR,Reformulated Regular Gasoline,PF4,Spot Price FOB,EER_EPMRR_PF4_Y05LA_DPG,Los Angeles Reformulated RBOB Regular Gasoline Spot Price (Dollars per Gallon),1.753,$/GAL
2025-12-12,Y35NY,NEW YORK CITY,EPMRU,Conventional Regular Gasoline,PF4,Spot Price FOB,EER_EPMRU_PF4_Y35NY_DPG,New York Harbor Conventional Gasoline Regular Spot Price FOB (Dollars per Gallon),1.761,$/GAL
2025-12-12,ZEU,NA,EPCBRENT,UK Brent Crude Oil,PF4,Spot Price FOB,RBRTE,Europe Brent Spot Price FOB (Dollars per Barrel),62.11,$/BBL
2025-12-12,RGC,NA,EPJK,Kerosene-Type Jet Fuel,PF4,Spot Price FOB,EER_EPJK_PF4_RGC_DPG,U.S. Gulf Coast Kerosene-Type Jet Fuel Spot Price FOB (Dollars per Gallon),1.939,$/GAL
2025-12-12,Y44MB,NA,EPLLPA,Propane,PF4,Spot Price FOB,EER_EPLLPA_PF4_Y44MB_DPG,"Mont Belvieu, TX Propane Spot Price FOB (Dollars per Gallon)",.643,$/GAL
2025-12-11,YCUOK,NA,EPCWTI,WTI Crude Oil,PF4,Spot Price FOB,RWTC,"Cushing, OK WTI Spot Price FOB (Dollars per Barrel)",57.76,$/BBL
2025-12-11,RGC,NA,EPD2DXL0,No 2 Diesel Low Sulfur (0-15 ppm),PF4,Spot Price FOB,EER_EPD2DXL0_PF4_RGC_DPG,U.S. Gulf Coast Ultra-Low Sulfur No 2 Diesel Spot Price (Dollars per Gallon),2.09,$/GAL
2025-12-11,RGC,NA,EPJK,Kerosene-Type Jet Fuel,PF4,Spot Price FOB,EER_EPJK_PF4_RGC_DPG,U.S. Gulf Coast Kerosene-Type Jet Fuel Spot Price FOB (Dollars per Gallon),1.972,$/GAL
2025-12-11,RGC,NA,EPMRU,Conventional Regular Gasoline,PF4,Spot Price FOB,EER_EPMRU_PF4_RGC_DPG,U.S. Gulf Coast Conventional Gasoline Regular Spot Price FOB (Dollars per Gallon),1.766,$/GAL
2025-12-11,Y35NY,NEW YORK CITY,EPMRU,Conventional Regular Gasoline,PF4,Spot Price FOB,EER_EPMRU_PF4_Y35NY_DPG,New York Harbor Conventional Gasoline Regular Spot Price FOB (Dollars per Gallon),1.774,$/GAL
2025-12-11,Y35NY,NEW YORK CITY,EPD2F,No 2 Fuel Oil / Heating Oil,PF4,Spot Price FOB,EER_EPD2F_PF4_Y35NY_DPG,New York Harbor No. 2 Heating Oil Spot Price FOB (Dollars per Gallon),2.145,$/GAL
2025-12-11,ZEU,NA,EPCBRENT,UK Brent Crude Oil,PF4,Spot Price FOB,RBRTE,Europe Brent Spot Price FOB (Dollars per Barrel),61.87,$/BBL
2025-12-11,Y05LA,LOS ANGELES,EPMRR,Reformulated Regular Gasoline,PF4,Spot Price FOB,EER_EPMRR_PF4_Y05LA_DPG,Los Angeles Reformulated RBOB Regular Gasoline Spot Price (Dollars per Gallon),1.721,$/GAL
2025-12-11,Y44MB,NA,EPLLPA,Propane,PF4,Spot Price FOB,EER_EPLLPA_PF4_Y44MB_DPG,"Mont Belvieu, TX Propane Spot Price FOB (Dollars per Gallon)",.658,$/GAL
2025-12-11,Y35NY,NEW YORK CITY,EPD2DXL0,No 2 Diesel Low Sulfur (0-15 ppm),PF4,Spot Price FOB,EER_EPD2DXL0_PF4_Y35NY_DPG,New York Harbor Ultra-Low Sulfur No 2 Diesel Spot Price (Dollars per Gallon),2.292,$/GAL
2025-12-11,Y05LA,LOS ANGELES,EPD2DC,Carb Diesel,PF4,Spot Price FOB,EER_EPD2DC_PF4_Y05LA_DPG,"Los Angeles, CA Ultra-Low Sulfur CARB Diesel Spot Price (Dollars per Gallon)",2.122,$/GAL
2025-12-10,ZEU,NA,EPCBRENT,UK Brent Crude Oil,PF4,Spot Price FOB,RBRTE,Europe Brent Spot Price FOB (Dollars per Barrel),63.12,$/BBL
2025-12-10,Y35NY,NEW YORK CITY,EPD2DXL0,No 2 Diesel Low Sulfur (0-15 ppm),PF4,Spot Price FOB,EER_EPD2DXL0_PF4_Y35NY_DPG,New York Harbor Ultra-Low Sulfur No 2 Diesel Spot Price (Dollars per Gallon),2.333,$/GAL
2025-12-10,Y05LA,LOS ANGELES,EPD2DC,Carb Diesel,PF4,Spot Price FOB,EER_EPD2DC_PF4_Y05LA_DPG,"Los Angeles, CA Ultra-Low Sulfur CARB Diesel Spot Price (Dollars per Gallon)",2.158,$/GAL
2025-12-10,RGC,NA,EPD2DXL0,No 2 Diesel Low Sulfur (0-15 ppm),PF4,Spot Price FOB,EER_EPD2DXL0_PF4_RGC_DPG,U.S. Gulf Coast Ultra-Low Sulfur No 2 Diesel Spot Price (Dollars per Gallon),2.133,$/GAL
2025-12-10,RGC,NA,EPJK,Kerosene-Type Jet Fuel,PF4,Spot Price FOB,EER_EPJK_PF4_RGC_DPG,U.S. Gulf Coast Kerosene-Type Jet Fuel Spot Price FOB (Dollars per Gallon),2.013,$/GAL
2025-12-10,Y35NY,NEW YORK CITY,EPMRU,Conventional Regular Gasoline,PF4,Spot Price FOB,EER_EPMRU_PF4_Y35NY_DPG,New York Harbor Conventional Gasoline Regular Spot Price FOB (Dollars per Gallon),1.8,$/GAL
2025-12-10,Y05LA,LOS ANGELES,EPMRR,Reformulated Regular Gasoline,PF4,Spot Price FOB,EER_EPMRR_PF4_Y05LA_DPG,Los Angeles Reformulated RBOB Regular Gasoline Spot Price (Dollars per Gallon),1.733,$/GAL
2025-12-10,YCUOK,NA,EPCWTI,WTI Crude Oil,PF4,Spot Price FOB,RWTC,"Cushing, OK WTI Spot Price FOB (Dollars per Barrel)",58.67,$/BBL
2025-12-10,RGC,NA,EPMRU,Conventional Regular Gasoline,PF4,Spot Price FOB,EER_EPMRU_PF4_RGC_DPG,U.S. Gulf Coast Conventional Gasoline Regular Spot Price FOB (Dollars per Gallon),1.798,$/GAL
2025-12-10,Y35NY,NEW YORK CITY,EPD2F,No 2 Fuel Oil / Heating Oil,PF4,Spot Price FOB,EER_EPD2F_PF4_Y35NY_DPG,New York Harbor No. 2 Heating Oil Spot Price FOB (Dollars per Gallon),2.185,$/GAL
2025-12-10,Y44MB,NA,EPLLPA,Propane,PF4,Spot Price FOB,EER_EPLLPA_PF4_Y44MB_DPG,"Mont Belvieu, TX Propane Spot Price FOB (Dollars per Gallon)",.676,$/GAL
2025-12-09,RGC,NA,EPJK,Kerosene-Type Jet Fuel,PF4,Spot Price FOB,EER_EPJK_PF4_RGC_DPG,U.S. Gulf Coast Kerosene-Type Jet Fuel Spot Price FOB (Dollars per Gallon),1.996,$/GAL
2025-12-09,Y35NY,NEW YORK CITY,EPD2DXL0,No 2 Diesel Low Sulfur (0-15 ppm),PF4,Spot Price FOB,EER_EPD2DXL0_PF4_Y35NY_DPG,New York Harbor Ultra-Low Sulfur No 2 Diesel Spot Price (Dollars per Gallon),2.316,$/GAL
2025-12-09,YCUOK,NA,EPCWTI,WTI Crude Oil,PF4,Spot Price FOB,RWTC,"Cushing, OK WTI Spot Price FOB (Dollars per Barrel)",58.4,$/BBL
2025-12-09,Y35NY,NEW YORK CITY,EPD2F,No 2 Fuel Oil / Heating Oil,PF4,Spot Price FOB,EER_EPD2F_PF4_Y35NY_DPG,New York Harbor No. 2 Heating Oil Spot Price FOB (Dollars per Gallon),2.168,$/GAL
2025-12-09,Y05LA,LOS ANGELES,EPMRR,Reformulated Regular Gasoline,PF4,Spot Price FOB,EER_EPMRR_PF4_Y05LA_DPG,Los Angeles Reformulated RBOB Regular Gasoline Spot Price (Dollars per Gallon),1.776,$/GAL
2025-12-09,ZEU,NA,EPCBRENT,UK Brent Crude Oil,PF4,Spot Price FOB,RBRTE,Europe Brent Spot Price FOB (Dollars per Barrel),62.62,$/BBL
2025-12-09,Y44MB,NA,EPLLPA,Propane,PF4,Spot Price FOB,EER_EPLLPA_PF4_Y44MB_DPG,"Mont Belvieu, TX Propane Spot Price FOB (Dollars per Gallon)",.676,$/GAL
2025-12-09,RGC,NA,EPMRU,Conventional Regular Gasoline,PF4,Spot Price FOB,EER_EPMRU_PF4_RGC_DPG,U.S. Gulf Coast Conventional Gasoline Regular Spot Price FOB (Dollars per Gallon),1.801,$/GAL
2025-12-09,Y05LA,LOS ANGELES,EPD2DC,Carb Diesel,PF4,Spot Price FOB,EER_EPD2DC_PF4_Y05LA_DPG,"Los Angeles, CA Ultra-Low Sulfur CARB Diesel Spot Price (Dollars per Gallon)",2.181,$/GAL
2025-12-09,Y35NY,NEW YORK CITY,EPMRU,Conventional Regular Gasoline,PF4,Spot Price FOB,EER_EPMRU_PF4_Y35NY_DPG,New York Harbor Conventional Gasoline Regular Spot Price FOB (Dollars per Gallon),1.803,$/GAL
2025-12-09,RGC,NA,EPD2DXL0,No 2 Diesel Low Sulfur (0-15 ppm),PF4,Spot Price FOB,EER_EPD2DXL0_PF4_RGC_DPG,U.S. Gulf Coast Ultra-Low Sulfur No 2 Diesel Spot Price (Dollars per Gallon),2.116,$/GAL
2025-12-08,RGC,NA,EPJK,Kerosene-Type Jet Fuel,PF4,Spot Price FOB,EER_EPJK_PF4_RGC_DPG,U.S. Gulf Coast Kerosene-Type Jet Fuel Spot Price FOB (Dollars per Gallon),2.028,$/GAL
2025-12-08,Y05LA,LOS ANGELES,EPMRR,Reformulated Regular Gasoline,PF4,Spot Price FOB,EER_EPMRR_PF4_Y05LA_DPG,Los Angeles Reformulated RBOB Regular Gasoline Spot Price (Dollars per Gallon),1.797,$/GAL
2025-12-08,Y35NY,NEW YORK CITY,EPD2F,No 2 Fuel Oil / Heating Oil,PF4,Spot Price FOB,EER_EPD2F_PF4_Y35NY_DPG,New York Harbor No. 2 Heating Oil Spot Price FOB (Dollars per Gallon),2.201,$/GAL
2025-12-08,Y35NY,NEW YORK CITY,EPMRU,Conventional Regular Gasoline,PF4,Spot Price FOB,EER_EPMRU_PF4_Y35NY_DPG,New York Harbor Conventional Gasoline Regular Spot Price FOB (Dollars per Gallon),1.804,$/GAL
2025-12-08,RGC,NA,EPMRU,Conventional Regular Gasoline,PF4,Spot Price FOB,EER_EPMRU_PF4_RGC_DPG,U.S. Gulf Coast Conventional Gasoline Regular Spot Price FOB (Dollars per Gallon),1.802,$/GAL
2025-12-08,RGC,NA,EPD2DXL0,No 2 Diesel Low Sulfur (0-15 ppm),PF4,Spot Price FOB,EER_EPD2DXL0_PF4_RGC_DPG,U.S. Gulf Coast Ultra-Low Sulfur No 2 Diesel Spot Price (Dollars per Gallon),2.155,$/GAL
2025-12-08,ZEU,NA,EPCBRENT,UK Brent Crude Oil,PF4,Spot Price FOB,RBRTE,Europe Brent Spot Price FOB (Dollars per Barrel),63.3,$/BBL
2025-12-08,Y44MB,NA,EPLLPA,Propane,PF4,Spot Price FOB,EER_EPLLPA_PF4_Y44MB_DPG,"Mont Belvieu, TX Propane Spot Price FOB (Dollars per Gallon)",.691,$/GAL
2025-12-08,Y35NY,NEW YORK CITY,EPD2DXL0,No 2 Diesel Low Sulfur (0-15 ppm),PF4,Spot Price FOB,EER_EPD2DXL0_PF4_Y35NY_DPG,New York Harbor Ultra-Low Sulfur No 2 Diesel Spot Price (Dollars per Gallon),2.348,$/GAL
2025-12-08,YCUOK,NA,EPCWTI,WTI Crude Oil,PF4,Spot Price FOB,RWTC,"Cushing, OK WTI Spot Price FOB (Dollars per Barrel)",59.04,$/BBL
2025-12-08,Y05LA,LOS ANGELES,EPD2DC,Carb Diesel,PF4,Spot Price FOB,EER_EPD2DC_PF4_Y05LA_DPG,"Los Angeles, CA Ultra-Low Sulfur CARB Diesel Spot Price (Dollars per Gallon)",2.218,$/GAL
2025-12-05,Y05LA,LOS ANGELES,EPD2DC,Carb Diesel,PF4,Spot Price FOB,EER_EPD2DC_PF4_Y05LA_DPG,"Los Angeles, CA Ultra-Low Sulfur CARB Diesel Spot Price (Dollars per Gallon)",2.288,$/GAL
2025-12-05,Y44MB,NA,EPLLPA,Propane,PF4,Spot Price FOB,EER_EPLLPA_PF4_Y44MB_DPG,"Mont Belvieu, TX Propane Spot Price FOB (Dollars per Gallon)",.691,$/GAL
2025-12-05,Y35NY,NEW YORK CITY,EPMRU,Conventional Regular Gasoline,PF4,Spot Price FOB,EER_EPMRU_PF4_Y35NY_DPG,New York Harbor Conventional Gasoline Regular Spot Price FOB (Dollars per Gallon),1.844,$/GAL
2025-12-05,YCUOK,NA,EPCWTI,WTI Crude Oil,PF4,Spot Price FOB,RWTC,"Cushing, OK WTI Spot Price FOB (Dollars per Barrel)",60.23,$/BBL
2025-12-05,Y35NY,NEW YORK CITY,EPD2DXL0,No 2 Diesel Low Sulfur (0-15 ppm),PF4,Spot Price FOB,EER_EPD2DXL0_PF4_Y35NY_DPG,New York Harbor Ultra-Low Sulfur No 2 Diesel Spot Price (Dollars per Gallon),2.418,$/GAL
2025-12-05,RGC,NA,EPD2DXL0,No 2 Diesel Low Sulfur (0-15 ppm),PF4,Spot Price FOB,EER_EPD2DXL0_PF4_RGC_DPG,U.S. Gulf Coast Ultra-Low Sulfur No 2 Diesel Spot Price (Dollars per Gallon),2.21,$/GAL
2025-12-05,Y35NY,NEW YORK CITY,EPD2F,No 2 Fuel Oil / Heating Oil,PF4,Spot Price FOB,EER_EPD2F_PF4_Y35NY_DPG,New York Harbor No. 2 Heating Oil Spot Price FOB (Dollars per Gallon),2.27,$/GAL
2025-12-05,RGC,NA,EPMRU,Conventional Regular Gasoline,PF4,Spot Price FOB,EER_EPMRU_PF4_RGC_DPG,U.S. Gulf Coast Conventional Gasoline Regular Spot Price FOB (Dollars per Gallon),1.854,$/GAL
2025-12-05,Y05LA,LOS ANGELES,EPMRR,Reformulated Regular Gasoline,PF4,Spot Price FOB,EER_EPMRR_PF4_Y05LA_DPG,Los Angeles Reformulated RBOB Regular Gasoline Spot Price (Dollars per Gallon),1.836,$/GAL
2025-12-05,RGC,NA,EPJK,Kerosene-Type Jet Fuel,PF4,Spot Price FOB,EER_EPJK_PF4_RGC_DPG,U.S. Gulf Coast Kerosene-Type Jet Fuel Spot Price FOB (Dollars per Gallon),2.098,$/GAL
2025-12-05,ZEU,NA,EPCBRENT,UK Brent Crude Oil,PF4,Spot Price FOB,RBRTE,Europe Brent Spot Price FOB (Dollars per Barrel),64.42,$/BBL
2025-12-04,Y05LA,LOS ANGELES,EPMRR,Reformulated Regular Gasoline,PF4,Spot Price FOB,EER_EPMRR_PF4_Y05LA_DPG,Los Angeles Reformulated RBOB Regular Gasoline Spot Price (Dollars per Gallon),1.832,$/GAL
2025-12-04,Y35NY,NEW YORK CITY,EPD2DXL0,No 2 Diesel Low Sulfur (0-15 ppm),PF4,Spot Price FOB,EER_EPD2DXL0_PF4_Y35NY_DPG,New York Harbor Ultra-Low Sulfur No 2 Diesel Spot Price (Dollars per Gallon),2.37,$/GAL
2025-12-04,RGC,NA,EPD2DXL0,No 2 Diesel Low Sulfur (0-15 ppm),PF4,Spot Price FOB,EER_EPD2DXL0_PF4_RGC_DPG,U.S. Gulf Coast Ultra-Low Sulfur No 2 Diesel Spot Price (Dollars per Gallon),2.167,$/GAL
2025-12-04,Y05LA,LOS ANGELES,EPD2DC,Carb Diesel,PF4,Spot Price FOB,EER_EPD2DC_PF4_Y05LA_DPG,"Los Angeles, CA Ultra-Low Sulfur CARB Diesel Spot Price (Dollars per Gallon)",2.265,$/GAL
2025-12-04,Y35NY,NEW YORK CITY,EPD2F,No 2 Fuel Oil / Heating Oil,PF4,Spot Price FOB,EER_EPD2F_PF4_Y35NY_DPG,New York Harbor No. 2 Heating Oil Spot Price FOB (Dollars per Gallon),2.222,$/GAL
2025-12-04,YCUOK,NA,EPCWTI,WTI Crude Oil,PF4,Spot Price FOB,RWTC,"Cushing, OK WTI Spot Price FOB (Dollars per Barrel)",59.82,$/BBL
2025-12-04,RGC,NA,EPMRU,Conventional Regular Gasoline,PF4,Spot Price FOB,EER_EPMRU_PF4_RGC_DPG,U.S. Gulf Coast Conventional Gasoline Regular Spot Price FOB (Dollars per Gallon),1.81,$/GAL
2025-12-04,RGC,NA,EPJK,Kerosene-Type Jet Fuel,PF4,Spot Price FOB,EER_EPJK_PF4_RGC_DPG,U.S. Gulf Coast Kerosene-Type Jet Fuel Spot Price FOB (Dollars per Gallon),2.05,$/GAL
2025-12-04,ZEU,NA,EPCBRENT,UK Brent Crude Oil,PF4,Spot Price FOB,RBRTE,Europe Brent Spot Price FOB (Dollars per Barrel),64.15,$/BBL
2025-12-04,Y35NY,NEW YORK CITY,EPMRU,Conventional Regular Gasoline,PF4,Spot Price FOB,EER_EPMRU_PF4_Y35NY_DPG,New York Harbor Conventional Gasoline Regular Spot Price FOB (Dollars per Gallon),1.84,$/GAL
2025-12-04,Y44MB,NA,EPLLPA,Propane,PF4,Spot Price FOB,EER_EPLLPA_PF4_Y44MB_DPG,"Mont Belvieu, TX Propane Spot Price FOB (Dollars per Gallon)",.679,$/GAL
2025-12-03,RGC,NA,EPJK,Kerosene-Type Jet Fuel,PF4,Spot Price FOB,EER_EPJK_PF4_RGC_DPG,U.S. Gulf Coast Kerosene-Type Jet Fuel Spot Price FOB (Dollars per Gallon),2.03,$/GAL
2025-12-03,Y35NY,NEW YORK CITY,EPMRU,Conventional Regular Gasoline,PF4,Spot Price FOB,EER_EPMRU_PF4_Y35NY_DPG,New York Harbor Conventional Gasoline Regular Spot Price FOB (Dollars per Gallon),1.837,$/GAL
2025-12-03,RGC,NA,EPD2DXL0,No 2 Diesel Low Sulfur (0-15 ppm),PF4,Spot Price FOB,EER_EPD2DXL0_PF4_RGC_DPG,U.S. Gulf Coast Ultra-Low Sulfur No 2 Diesel Spot Price (Dollars per Gallon),2.14,$/GAL
2025-12-03,RGC,NA,EPMRU,Conventional Regular Gasoline,PF4,Spot Price FOB,EER_EPMRU_PF4_RGC_DPG,U.S. Gulf Coast Conventional Gasoline Regular Spot Price FOB (Dollars per Gallon),1.804,$/GAL
2025-12-03,Y05LA,LOS ANGELES,EPMRR,Reformulated Regular Gasoline,PF4,Spot Price FOB,EER_EPMRR_PF4_Y05LA_DPG,Los Angeles Reformulated RBOB Regular Gasoline Spot Price (Dollars per Gallon),1.829,$/GAL
2025-12-03,Y35NY,NEW YORK CITY,EPD2DXL0,No 2 Diesel Low Sulfur (0-15 ppm),PF4,Spot Price FOB,EER_EPD2DXL0_PF4_Y35NY_DPG,New York Harbor Ultra-Low Sulfur No 2 Diesel Spot Price (Dollars per Gallon),2.35,$/GAL
2025-12-03,ZEU,NA,EPCBRENT,UK Brent Crude Oil,PF4,Spot Price FOB,RBRTE,Europe Brent Spot Price FOB (Dollars per Barrel),63.75,$/BBL
2025-12-03,YCUOK,NA,EPCWTI,WTI Crude Oil,PF4,Spot Price FOB,RWTC,"Cushing, OK WTI Spot Price FOB (Dollars per Barrel)",59.09,$/BBL
2025-12-03,Y44MB,NA,EPLLPA,Propane,PF4,Spot Price FOB,EER_EPLLPA_PF4_Y44MB_DPG,"Mont Belvieu, TX Propane Spot Price FOB (Dollars per Gallon)",.681,$/GAL
2025-12-03,Y05LA,LOS ANGELES,EPD2DC,Carb Diesel,PF4,Spot Price FOB,EER_EPD2DC_PF4_Y05LA_DPG,"Los Angeles, CA Ultra-Low Sulfur CARB Diesel Spot Price (Dollars per Gallon)",2.245,$/GAL
2025-12-03,Y35NY,NEW YORK CITY,EPD2F,No 2 Fuel Oil / Heating Oil,PF4,Spot Price FOB,EER_EPD2F_PF4_Y35NY_DPG,New York Harbor No. 2 Heating Oil Spot Price FOB (Dollars per Gallon),2.202,$/GAL
2025-12-02,RGC,NA,EPD2DXL0,No 2 Diesel Low Sulfur (0-15 ppm),PF4,Spot Price FOB,EER_EPD2DXL0_PF4_RGC_DPG,U.S. Gulf Coast Ultra-Low Sulfur No 2 Diesel Spot Price (Dollars per Gallon),2.143,$/GAL
2025-12-02,ZEU,NA,EPCBRENT,UK Brent Crude Oil,PF4,Spot Price FOB,RBRTE,Europe Brent Spot Price FOB (Dollars per Barrel),63.37,$/BBL
2025-12-02,Y44MB,NA,EPLLPA,Propane,PF4,Spot Price FOB,EER_EPLLPA_PF4_Y44MB_DPG,"Mont Belvieu, TX Propane Spot Price FOB (Dollars per Gallon)",.666,$/GAL
2025-12-02,Y05LA,LOS ANGELES,EPD2DC,Carb Diesel,PF4,Spot Price FOB,EER_EPD2DC_PF4_Y05LA_DPG,"Los Angeles, CA Ultra-Low Sulfur CARB Diesel Spot Price (Dollars per Gallon)",2.286,$/GAL
2025-12-02,RGC,NA,EPJK,Kerosene-Type Jet Fuel,PF4,Spot Price FOB,EER_EPJK_PF4_RGC_DPG,U.S. Gulf Coast Kerosene-Type Jet Fuel Spot Price FOB (Dollars per Gallon),2.051,$/GAL
2025-12-02,Y35NY,NEW YORK CITY,EPD2F,No 2 Fuel Oil / Heating Oil,PF4,Spot Price FOB,EER_EPD2F_PF4_Y35NY_DPG,New York Harbor No. 2 Heating Oil Spot Price FOB (Dollars per Gallon),2.208,$/GAL
2025-12-02,Y35NY,NEW YORK CITY,EPD2DXL0,No 2 Diesel Low Sulfur (0-15 ppm),PF4,Spot Price FOB,EER_EPD2DXL0_PF4_Y35NY_DPG,New York Harbor Ultra-Low Sulfur No 2 Diesel Spot Price (Dollars per Gallon),2.356,$/GAL
2025-12-02,YCUOK,NA,EPCWTI,WTI Crude Oil,PF4,Spot Price FOB,RWTC,"Cushing, OK WTI Spot Price FOB (Dollars per Barrel)",58.81,$/BBL
2025-12-02,Y35NY,NEW YORK CITY,EPMRU,Conventional Regular Gasoline,PF4,Spot Price FOB,EER_EPMRU_PF4_Y35NY_DPG,New York Harbor Conventional Gasoline Regular Spot Price FOB (Dollars per Gallon),1.837,$/GAL
2025-12-02,RGC,NA,EPMRU,Conventional Regular Gasoline,PF4,Spot Price FOB,EER_EPMRU_PF4_RGC_DPG,U.S. Gulf Coast Conventional Gasoline Regular Spot Price FOB (Dollars per Gallon),1.857,$/GAL
2025-12-02,Y05LA,LOS ANGELES,EPMRR,Reformulated Regular Gasoline,PF4,Spot Price FOB,EER_EPMRR_PF4_Y05LA_DPG,Los Angeles Reformulated RBOB Regular Gasoline Spot Price (Dollars per Gallon),1.89,$/GAL
2025-12-01,Y35NY,NEW YORK CITY,EPD2DXL0,No 2 Diesel Low Sulfur (0-15 ppm),PF4,Spot Price FOB,EER_EPD2DXL0_PF4_Y35NY_DPG,New York Harbor Ultra-Low Sulfur No 2 Diesel Spot Price (Dollars per Gallon),2.394,$/GAL
2025-12-01,Y35NY,NEW YORK CITY,EPMRU,Conventional Regular Gasoline,PF4,Spot Price FOB,EER_EPMRU_PF4_Y35NY_DPG,New York Harbor Conventional Gasoline Regular Spot Price FOB (Dollars per Gallon),1.878,$/GAL
2025-12-01,Y44MB,NA,EPLLPA,Propane,PF4,Spot Price FOB,EER_EPLLPA_PF4_Y44MB_DPG,"Mont Belvieu, TX Propane Spot Price FOB (Dollars per Gallon)",.68,$/GAL
2025-12-01,YCUOK,NA,EPCWTI,WTI Crude Oil,PF4,Spot Price FOB,RWTC,"Cushing, OK WTI Spot Price FOB (Dollars per Barrel)",59.47,$/BBL
2025-12-01,Y35NY,NEW YORK CITY,EPD2F,No 2 Fuel Oil / Heating Oil,PF4,Spot Price FOB,EER_EPD2F_PF4_Y35NY_DPG,New York Harbor No. 2 Heating Oil Spot Price FOB (Dollars per Gallon),2.246,$/GAL
2025-12-01,RGC,NA,EPD2DXL0,No 2 Diesel Low Sulfur (0-15 ppm),PF4,Spot Price FOB,EER_EPD2DXL0_PF4_RGC_DPG,U.S. Gulf Coast Ultra-Low Sulfur No 2 Diesel Spot Price (Dollars per Gallon),2.219,$/GAL
2025-12-01,RGC,NA,EPMRU,Conventional Regular Gasoline,PF4,Spot Price FOB,EER_EPMRU_PF4_RGC_DPG,U.S. Gulf Coast Conventional Gasoline Regular Spot Price FOB (Dollars per Gallon),1.858,$/GAL
2025-12-01,RGC,NA,EPJK,Kerosene-Type Jet Fuel,PF4,Spot Price FOB,EER_EPJK_PF4_RGC_DPG,U.S. Gulf Coast Kerosene-Type Jet Fuel Spot Price FOB (Dollars per Gallon),2.089,$/GAL
2025-12-01,ZEU,NA,EPCBRENT,UK Brent Crude Oil,PF4,Spot Price FOB,RBRTE,Europe Brent Spot Price FOB (Dollars per Barrel),64.22,$/BBL
2025-12-01,Y05LA,LOS ANGELES,EPD2DC,Carb Diesel,PF4,Spot Price FOB,EER_EPD2DC_PF4_Y05LA_DPG,"Los Angeles, CA Ultra-Low Sulfur CARB Diesel Spot Price (Dollars per Gallon)",2.324,$/GAL
2025-12-01,Y05LA,LOS ANGELES,EPMRR,Reformulated Regular Gasoline,PF4,Spot Price FOB,EER_EPMRR_PF4_Y05LA_DPG,Los Angeles Reformulated RBOB Regular Gasoline Spot Price (Dollars per Gallon),1.931,$/GAL
2025-11-28,ZEU,NA,EPCBRENT,UK Brent Crude Oil,PF4,Spot Price FOB,RBRTE,Europe Brent Spot Price FOB (Dollars per Barrel),64.07,$/BBL
2025-11-28,RGC,NA,EPMRU,Conventional Regular Gasoline,PF4,Spot Price FOB,EER_EPMRU_PF4_RGC_DPG,U.S. Gulf Coast Conventional Gasoline Regular Spot Price FOB (Dollars per Gallon),1.809,$/GAL
2025-11-28,Y05LA,LOS ANGELES,EPMRR,Reformulated Regular Gasoline,PF4,Spot Price FOB,EER_EPMRR_PF4_Y05LA_DPG,Los Angeles Reformulated RBOB Regular Gasoline Spot Price (Dollars per Gallon),1.961,$/GAL
2025-11-28,Y35NY,NEW YORK CITY,EPD2DXL0,No 2 Diesel Low Sulfur (0-15 ppm),PF4,Spot Price FOB,EER_EPD2DXL0_PF4_Y35NY_DPG,New York Harbor Ultra-Low Sulfur No 2 Diesel Spot Price (Dollars per Gallon),2.375,$/GAL
2025-11-28,Y35NY,NEW YORK CITY,EPMRU,Conventional Regular Gasoline,PF4,Spot Price FOB,EER_EPMRU_PF4_Y35NY_DPG,New York Harbor Conventional Gasoline Regular Spot Price FOB (Dollars per Gallon),1.879,$/GAL
2025-11-28,RGC,NA,EPJK,Kerosene-Type Jet Fuel,PF4,Spot Price FOB,EER_EPJK_PF4_RGC_DPG,U.S. Gulf Coast Kerosene-Type Jet Fuel Spot Price FOB (Dollars per Gallon),2.05,$/GAL
2025-11-28,Y05LA,LOS ANGELES,EPD2DC,Carb Diesel,PF4,Spot Price FOB,EER_EPD2DC_PF4_Y05LA_DPG,"Los Angeles, CA Ultra-Low Sulfur CARB Diesel Spot Price (Dollars per Gallon)",2.305,$/GAL
2025-11-28,YCUOK,NA,EPCWTI,WTI Crude Oil,PF4,Spot Price FOB,RWTC,"Cushing, OK WTI Spot Price FOB (Dollars per Barrel)",58.58,$/BBL
2025-11-28,Y35NY,NEW YORK CITY,EPD2F,No 2 Fuel Oil / Heating Oil,PF4,Spot Price FOB,EER_EPD2F_PF4_Y35NY_DPG,New York Harbor No. 2 Heating Oil Spot Price FOB (Dollars per Gallon),2.227,$/GAL
2025-11-28,RGC,NA,EPD2DXL0,No 2 Diesel Low Sulfur (0-15 ppm),PF4,Spot Price FOB,EER_EPD2DXL0_PF4_RGC_DPG,U.S. Gulf Coast Ultra-Low Sulfur No 2 Diesel Spot Price (Dollars per Gallon),2.18,$/GAL
2025-11-27,ZEU,NA,EPCBRENT,UK Brent Crude Oil,PF4,Spot Price FOB,RBRTE,Europe Brent Spot Price FOB (Dollars per Barrel),64.18,$/BBL
2025-11-26,Y05LA,LOS ANGELES,EPD2DC,Carb Diesel,PF4,Spot Price FOB,EER_EPD2DC_PF4_Y05LA_DPG,"Los Angeles, CA Ultra-Low Sulfur CARB Diesel Spot Price (Dollars per Gallon)",2.306,$/GAL
2025-11-26,RGC,NA,EPJK,Kerosene-Type Jet Fuel,PF4,Spot Price FOB,EER_EPJK_PF4_RGC_DPG,U.S. Gulf Coast Kerosene-Type Jet Fuel Spot Price FOB (Dollars per Gallon),2.048,$/GAL
2025-11-26,Y35NY,NEW YORK CITY,EPD2F,No 2 Fuel Oil / Heating Oil,PF4,Spot Price FOB,EER_EPD2F_PF4_Y35NY_DPG,New York Harbor No. 2 Heating Oil Spot Price FOB (Dollars per Gallon),2.229,$/GAL
2025-11-26,Y35NY,NEW YORK CITY,EPMRU,Conventional Regular Gasoline,PF4,Spot Price FOB,EER_EPMRU_PF4_Y35NY_DPG,New York Harbor Conventional Gasoline Regular Spot Price FOB (Dollars per Gallon),1.902,$/GAL
2025-11-26,Y44MB,NA,EPLLPA,Propane,PF4,Spot Price FOB,EER_EPLLPA_PF4_Y44MB_DPG,"Mont Belvieu, TX Propane Spot Price FOB (Dollars per Gallon)",.605,$/GAL
2025-11-26,Y05LA,LOS ANGELES,EPMRR,Reformulated Regular Gasoline,PF4,Spot Price FOB,EER_EPMRR_PF4_Y05LA_DPG,Los Angeles Reformulated RBOB Regular Gasoline Spot Price (Dollars per Gallon),2.074,$/GAL
2025-11-26,YCUOK,NA,EPCWTI,WTI Crude Oil,PF4,Spot Price FOB,RWTC,"Cushing, OK WTI Spot Price FOB (Dollars per Barrel)",58.81,$/BBL
2025-11-26,ZEU,NA,EPCBRENT,UK Brent Crude Oil,PF4,Spot Price FOB,RBRTE,Europe Brent Spot Price FOB (Dollars per Barrel),64.81,$/BBL
2025-11-26,RGC,NA,EPD2DXL0,No 2 Diesel Low Sulfur (0-15 ppm),PF4,Spot Price FOB,EER_EPD2DXL0_PF4_RGC_DPG,U.S. Gulf Coast Ultra-Low Sulfur No 2 Diesel Spot Price (Dollars per Gallon),2.178,$/GAL
2025-11-26,RGC,NA,EPMRU,Conventional Regular Gasoline,PF4,Spot Price FOB,EER_EPMRU_PF4_RGC_DPG,U.S. Gulf Coast Conventional Gasoline Regular Spot Price FOB (Dollars per Gallon),1.815,$/GAL
2025-11-26,Y35NY,NEW YORK CITY,EPD2DXL0,No 2 Diesel Low Sulfur (0-15 ppm),PF4,Spot Price FOB,EER_EPD2DXL0_PF4_Y35NY_DPG,New York Harbor Ultra-Low Sulfur No 2 Diesel Spot Price (Dollars per Gallon),2.376,$/GAL
2025-11-25,Y05LA,LOS ANGELES,EPD2DC,Carb Diesel,PF4,Spot Price FOB,EER_EPD2DC_PF4_Y05LA_DPG,"Los Angeles, CA Ultra-Low Sulfur CARB Diesel Spot Price (Dollars per Gallon)",2.336,$/GAL
2025-11-25,RGC,NA,EPMRU,Conventional Regular Gasoline,PF4,Spot Price FOB,EER_EPMRU_PF4_RGC_DPG,U.S. Gulf Coast Conventional Gasoline Regular Spot Price FOB (Dollars per Gallon),1.774,$/GAL
2025-11-25,ZEU,NA,EPCBRENT,UK Brent Crude Oil,PF4,Spot Price FOB,RBRTE,Europe Brent Spot Price FOB (Dollars per Barrel),63.99,$/BBL
2025-11-25,YCUOK,NA,EPCWTI,WTI Crude Oil,PF4,Spot Price FOB,RWTC,"Cushing, OK WTI Spot Price FOB (Dollars per Barrel)",58.25,$/BBL
2025-11-25,Y05LA,LOS ANGELES,EPMRR,Reformulated Regular Gasoline,PF4,Spot Price FOB,EER_EPMRR_PF4_Y05LA_DPG,Los Angeles Reformulated RBOB Regular Gasoline Spot Price (Dollars per Gallon),2.034,$/GAL
2025-11-25,RGC,NA,EPD2DXL0,No 2 Diesel Low Sulfur (0-15 ppm),PF4,Spot Price FOB,EER_EPD2DXL0_PF4_RGC_DPG,U.S. Gulf Coast Ultra-Low Sulfur No 2 Diesel Spot Price (Dollars per Gallon),2.23,$/GAL
2025-11-25,Y35NY,NEW YORK CITY,EPD2F,No 2 Fuel Oil / Heating Oil,PF4,Spot Price FOB,EER_EPD2F_PF4_Y35NY_DPG,New York Harbor No. 2 Heating Oil Spot Price FOB (Dollars per Gallon),2.258,$/GAL
2025-11-25,Y35NY,NEW YORK CITY,EPD2DXL0,No 2 Diesel Low Sulfur (0-15 ppm),PF4,Spot Price FOB,EER_EPD2DXL0_PF4_Y35NY_DPG,New York Harbor Ultra-Low Sulfur No 2 Diesel Spot Price (Dollars per Gallon),2.406,$/GAL
2025-11-25,RGC,NA,EPJK,Kerosene-Type Jet Fuel,PF4,Spot Price FOB,EER_EPJK_PF4_RGC_DPG,U.S. Gulf Coast Kerosene-Type Jet Fuel Spot Price FOB (Dollars per Gallon),2.068,$/GAL
2025-11-25,Y44MB,NA,EPLLPA,Propane,PF4,Spot Price FOB,EER_EPLLPA_PF4_Y44MB_DPG,"Mont Belvieu, TX Propane Spot Price FOB (Dollars per Gallon)",.583,$/GAL
2025-11-25,Y35NY,NEW YORK CITY,EPMRU,Conventional Regular Gasoline,PF4,Spot Price FOB,EER_EPMRU_PF4_Y35NY_DPG,New York Harbor Conventional Gasoline Regular Spot Price FOB (Dollars per Gallon),1.862,$/GAL
2025-11-24,Y35NY,NEW YORK CITY,EPD2DXL0,No 2 Diesel Low Sulfur (0-15 ppm),PF4,Spot Price FOB,EER_EPD2DXL0_PF4_Y35NY_DPG,New York Harbor Ultra-Low Sulfur No 2 Diesel Spot Price (Dollars per Gallon),2.468,$/GAL
2025-11-24,Y35NY,NEW YORK CITY,EPMRU,Conventional Regular Gasoline,PF4,Spot Price FOB,EER_EPMRU_PF4_Y35NY_DPG,New York Harbor Conventional Gasoline Regular Spot Price FOB (Dollars per Gallon),1.908,$/GAL
2025-11-24,Y05LA,LOS ANGELES,EPD2DC,Carb Diesel,PF4,Spot Price FOB,EER_EPD2DC_PF4_Y05LA_DPG,"Los Angeles, CA Ultra-Low Sulfur CARB Diesel Spot Price (Dollars per Gallon)",2.398,$/GAL
2025-11-24,RGC,NA,EPJK,Kerosene-Type Jet Fuel,PF4,Spot Price FOB,EER_EPJK_PF4_RGC_DPG,U.S. Gulf Coast Kerosene-Type Jet Fuel Spot Price FOB (Dollars per Gallon),2.123,$/GAL
2025-11-24,RGC,NA,EPMRU,Conventional Regular Gasoline,PF4,Spot Price FOB,EER_EPMRU_PF4_RGC_DPG,U.S. Gulf Coast Conventional Gasoline Regular Spot Price FOB (Dollars per Gallon),1.891,$/GAL
2025-11-24,RGC,NA,EPD2DXL0,No 2 Diesel Low Sulfur (0-15 ppm),PF4,Spot Price FOB,EER_EPD2DXL0_PF4_RGC_DPG,U.S. Gulf Coast Ultra-Low Sulfur No 2 Diesel Spot Price (Dollars per Gallon),2.318,$/GAL
2025-11-24,Y35NY,NEW YORK CITY,EPD2F,No 2 Fuel Oil / Heating Oil,PF4,Spot Price FOB,EER_EPD2F_PF4_Y35NY_DPG,New York Harbor No. 2 Heating Oil Spot Price FOB (Dollars per Gallon),2.321,$/GAL
2025-11-24,ZEU,NA,EPCBRENT,UK Brent Crude Oil,PF4,Spot Price FOB,RBRTE,Europe Brent Spot Price FOB (Dollars per Barrel),64.83,$/BBL
2025-11-24,Y05LA,LOS ANGELES,EPMRR,Reformulated Regular Gasoline,PF4,Spot Price FOB,EER_EPMRR_PF4_Y05LA_DPG,Los Angeles Reformulated RBOB Regular Gasoline Spot Price (Dollars per Gallon),2.081,$/GAL
2025-11-24,Y44MB,NA,EPLLPA,Propane,PF4,Spot Price FOB,EER_EPLLPA_PF4_Y44MB_DPG,"Mont Belvieu, TX Propane Spot Price FOB (Dollars per Gallon)",.598,$/GAL
2025-11-24,YCUOK,NA,EPCWTI,WTI Crude Oil,PF4,Spot Price FOB,RWTC,"Cushing, OK WTI Spot Price FOB (Dollars per Barrel)",59.11,$/BBL
2025-11-21,RGC,NA,EPJK,Kerosene-Type Jet Fuel,PF4,Spot Price FOB,EER_EPJK_PF4_RGC_DPG,U.S. Gulf Coast Kerosene-Type Jet Fuel Spot Price FOB (Dollars per Gallon),2.127,$/GAL
2025-11-21,Y05LA,LOS ANGELES,EPMRR,Reformulated Regular Gasoline,PF4,Spot Price FOB,EER_EPMRR_PF4_Y05LA_DPG,Los Angeles Reformulated RBOB Regular Gasoline Spot Price (Dollars per Gallon),2.087,$/GAL
2025-11-21,Y35NY,NEW YORK CITY,EPMRU,Conventional Regular Gasoline,PF4,Spot Price FOB,EER_EPMRU_PF4_Y35NY_DPG,New York Harbor Conventional Gasoline Regular Spot Price FOB (Dollars per Gallon),1.885,$/GAL
2025-11-21,Y44MB,NA,EPLLPA,Propane,PF4,Spot Price FOB,EER_EPLLPA_PF4_Y44MB_DPG,"Mont Belvieu, TX Propane Spot Price FOB (Dollars per Gallon)",.646,$/GAL
2025-11-21,Y35NY,NEW YORK CITY,EPD2F,No 2 Fuel Oil / Heating Oil,PF4,Spot Price FOB,EER_EPD2F_PF4_Y35NY_DPG,New York Harbor No. 2 Heating Oil Spot Price FOB (Dollars per Gallon),2.344,$/GAL
2025-11-21,YCUOK,NA,EPCWTI,WTI Crude Oil,PF4,Spot Price FOB,RWTC,"Cushing, OK WTI Spot Price FOB (Dollars per Barrel)",58.86,$/BBL
2025-11-21,ZEU,NA,EPCBRENT,UK Brent Crude Oil,PF4,Spot Price FOB,RBRTE,Europe Brent Spot Price FOB (Dollars per Barrel),62.78,$/BBL
2025-11-21,Y05LA,LOS ANGELES,EPD2DC,Carb Diesel,PF4,Spot Price FOB,EER_EPD2DC_PF4_Y05LA_DPG,"Los Angeles, CA Ultra-Low Sulfur CARB Diesel Spot Price (Dollars per Gallon)",2.466,$/GAL
2025-11-21,RGC,NA,EPMRU,Conventional Regular Gasoline,PF4,Spot Price FOB,EER_EPMRU_PF4_RGC_DPG,U.S. Gulf Coast Conventional Gasoline Regular Spot Price FOB (Dollars per Gallon),1.849,$/GAL
2025-11-21,RGC,NA,EPD2DXL0,No 2 Diesel Low Sulfur (0-15 ppm),PF4,Spot Price FOB,EER_EPD2DXL0_PF4_RGC_DPG,U.S. Gulf Coast Ultra-Low Sulfur No 2 Diesel Spot Price (Dollars per Gallon),2.312,$/GAL
2025-11-21,Y35NY,NEW YORK CITY,EPD2DXL0,No 2 Diesel Low Sulfur (0-15 ppm),PF4,Spot Price FOB,EER_EPD2DXL0_PF4_Y35NY_DPG,New York Harbor Ultra-Low Sulfur No 2 Diesel Spot Price (Dollars per Gallon),2.491,$/GAL
2025-11-20,YCUOK,NA,EPCWTI,WTI Crude Oil,PF4,Spot Price FOB,RWTC,"Cushing, OK WTI Spot Price FOB (Dollars per Barrel)",60.07,$/BBL
2025-11-20,Y05LA,LOS ANGELES,EPMRR,Reformulated Regular Gasoline,PF4,Spot Price FOB,EER_EPMRR_PF4_Y05LA_DPG,Los Angeles Reformulated RBOB Regular Gasoline Spot Price (Dollars per Gallon),2.125,$/GAL
2025-11-20,RGC,NA,EPD2DXL0,No 2 Diesel Low Sulfur (0-15 ppm),PF4,Spot Price FOB,EER_EPD2DXL0_PF4_RGC_DPG,U.S. Gulf Coast Ultra-Low Sulfur No 2 Diesel Spot Price (Dollars per Gallon),2.455,$/GAL
2025-11-20,RGC,NA,EPJK,Kerosene-Type Jet Fuel,PF4,Spot Price FOB,EER_EPJK_PF4_RGC_DPG,U.S. Gulf Coast Kerosene-Type Jet Fuel Spot Price FOB (Dollars per Gallon),2.265,$/GAL
2025-11-20,RGC,NA,EPMRU,Conventional Regular Gasoline,PF4,Spot Price FOB,EER_EPMRU_PF4_RGC_DPG,U.S. Gulf Coast Conventional Gasoline Regular Spot Price FOB (Dollars per Gallon),1.987,$/GAL
2025-11-20,Y05LA,LOS ANGELES,EPD2DC,Carb Diesel,PF4,Spot Price FOB,EER_EPD2DC_PF4_Y05LA_DPG,"Los Angeles, CA Ultra-Low Sulfur CARB Diesel Spot Price (Dollars per Gallon)",2.55,$/GAL
2025-11-20,Y44MB,NA,EPLLPA,Propane,PF4,Spot Price FOB,EER_EPLLPA_PF4_Y44MB_DPG,"Mont Belvieu, TX Propane Spot Price FOB (Dollars per Gallon)",.588,$/GAL
2025-11-20,Y35NY,NEW YORK CITY,EPD2DXL0,No 2 Diesel Low Sulfur (0-15 ppm),PF4,Spot Price FOB,EER_EPD2DXL0_PF4_Y35NY_DPG,New York Harbor Ultra-Low Sulfur No 2 Diesel Spot Price (Dollars per Gallon),2.575,$/GAL
2025-11-20,Y35NY,NEW YORK CITY,EPD2F,No 2 Fuel Oil / Heating Oil,PF4,Spot Price FOB,EER_EPD2F_PF4_Y35NY_DPG,New York Harbor No. 2 Heating Oil Spot Price FOB (Dollars per Gallon),2.428,$/GAL
2025-11-20,ZEU,NA,EPCBRENT,UK Brent Crude Oil,PF4,Spot Price FOB,RBRTE,Europe Brent Spot Price FOB (Dollars per Barrel),63.64,$/BBL
2025-11-20,Y35NY,NEW YORK CITY,EPMRU,Conventional Regular Gasoline,PF4,Spot Price FOB,EER_EPMRU_PF4_Y35NY_DPG,New York Harbor Conventional Gasoline Regular Spot Price FOB (Dollars per Gallon),1.922,$/GAL
2025-11-19,ZEU,NA,EPCBRENT,UK Brent Crude Oil,PF4,Spot Price FOB,RBRTE,Europe Brent Spot Price FOB (Dollars per Barrel),63.78,$/BBL
2025-11-19,Y35NY,NEW YORK CITY,EPMRU,Conventional Regular Gasoline,PF4,Spot Price FOB,EER_EPMRU_PF4_Y35NY_DPG,New York Harbor Conventional Gasoline Regular Spot Price FOB (Dollars per Gallon),1.943,$/GAL
2025-11-19,RGC,NA,EPMRU,Conventional Regular Gasoline,PF4,Spot Price FOB,EER_EPMRU_PF4_RGC_DPG,U.S. Gulf Coast Conventional Gasoline Regular Spot Price FOB (Dollars per Gallon),1.945,$/GAL
2025-11-19,RGC,NA,EPJK,Kerosene-Type Jet Fuel,PF4,Spot Price FOB,EER_EPJK_PF4_RGC_DPG,U.S. Gulf Coast Kerosene-Type Jet Fuel Spot Price FOB (Dollars per Gallon),2.462,$/GAL
2025-11-19,RGC,NA,EPD2DXL0,No 2 Diesel Low Sulfur (0-15 ppm),PF4,Spot Price FOB,EER_EPD2DXL0_PF4_RGC_DPG,U.S. Gulf Coast Ultra-Low Sulfur No 2 Diesel Spot Price (Dollars per Gallon),2.542,$/GAL
2025-11-19,Y35NY,NEW YORK CITY,EPD2DXL0,No 2 Diesel Low Sulfur (0-15 ppm),PF4,Spot Price FOB,EER_EPD2DXL0_PF4_Y35NY_DPG,New York Harbor Ultra-Low Sulfur No 2 Diesel Spot Price (Dollars per Gallon),2.702,$/GAL
2025-11-19,Y44MB,NA,EPLLPA,Propane,PF4,Spot Price FOB,EER_EPLLPA_PF4_Y44MB_DPG,"Mont Belvieu, TX Propane Spot Price FOB (Dollars per Gallon)",.586,$/GAL
2025-11-19,Y35NY,NEW YORK CITY,EPD2F,No 2 Fuel Oil / Heating Oil,PF4,Spot Price FOB,EER_EPD2F_PF4_Y35NY_DPG,New York Harbor No. 2 Heating Oil Spot Price FOB (Dollars per Gallon),2.554,$/GAL
2025-11-19,Y05LA,LOS ANGELES,EPMRR,Reformulated Regular Gasoline,PF4,Spot Price FOB,EER_EPMRR_PF4_Y05LA_DPG,Los Angeles Reformulated RBOB Regular Gasoline Spot Price (Dollars per Gallon),2.235,$/GAL
2025-11-19,Y05LA,LOS ANGELES,EPD2DC,Carb Diesel,PF4,Spot Price FOB,EER_EPD2DC_PF4_Y05LA_DPG,"Los Angeles, CA Ultra-Low Sulfur CARB Diesel Spot Price (Dollars per Gallon)",2.707,$/GAL
2025-11-19,YCUOK,NA,EPCWTI,WTI Crude Oil,PF4,Spot Price FOB,RWTC,"Cushing, OK WTI Spot Price FOB (Dollars per Barrel)",60.27,$/BBL
2025-11-18,RGC,NA,EPJK,Kerosene-Type Jet Fuel,PF4,Spot Price FOB,EER_EPJK_PF4_RGC_DPG,U.S. Gulf Coast Kerosene-Type Jet Fuel Spot Price FOB (Dollars per Gallon),2.503,$/GAL
2025-11-18,Y35NY,NEW YORK CITY,EPD2DXL0,No 2 Diesel Low Sulfur (0-15 ppm),PF4,Spot Price FOB,EER_EPD2DXL0_PF4_Y35NY_DPG,New York Harbor Ultra-Low Sulfur No 2 Diesel Spot Price (Dollars per Gallon),2.743,$/GAL
2025-11-18,RGC,NA,EPD2DXL0,No 2 Diesel Low Sulfur (0-15 ppm),PF4,Spot Price FOB,EER_EPD2DXL0_PF4_RGC_DPG,U.S. Gulf Coast Ultra-Low Sulfur No 2 Diesel Spot Price (Dollars per Gallon),2.583,$/GAL
2025-11-18,RGC,NA,EPMRU,Conventional Regular Gasoline,PF4,Spot Price FOB,EER_EPMRU_PF4_RGC_DPG,U.S. Gulf Coast Conventional Gasoline Regular Spot Price FOB (Dollars per Gallon),2.006,$/GAL
2025-11-18,Y05LA,LOS ANGELES,EPD2DC,Carb Diesel,PF4,Spot Price FOB,EER_EPD2DC_PF4_Y05LA_DPG,"Los Angeles, CA Ultra-Low Sulfur CARB Diesel Spot Price (Dollars per Gallon)",2.748,$/GAL
2025-11-18,Y35NY,NEW YORK CITY,EPD2F,No 2 Fuel Oil / Heating Oil,PF4,Spot Price FOB,EER_EPD2F_PF4_Y35NY_DPG,New York Harbor No. 2 Heating Oil Spot Price FOB (Dollars per Gallon),2.595,$/GAL
2025-11-18,Y44MB,NA,EPLLPA,Propane,PF4,Spot Price FOB,EER_EPLLPA_PF4_Y44MB_DPG,"Mont Belvieu, TX Propane Spot Price FOB (Dollars per Gallon)",.604,$/GAL
2025-11-18,Y35NY,NEW YORK CITY,EPMRU,Conventional Regular Gasoline,PF4,Spot Price FOB,EER_EPMRU_PF4_Y35NY_DPG,New York Harbor Conventional Gasoline Regular Spot Price FOB (Dollars per Gallon),2.004,$/GAL
2025-11-18,YCUOK,NA,EPCWTI,WTI Crude Oil,PF4,Spot Price FOB,RWTC,"Cushing, OK WTI Spot Price FOB (Dollars per Barrel)",61.51,$/BBL
2025-11-18,ZEU,NA,EPCBRENT,UK Brent Crude Oil,PF4,Spot Price FOB,RBRTE,Europe Brent Spot Price FOB (Dollars per Barrel),64.86,$/BBL
2025-11-18,Y05LA,LOS ANGELES,EPMRR,Reformulated Regular Gasoline,PF4,Spot Price FOB,EER_EPMRR_PF4_Y05LA_DPG,Los Angeles Reformulated RBOB Regular Gasoline Spot Price (Dollars per Gallon),2.296,$/GAL
2025-11-17,Y05LA,LOS ANGELES,EPD2DC,Carb Diesel,PF4,Spot Price FOB,EER_EPD2DC_PF4_Y05LA_DPG,"Los Angeles, CA Ultra-Low Sulfur CARB Diesel Spot Price (Dollars per Gallon)",2.631,$/GAL
2025-11-17,RGC,NA,EPMRU,Conventional Regular Gasoline,PF4,Spot Price FOB,EER_EPMRU_PF4_RGC_DPG,U.S. Gulf Coast Conventional Gasoline Regular Spot Price FOB (Dollars per Gallon),1.994,$/GAL
2025-11-17,Y35NY,NEW YORK CITY,EPD2DXL0,No 2 Diesel Low Sulfur (0-15 ppm),PF4,Spot Price FOB,EER_EPD2DXL0_PF4_Y35NY_DPG,New York Harbor Ultra-Low Sulfur No 2 Diesel Spot Price (Dollars per Gallon),2.591,$/GAL
2025-11-17,RGC,NA,EPD2DXL0,No 2 Diesel Low Sulfur (0-15 ppm),PF4,Spot Price FOB,EER_EPD2DXL0_PF4_RGC_DPG,U.S. Gulf Coast Ultra-Low Sulfur No 2 Diesel Spot Price (Dollars per Gallon),2.431,$/GAL
2025-11-17,RGC,NA,EPJK,Kerosene-Type Jet Fuel,PF4,Spot Price FOB,EER_EPJK_PF4_RGC_DPG,U.S. Gulf Coast Kerosene-Type Jet Fuel Spot Price FOB (Dollars per Gallon),2.351,$/GAL
2025-11-17,YCUOK,NA,EPCWTI,WTI Crude Oil,PF4,Spot Price FOB,RWTC,"Cushing, OK WTI Spot Price FOB (Dollars per Barrel)",60.66,$/BBL
2025-11-17,Y05LA,LOS ANGELES,EPMRR,Reformulated Regular Gasoline,PF4,Spot Price FOB,EER_EPMRR_PF4_Y05LA_DPG,Los Angeles Reformulated RBOB Regular Gasoline Spot Price (Dollars per Gallon),2.284,$/GAL
2025-11-17,ZEU,NA,EPCBRENT,UK Brent Crude Oil,PF4,Spot Price FOB,RBRTE,Europe Brent Spot Price FOB (Dollars per Barrel),63.16,$/BBL
2025-11-17,Y44MB,NA,EPLLPA,Propane,PF4,Spot Price FOB,EER_EPLLPA_PF4_Y44MB_DPG,"Mont Belvieu, TX Propane Spot Price FOB (Dollars per Gallon)",.601,$/GAL
2025-11-17,Y35NY,NEW YORK CITY,EPMRU,Conventional Regular Gasoline,PF4,Spot Price FOB,EER_EPMRU_PF4_Y35NY_DPG,New York Harbor Conventional Gasoline Regular Spot Price FOB (Dollars per Gallon),1.991,$/GAL
2025-11-17,Y35NY,NEW YORK CITY,EPD2F,No 2 Fuel Oil / Heating Oil,PF4,Spot Price FOB,EER_EPD2F_PF4_Y35NY_DPG,New York Harbor No. 2 Heating Oil Spot Price FOB (Dollars per Gallon),2.443,$/GAL
2025-11-14,ZEU,NA,EPCBRENT,UK Brent Crude Oil,PF4,Spot Price FOB,RBRTE,Europe Brent Spot Price FOB (Dollars per Barrel),63.45,$/BBL
2025-11-14,Y35NY,NEW YORK CITY,EPD2F,No 2 Fuel Oil / Heating Oil,PF4,Spot Price FOB,EER_EPD2F_PF4_Y35NY_DPG,New York Harbor No. 2 Heating Oil Spot Price FOB (Dollars per Gallon),2.438,$/GAL
2025-11-14,RGC,NA,EPD2DXL0,No 2 Diesel Low Sulfur (0-15 ppm),PF4,Spot Price FOB,EER_EPD2DXL0_PF4_RGC_DPG,U.S. Gulf Coast Ultra-Low Sulfur No 2 Diesel Spot Price (Dollars per Gallon),2.418,$/GAL
2025-11-14,RGC,NA,EPMRU,Conventional Regular Gasoline,PF4,Spot Price FOB,EER_EPMRU_PF4_RGC_DPG,U.S. Gulf Coast Conventional Gasoline Regular Spot Price FOB (Dollars per Gallon),2.035,$/GAL
2025-11-14,RGC,NA,EPJK,Kerosene-Type Jet Fuel,PF4,Spot Price FOB,EER_EPJK_PF4_RGC_DPG,U.S. Gulf Coast Kerosene-Type Jet Fuel Spot Price FOB (Dollars per Gallon),2.346,$/GAL
2025-11-14,Y35NY,NEW YORK CITY,EPMRU,Conventional Regular Gasoline,PF4,Spot Price FOB,EER_EPMRU_PF4_Y35NY_DPG,New York Harbor Conventional Gasoline Regular Spot Price FOB (Dollars per Gallon),2.017,$/GAL
2025-11-14,YCUOK,NA,EPCWTI,WTI Crude Oil,PF4,Spot Price FOB,RWTC,"Cushing, OK WTI Spot Price FOB (Dollars per Barrel)",60.87,$/BBL
2025-11-14,Y44MB,NA,EPLLPA,Propane,PF4,Spot Price FOB,EER_EPLLPA_PF4_Y44MB_DPG,"Mont Belvieu, TX Propane Spot Price FOB (Dollars per Gallon)",.606,$/GAL
2025-11-14,Y05LA,LOS ANGELES,EPD2DC,Carb Diesel,PF4,Spot Price FOB,EER_EPD2DC_PF4_Y05LA_DPG,"Los Angeles, CA Ultra-Low Sulfur CARB Diesel Spot Price (Dollars per Gallon)",2.626,$/GAL
2025-11-14,Y05LA,LOS ANGELES,EPMRR,Reformulated Regular Gasoline,PF4,Spot Price FOB,EER_EPMRR_PF4_Y05LA_DPG,Los Angeles Reformulated RBOB Regular Gasoline Spot Price (Dollars per Gallon),2.31,$/GAL
2025-11-14,Y35NY,NEW YORK CITY,EPD2DXL0,No 2 Diesel Low Sulfur (0-15 ppm),PF4,Spot Price FOB,EER_EPD2DXL0_PF4_Y35NY_DPG,New York Harbor Ultra-Low Sulfur No 2 Diesel Spot Price (Dollars per Gallon),2.586,$/GAL
2025-11-13,Y44MB,NA,EPLLPA,Propane,PF4,Spot Price FOB,EER_EPLLPA_PF4_Y44MB_DPG,"Mont Belvieu, TX Propane Spot Price FOB (Dollars per Gallon)",.598,$/GAL
2025-11-13,Y35NY,NEW YORK CITY,EPMRU,Conventional Regular Gasoline,PF4,Spot Price FOB,EER_EPMRU_PF4_Y35NY_DPG,New York Harbor Conventional Gasoline Regular Spot Price FOB (Dollars per Gallon),1.966,$/GAL
2025-11-13,Y05LA,LOS ANGELES,EPD2DC,Carb Diesel,PF4,Spot Price FOB,EER_EPD2DC_PF4_Y05LA_DPG,"Los Angeles, CA Ultra-Low Sulfur CARB Diesel Spot Price (Dollars per Gallon)",2.561,$/GAL
2025-11-13,RGC,NA,EPMRU,Conventional Regular Gasoline,PF4,Spot Price FOB,EER_EPMRU_PF4_RGC_DPG,U.S. Gulf Coast Conventional Gasoline Regular Spot Price FOB (Dollars per Gallon),1.983,$/GAL
2025-11-13,RGC,NA,EPJK,Kerosene-Type Jet Fuel,PF4,Spot Price FOB,EER_EPJK_PF4_RGC_DPG,U.S. Gulf Coast Kerosene-Type Jet Fuel Spot Price FOB (Dollars per Gallon),2.281,$/GAL
2025-11-13,RGC,NA,EPD2DXL0,No 2 Diesel Low Sulfur (0-15 ppm),PF4,Spot Price FOB,EER_EPD2DXL0_PF4_RGC_DPG,U.S. Gulf Coast Ultra-Low Sulfur No 2 Diesel Spot Price (Dollars per Gallon),2.351,$/GAL
2025-11-13,Y05LA,LOS ANGELES,EPMRR,Reformulated Regular Gasoline,PF4,Spot Price FOB,EER_EPMRR_PF4_Y05LA_DPG,Los Angeles Reformulated RBOB Regular Gasoline Spot Price (Dollars per Gallon),2.258,$/GAL
2025-11-13,ZEU,NA,EPCBRENT,UK Brent Crude Oil,PF4,Spot Price FOB,RBRTE,Europe Brent Spot Price FOB (Dollars per Barrel),62.14,$/BBL
2025-11-13,YCUOK,NA,EPCWTI,WTI Crude Oil,PF4,Spot Price FOB,RWTC,"Cushing, OK WTI Spot Price FOB (Dollars per Barrel)",59.54,$/BBL
2025-11-13,Y35NY,NEW YORK CITY,EPD2DXL0,No 2 Diesel Low Sulfur (0-15 ppm),PF4,Spot Price FOB,EER_EPD2DXL0_PF4_Y35NY_DPG,New York Harbor Ultra-Low Sulfur No 2 Diesel Spot Price (Dollars per Gallon),2.521,$/GAL
2025-11-13,Y35NY,NEW YORK CITY,EPD2F,No 2 Fuel Oil / Heating Oil,PF4,Spot Price FOB,EER_EPD2F_PF4_Y35NY_DPG,New York Harbor No. 2 Heating Oil Spot Price FOB (Dollars per Gallon),2.373,$/GAL
2025-11-12,ZEU,NA,EPCBRENT,UK Brent Crude Oil,PF4,Spot Price FOB,RBRTE,Europe Brent Spot Price FOB (Dollars per Barrel),61.88,$/BBL
2025-11-12,Y35NY,NEW YORK CITY,EPMRU,Conventional Regular Gasoline,PF4,Spot Price FOB,EER_EPMRU_PF4_Y35NY_DPG,New York Harbor Conventional Gasoline Regular Spot Price FOB (Dollars per Gallon),1.963,$/GAL
2025-11-12,Y05LA,LOS ANGELES,EPMRR,Reformulated Regular Gasoline,PF4,Spot Price FOB,EER_EPMRR_PF4_Y05LA_DPG,Los Angeles Reformulated RBOB Regular Gasoline Spot Price (Dollars per Gallon),2.296,$/GAL
2025-11-12,RGC,NA,EPD2DXL0,No 2 Diesel Low Sulfur (0-15 ppm),PF4,Spot Price FOB,EER_EPD2DXL0_PF4_RGC_DPG,U.S. Gulf Coast Ultra-Low Sulfur No 2 Diesel Spot Price (Dollars per Gallon),2.372,$/GAL
2025-11-12,Y05LA,LOS ANGELES,EPD2DC,Carb Diesel,PF4,Spot Price FOB,EER_EPD2DC_PF4_Y05LA_DPG,"Los Angeles, CA Ultra-Low Sulfur CARB Diesel Spot Price (Dollars per Gallon)",2.674,$/GAL
2025-11-12,RGC,NA,EPJK,Kerosene-Type Jet Fuel,PF4,Spot Price FOB,EER_EPJK_PF4_RGC_DPG,U.S. Gulf Coast Kerosene-Type Jet Fuel Spot Price FOB (Dollars per Gallon),2.289,$/GAL
2025-11-12,Y35NY,NEW YORK CITY,EPD2F,No 2 Fuel Oil / Heating Oil,PF4,Spot Price FOB,EER_EPD2F_PF4_Y35NY_DPG,New York Harbor No. 2 Heating Oil Spot Price FOB (Dollars per Gallon),2.382,$/GAL
2025-11-12,YCUOK,NA,EPCWTI,WTI Crude Oil,PF4,Spot Price FOB,RWTC,"Cushing, OK WTI Spot Price FOB (Dollars per Barrel)",59.3,$/BBL
2025-11-12,Y44MB,NA,EPLLPA,Propane,PF4,Spot Price FOB,EER_EPLLPA_PF4_Y44MB_DPG,"Mont Belvieu, TX Propane Spot Price FOB (Dollars per Gallon)",.61,$/GAL
2025-11-12,Y35NY,NEW YORK CITY,EPD2DXL0,No 2 Diesel Low Sulfur (0-15 ppm),PF4,Spot Price FOB,EER_EPD2DXL0_PF4_Y35NY_DPG,New York Harbor Ultra-Low Sulfur No 2 Diesel Spot Price (Dollars per Gallon),2.529,$/GAL
2025-11-12,RGC,NA,EPMRU,Conventional Regular Gasoline,PF4,Spot Price FOB,EER_EPMRU_PF4_RGC_DPG,U.S. Gulf Coast Conventional Gasoline Regular Spot Price FOB (Dollars per Gallon),1.981,$/GAL
2025-11-11,ZEU,NA,EPCBRENT,UK Brent Crude Oil,PF4,Spot Price FOB,RBRTE,Europe Brent Spot Price FOB (Dollars per Barrel),63.86,$/BBL
2025-11-11,Y44MB,NA,EPLLPA,Propane,PF4,Spot Price FOB,EER_EPLLPA_PF4_Y44MB_DPG,"Mont Belvieu, TX Propane Spot Price FOB (Dollars per Gallon)",.623,$/GAL
2025-11-10,ZEU,NA,EPCBRENT,UK Brent Crude Oil,PF4,Spot Price FOB,RBRTE,Europe Brent Spot Price FOB (Dollars per Barrel),63.01,$/BBL
2025-11-10,RGC,NA,EPMRU,Conventional Regular Gasoline,PF4,Spot Price FOB,EER_EPMRU_PF4_RGC_DPG,U.S. Gulf Coast Conventional Gasoline Regular Spot Price FOB (Dollars per Gallon),1.99,$/GAL
2025-11-10,Y35NY,NEW YORK CITY,EPD2DXL0,No 2 Diesel Low Sulfur (0-15 ppm),PF4,Spot Price FOB,EER_EPD2DXL0_PF4_Y35NY_DPG,New York Harbor Ultra-Low Sulfur No 2 Diesel Spot Price (Dollars per Gallon),2.55,$/GAL
2025-11-10,Y35NY,NEW YORK CITY,EPMRU,Conventional Regular Gasoline,PF4,Spot Price FOB,EER_EPMRU_PF4_Y35NY_DPG,New York Harbor Conventional Gasoline Regular Spot Price FOB (Dollars per Gallon),1.973,$/GAL
2025-11-10,RGC,NA,EPD2DXL0,No 2 Diesel Low Sulfur (0-15 ppm),PF4,Spot Price FOB,EER_EPD2DXL0_PF4_RGC_DPG,U.S. Gulf Coast Ultra-Low Sulfur No 2 Diesel Spot Price (Dollars per Gallon),2.4,$/GAL
2025-11-10,Y05LA,LOS ANGELES,EPD2DC,Carb Diesel,PF4,Spot Price FOB,EER_EPD2DC_PF4_Y05LA_DPG,"Los Angeles, CA Ultra-Low Sulfur CARB Diesel Spot Price (Dollars per Gallon)",2.7,$/GAL
2025-11-10,YCUOK,NA,EPCWTI,WTI Crude Oil,PF4,Spot Price FOB,RWTC,"Cushing, OK WTI Spot Price FOB (Dollars per Barrel)",60.94,$/BBL
2025-11-10,Y05LA,LOS ANGELES,EPMRR,Reformulated Regular Gasoline,PF4,Spot Price FOB,EER_EPMRR_PF4_Y05LA_DPG,Los Angeles Reformulated RBOB Regular Gasoline Spot Price (Dollars per Gallon),2.49,$/GAL
2025-11-10,Y44MB,NA,EPLLPA,Propane,PF4,Spot Price FOB,EER_EPLLPA_PF4_Y44MB_DPG,"Mont Belvieu, TX Propane Spot Price FOB (Dollars per Gallon)",.596,$/GAL
2025-11-10,RGC,NA,EPJK,Kerosene-Type Jet Fuel,PF4,Spot Price FOB,EER_EPJK_PF4_RGC_DPG,U.S. Gulf Coast Kerosene-Type Jet Fuel Spot Price FOB (Dollars per Gallon),2.31,$/GAL
2025-11-10,Y35NY,NEW YORK CITY,EPD2F,No 2 Fuel Oil / Heating Oil,PF4,Spot Price FOB,EER_EPD2F_PF4_Y35NY_DPG,New York Harbor No. 2 Heating Oil Spot Price FOB (Dollars per Gallon),2.403,$/GAL
2025-11-07,ZEU,NA,EPCBRENT,UK Brent Crude Oil,PF4,Spot Price FOB,RBRTE,Europe Brent Spot Price FOB (Dollars per Barrel),63.72,$/BBL
2025-11-07,Y05LA,LOS ANGELES,EPD2DC,Carb Diesel,PF4,Spot Price FOB,EER_EPD2DC_PF4_Y05LA_DPG,"Los Angeles, CA Ultra-Low Sulfur CARB Diesel Spot Price (Dollars per Gallon)",2.683,$/GAL
2025-11-07,Y35NY,NEW YORK CITY,EPD2F,No 2 Fuel Oil / Heating Oil,PF4,Spot Price FOB,EER_EPD2F_PF4_Y35NY_DPG,New York Harbor No. 2 Heating Oil Spot Price FOB (Dollars per Gallon),2.386,$/GAL
2025-11-07,Y44MB,NA,EPLLPA,Propane,PF4,Spot Price FOB,EER_EPLLPA_PF4_Y44MB_DPG,"Mont Belvieu, TX Propane Spot Price FOB (Dollars per Gallon)",.629,$/GAL
2025-11-07,RGC,NA,EPMRU,Conventional Regular Gasoline,PF4,Spot Price FOB,EER_EPMRU_PF4_RGC_DPG,U.S. Gulf Coast Conventional Gasoline Regular Spot Price FOB (Dollars per Gallon),1.994,$/GAL
2025-11-07,RGC,NA,EPJK,Kerosene-Type Jet Fuel,PF4,Spot Price FOB,EER_EPJK_PF4_RGC_DPG,U.S. Gulf Coast Kerosene-Type Jet Fuel Spot Price FOB (Dollars per Gallon),2.293,$/GAL
2025-11-07,YCUOK,NA,EPCWTI,WTI Crude Oil,PF4,Spot Price FOB,RWTC,"Cushing, OK WTI Spot Price FOB (Dollars per Barrel)",60.54,$/BBL
2025-11-07,Y35NY,NEW YORK CITY,EPMRU,Conventional Regular Gasoline,PF4,Spot Price FOB,EER_EPMRU_PF4_Y35NY_DPG,New York Harbor Conventional Gasoline Regular Spot Price FOB (Dollars per Gallon),1.952,$/GAL
2025-11-07,Y05LA,LOS ANGELES,EPMRR,Reformulated Regular Gasoline,PF4,Spot Price FOB,EER_EPMRR_PF4_Y05LA_DPG,Los Angeles Reformulated RBOB Regular Gasoline Spot Price (Dollars per Gallon),2.794,$/GAL
2025-11-07,RGC,NA,EPD2DXL0,No 2 Diesel Low Sulfur (0-15 ppm),PF4,Spot Price FOB,EER_EPD2DXL0_PF4_RGC_DPG,U.S. Gulf Coast Ultra-Low Sulfur No 2 Diesel Spot Price (Dollars per Gallon),2.391,$/GAL
2025-11-07,Y35NY,NEW YORK CITY,EPD2DXL0,No 2 Diesel Low Sulfur (0-15 ppm),PF4,Spot Price FOB,EER_EPD2DXL0_PF4_Y35NY_DPG,New York Harbor Ultra-Low Sulfur No 2 Diesel Spot Price (Dollars per Gallon),2.533,$/GAL
2025-11-06,Y44MB,NA,EPLLPA,Propane,PF4,Spot Price FOB,EER_EPLLPA_PF4_Y44MB_DPG,"Mont Belvieu, TX Propane Spot Price FOB (Dollars per Gallon)",.58,$/GAL
2025-11-06,RGC,NA,EPMRU,Conventional Regular Gasoline,PF4,Spot Price FOB,EER_EPMRU_PF4_RGC_DPG,U.S. Gulf Coast Conventional Gasoline Regular Spot Price FOB (Dollars per Gallon),2.011,$/GAL
2025-11-06,Y35NY,NEW YORK CITY,EPD2DXL0,No 2 Diesel Low Sulfur (0-15 ppm),PF4,Spot Price FOB,EER_EPD2DXL0_PF4_Y35NY_DPG,New York Harbor Ultra-Low Sulfur No 2 Diesel Spot Price (Dollars per Gallon),2.551,$/GAL
2025-11-06,RGC,NA,EPJK,Kerosene-Type Jet Fuel,PF4,Spot Price FOB,EER_EPJK_PF4_RGC_DPG,U.S. Gulf Coast Kerosene-Type Jet Fuel Spot Price FOB (Dollars per Gallon),2.311,$/GAL
2025-11-06,YCUOK,NA,EPCWTI,WTI Crude Oil,PF4,Spot Price FOB,RWTC,"Cushing, OK WTI Spot Price FOB (Dollars per Barrel)",60.24,$/BBL
2025-11-06,Y05LA,LOS ANGELES,EPMRR,Reformulated Regular Gasoline,PF4,Spot Price FOB,EER_EPMRR_PF4_Y05LA_DPG,Los Angeles Reformulated RBOB Regular Gasoline Spot Price (Dollars per Gallon),2.811,$/GAL
2025-11-06,RGC,NA,EPD2DXL0,No 2 Diesel Low Sulfur (0-15 ppm),PF4,Spot Price FOB,EER_EPD2DXL0_PF4_RGC_DPG,U.S. Gulf Coast Ultra-Low Sulfur No 2 Diesel Spot Price (Dollars per Gallon),2.408,$/GAL
2025-11-06,Y35NY,NEW YORK CITY,EPMRU,Conventional Regular Gasoline,PF4,Spot Price FOB,EER_EPMRU_PF4_Y35NY_DPG,New York Harbor Conventional Gasoline Regular Spot Price FOB (Dollars per Gallon),1.968,$/GAL
2025-11-06,Y35NY,NEW YORK CITY,EPD2F,No 2 Fuel Oil / Heating Oil,PF4,Spot Price FOB,EER_EPD2F_PF4_Y35NY_DPG,New York Harbor No. 2 Heating Oil Spot Price FOB (Dollars per Gallon),2.403,$/GAL
2025-11-06,ZEU,NA,EPCBRENT,UK Brent Crude Oil,PF4,Spot Price FOB,RBRTE,Europe Brent Spot Price FOB (Dollars per Barrel),63.41,$/BBL
2025-11-06,Y05LA,LOS ANGELES,EPD2DC,Carb Diesel,PF4,Spot Price FOB,EER_EPD2DC_PF4_Y05LA_DPG,"Los Angeles, CA Ultra-Low Sulfur CARB Diesel Spot Price (Dollars per Gallon)",2.701,$/GAL
2025-11-05,RGC,NA,EPJK,Kerosene-Type Jet Fuel,PF4,Spot Price FOB,EER_EPJK_PF4_RGC_DPG,U.S. Gulf Coast Kerosene-Type Jet Fuel Spot Price FOB (Dollars per Gallon),2.278,$/GAL
2025-11-05,Y35NY,NEW YORK CITY,EPD2F,No 2 Fuel Oil / Heating Oil,PF4,Spot Price FOB,EER_EPD2F_PF4_Y35NY_DPG,New York Harbor No. 2 Heating Oil Spot Price FOB (Dollars per Gallon),2.333,$/GAL
2025-11-05,Y35NY,NEW YORK CITY,EPMRU,Conventional Regular Gasoline,PF4,Spot Price FOB,EER_EPMRU_PF4_Y35NY_DPG,New York Harbor Conventional Gasoline Regular Spot Price FOB (Dollars per Gallon),1.919,$/GAL
2025-11-05,Y05LA,LOS ANGELES,EPMRR,Reformulated Regular Gasoline,PF4,Spot Price FOB,EER_EPMRR_PF4_Y05LA_DPG,Los Angeles Reformulated RBOB Regular Gasoline Spot Price (Dollars per Gallon),2.772,$/GAL
2025-11-05,Y05LA,LOS ANGELES,EPD2DC,Carb Diesel,PF4,Spot Price FOB,EER_EPD2DC_PF4_Y05LA_DPG,"Los Angeles, CA Ultra-Low Sulfur CARB Diesel Spot Price (Dollars per Gallon)",2.63,$/GAL
2025-11-05,ZEU,NA,EPCBRENT,UK Brent Crude Oil,PF4,Spot Price FOB,RBRTE,Europe Brent Spot Price FOB (Dollars per Barrel),63.54,$/BBL
2025-11-05,Y35NY,NEW YORK CITY,EPD2DXL0,No 2 Diesel Low Sulfur (0-15 ppm),PF4,Spot Price FOB,EER_EPD2DXL0_PF4_Y35NY_DPG,New York Harbor Ultra-Low Sulfur No 2 Diesel Spot Price (Dollars per Gallon),2.48,$/GAL
2025-11-05,RGC,NA,EPMRU,Conventional Regular Gasoline,PF4,Spot Price FOB,EER_EPMRU_PF4_RGC_DPG,U.S. Gulf Coast Conventional Gasoline Regular Spot Price FOB (Dollars per Gallon),1.952,$/GAL
2025-11-05,Y44MB,NA,EPLLPA,Propane,PF4,Spot Price FOB,EER_EPLLPA_PF4_Y44MB_DPG,"Mont Belvieu, TX Propane Spot Price FOB (Dollars per Gallon)",.589,$/GAL
2025-11-05,YCUOK,NA,EPCWTI,WTI Crude Oil,PF4,Spot Price FOB,RWTC,"Cushing, OK WTI Spot Price FOB (Dollars per Barrel)",60.4,$/BBL
2025-11-05,RGC,NA,EPD2DXL0,No 2 Diesel Low Sulfur (0-15 ppm),PF4,Spot Price FOB,EER_EPD2DXL0_PF4_RGC_DPG,U.S. Gulf Coast Ultra-Low Sulfur No 2 Diesel Spot Price (Dollars per Gallon),2.338,$/GAL
2025-11-04,RGC,NA,EPJK,Kerosene-Type Jet Fuel,PF4,Spot Price FOB,EER_EPJK_PF4_RGC_DPG,U.S. Gulf Coast Kerosene-Type Jet Fuel Spot Price FOB (Dollars per Gallon),2.286,$/GAL
2025-11-04,RGC,NA,EPMRU,Conventional Regular Gasoline,PF4,Spot Price FOB,EER_EPMRU_PF4_RGC_DPG,U.S. Gulf Coast Conventional Gasoline Regular Spot Price FOB (Dollars per Gallon),1.97,$/GAL
2025-11-04,Y05LA,LOS ANGELES,EPMRR,Reformulated Regular Gasoline,PF4,Spot Price FOB,EER_EPMRR_PF4_Y05LA_DPG,Los Angeles Reformulated RBOB Regular Gasoline Spot Price (Dollars per Gallon),2.573,$/GAL
2025-11-04,Y35NY,NEW YORK CITY,EPD2DXL0,No 2 Diesel Low Sulfur (0-15 ppm),PF4,Spot Price FOB,EER_EPD2DXL0_PF4_Y35NY_DPG,New York Harbor Ultra-Low Sulfur No 2 Diesel Spot Price (Dollars per Gallon),2.488,$/GAL
2025-11-04,Y35NY,NEW YORK CITY,EPMRU,Conventional Regular Gasoline,PF4,Spot Price FOB,EER_EPMRU_PF4_Y35NY_DPG,New York Harbor Conventional Gasoline Regular Spot Price FOB (Dollars per Gallon),1.925,$/GAL
2025-11-04,YCUOK,NA,EPCWTI,WTI Crude Oil,PF4,Spot Price FOB,RWTC,"Cushing, OK WTI Spot Price FOB (Dollars per Barrel)",61.38,$/BBL
2025-11-04,ZEU,NA,EPCBRENT,UK Brent Crude Oil,PF4,Spot Price FOB,RBRTE,Europe Brent Spot Price FOB (Dollars per Barrel),65.04,$/BBL
2025-11-04,Y35NY,NEW YORK CITY,EPD2F,No 2 Fuel Oil / Heating Oil,PF4,Spot Price FOB,EER_EPD2F_PF4_Y35NY_DPG,New York Harbor No. 2 Heating Oil Spot Price FOB (Dollars per Gallon),2.341,$/GAL
2025-11-04,Y44MB,NA,EPLLPA,Propane,PF4,Spot Price FOB,EER_EPLLPA_PF4_Y44MB_DPG,"Mont Belvieu, TX Propane Spot Price FOB (Dollars per Gallon)",.608,$/GAL
2025-11-04,Y05LA,LOS ANGELES,EPD2DC,Carb Diesel,PF4,Spot Price FOB,EER_EPD2DC_PF4_Y05LA_DPG,"Los Angeles, CA Ultra-Low Sulfur CARB Diesel Spot Price (Dollars per Gallon)",2.538,$/GAL
2025-11-04,RGC,NA,EPD2DXL0,No 2 Diesel Low Sulfur (0-15 ppm),PF4,Spot Price FOB,EER_EPD2DXL0_PF4_RGC_DPG,U.S. Gulf Coast Ultra-Low Sulfur No 2 Diesel Spot Price (Dollars per Gallon),2.356,$/GAL
2025-11-03,RGC,NA,EPD2DXL0,No 2 Diesel Low Sulfur (0-15 ppm),PF4,Spot Price FOB,EER_EPD2DXL0_PF4_RGC_DPG,U.S. Gulf Coast Ultra-Low Sulfur No 2 Diesel Spot Price (Dollars per Gallon),2.324,$/GAL
2025-11-03,ZEU,NA,EPCBRENT,UK Brent Crude Oil,PF4,Spot Price FOB,RBRTE,Europe Brent Spot Price FOB (Dollars per Barrel),65.79,$/BBL
2025-11-03,Y35NY,NEW YORK CITY,EPD2DXL0,No 2 Diesel Low Sulfur (0-15 ppm),PF4,Spot Price FOB,EER_EPD2DXL0_PF4_Y35NY_DPG,New York Harbor Ultra-Low Sulfur No 2 Diesel Spot Price (Dollars per Gallon),2.456,$/GAL
2025-11-03,Y05LA,LOS ANGELES,EPD2DC,Carb Diesel,PF4,Spot Price FOB,EER_EPD2DC_PF4_Y05LA_DPG,"Los Angeles, CA Ultra-Low Sulfur CARB Diesel Spot Price (Dollars per Gallon)",2.506,$/GAL
2025-11-03,Y35NY,NEW YORK CITY,EPMRU,Conventional Regular Gasoline,PF4,Spot Price FOB,EER_EPMRU_PF4_Y35NY_DPG,New York Harbor Conventional Gasoline Regular Spot Price FOB (Dollars per Gallon),1.923,$/GAL
2025-11-03,Y44MB,NA,EPLLPA,Propane,PF4,Spot Price FOB,EER_EPLLPA_PF4_Y44MB_DPG,"Mont Belvieu, TX Propane Spot Price FOB (Dollars per Gallon)",.635,$/GAL
2025-11-03,YCUOK,NA,EPCWTI,WTI Crude Oil,PF4,Spot Price FOB,RWTC,"Cushing, OK WTI Spot Price FOB (Dollars per Barrel)",61.79,$/BBL
2025-11-03,RGC,NA,EPMRU,Conventional Regular Gasoline,PF4,Spot Price FOB,EER_EPMRU_PF4_RGC_DPG,U.S. Gulf Coast Conventional Gasoline Regular Spot Price FOB (Dollars per Gallon),1.946,$/GAL
2025-11-03,Y05LA,LOS ANGELES,EPMRR,Reformulated Regular Gasoline,PF4,Spot Price FOB,EER_EPMRR_PF4_Y05LA_DPG,Los Angeles Reformulated RBOB Regular Gasoline Spot Price (Dollars per Gallon),2.571,$/GAL
2025-11-03,RGC,NA,EPJK,Kerosene-Type Jet Fuel,PF4,Spot Price FOB,EER_EPJK_PF4_RGC_DPG,U.S. Gulf Coast Kerosene-Type Jet Fuel Spot Price FOB (Dollars per Gallon),2.254,$/GAL
2025-11-03,Y35NY,NEW YORK CITY,EPD2F,No 2 Fuel Oil / Heating Oil,PF4,Spot Price FOB,EER_EPD2F_PF4_Y35NY_DPG,New York Harbor No. 2 Heating Oil Spot Price FOB (Dollars per Gallon),2.309,$/GAL
2025-10-31,Y35NY,NEW YORK CITY,EPD2DXL0,No 2 Diesel Low Sulfur (0-15 ppm),PF4,Spot Price FOB,EER_EPD2DXL0_PF4_Y35NY_DPG,New York Harbor Ultra-Low Sulfur No 2 Diesel Spot Price (Dollars per Gallon),2.447,$/GAL
2025-10-31,RGC,NA,EPJK,Kerosene-Type Jet Fuel,PF4,Spot Price FOB,EER_EPJK_PF4_RGC_DPG,U.S. Gulf Coast Kerosene-Type Jet Fuel Spot Price FOB (Dollars per Gallon),2.245,$/GAL
2025-10-31,RGC,NA,EPD2DXL0,No 2 Diesel Low Sulfur (0-15 ppm),PF4,Spot Price FOB,EER_EPD2DXL0_PF4_RGC_DPG,U.S. Gulf Coast Ultra-Low Sulfur No 2 Diesel Spot Price (Dollars per Gallon),2.315,$/GAL
2025-10-31,Y44MB,NA,EPLLPA,Propane,PF4,Spot Price FOB,EER_EPLLPA_PF4_Y44MB_DPG,"Mont Belvieu, TX Propane Spot Price FOB (Dollars per Gallon)",.648,$/GAL
2025-10-31,ZEU,NA,EPCBRENT,UK Brent Crude Oil,PF4,Spot Price FOB,RBRTE,Europe Brent Spot Price FOB (Dollars per Barrel),65.44,$/BBL
2025-10-31,Y05LA,LOS ANGELES,EPD2DC,Carb Diesel,PF4,Spot Price FOB,EER_EPD2DC_PF4_Y05LA_DPG,"Los Angeles, CA Ultra-Low Sulfur CARB Diesel Spot Price (Dollars per Gallon)",2.527,$/GAL
2025-10-31,Y35NY,NEW YORK CITY,EPMRU,Conventional Regular Gasoline,PF4,Spot Price FOB,EER_EPMRU_PF4_Y35NY_DPG,New York Harbor Conventional Gasoline Regular Spot Price FOB (Dollars per Gallon),1.904,$/GAL
2025-10-31,Y35NY,NEW YORK CITY,EPD2F,No 2 Fuel Oil / Heating Oil,PF4,Spot Price FOB,EER_EPD2F_PF4_Y35NY_DPG,New York Harbor No. 2 Heating Oil Spot Price FOB (Dollars per Gallon),2.3,$/GAL
2025-10-31,Y05LA,LOS ANGELES,EPMRR,Reformulated Regular Gasoline,PF4,Spot Price FOB,EER_EPMRR_PF4_Y05LA_DPG,Los Angeles Reformulated RBOB Regular Gasoline Spot Price (Dollars per Gallon),2.525,$/GAL
2025-10-31,YCUOK,NA,EPCWTI,WTI Crude Oil,PF4,Spot Price FOB,RWTC,"Cushing, OK WTI Spot Price FOB (Dollars per Barrel)",61.75,$/BBL
2025-10-31,RGC,NA,EPMRU,Conventional Regular Gasoline,PF4,Spot Price FOB,EER_EPMRU_PF4_RGC_DPG,U.S. Gulf Coast Conventional Gasoline Regular Spot Price FOB (Dollars per Gallon),1.906,$/GAL
2025-10-30,Y05LA,LOS ANGELES,EPD2DC,Carb Diesel,PF4,Spot Price FOB,EER_EPD2DC_PF4_Y05LA_DPG,"Los Angeles, CA Ultra-Low Sulfur CARB Diesel Spot Price (Dollars per Gallon)",2.495,$/GAL
2025-10-30,RGC,NA,EPD2DXL0,No 2 Diesel Low Sulfur (0-15 ppm),PF4,Spot Price FOB,EER_EPD2DXL0_PF4_RGC_DPG,U.S. Gulf Coast Ultra-Low Sulfur No 2 Diesel Spot Price (Dollars per Gallon),2.318,$/GAL
2025-10-30,ZEU,NA,EPCBRENT,UK Brent Crude Oil,PF4,Spot Price FOB,RBRTE,Europe Brent Spot Price FOB (Dollars per Barrel),65.11,$/BBL
2025-10-30,Y05LA,LOS ANGELES,EPMRR,Reformulated Regular Gasoline,PF4,Spot Price FOB,EER_EPMRR_PF4_Y05LA_DPG,Los Angeles Reformulated RBOB Regular Gasoline Spot Price (Dollars per Gallon),2.75,$/GAL
2025-10-30,Y35NY,NEW YORK CITY,EPD2DXL0,No 2 Diesel Low Sulfur (0-15 ppm),PF4,Spot Price FOB,EER_EPD2DXL0_PF4_Y35NY_DPG,New York Harbor Ultra-Low Sulfur No 2 Diesel Spot Price (Dollars per Gallon),2.475,$/GAL
2025-10-30,Y35NY,NEW YORK CITY,EPMRU,Conventional Regular Gasoline,PF4,Spot Price FOB,EER_EPMRU_PF4_Y35NY_DPG,New York Harbor Conventional Gasoline Regular Spot Price FOB (Dollars per Gallon),1.998,$/GAL
2025-10-30,RGC,NA,EPMRU,Conventional Regular Gasoline,PF4,Spot Price FOB,EER_EPMRU_PF4_RGC_DPG,U.S. Gulf Coast Conventional Gasoline Regular Spot Price FOB (Dollars per Gallon),1.922,$/GAL
2025-10-30,Y44MB,NA,EPLLPA,Propane,PF4,Spot Price FOB,EER_EPLLPA_PF4_Y44MB_DPG,"Mont Belvieu, TX Propane Spot Price FOB (Dollars per Gallon)",.651,$/GAL
2025-10-30,RGC,NA,EPJK,Kerosene-Type Jet Fuel,PF4,Spot Price FOB,EER_EPJK_PF4_RGC_DPG,U.S. Gulf Coast Kerosene-Type Jet Fuel Spot Price FOB (Dollars per Gallon),2.256,$/GAL
2025-10-30,Y35NY,NEW YORK CITY,EPD2F,No 2 Fuel Oil / Heating Oil,PF4,Spot Price FOB,EER_EPD2F_PF4_Y35NY_DPG,New York Harbor No. 2 Heating Oil Spot Price FOB (Dollars per Gallon),2.328,$/GAL
2025-10-30,YCUOK,NA,EPCWTI,WTI Crude Oil,PF4,Spot Price FOB,RWTC,"Cushing, OK WTI Spot Price FOB (Dollars per Barrel)",61.36,$/BBL
2025-10-29,Y35NY,NEW YORK CITY,EPD2DXL0,No 2 Diesel Low Sulfur (0-15 ppm),PF4,Spot Price FOB,EER_EPD2DXL0_PF4_Y35NY_DPG,New York Harbor Ultra-Low Sulfur No 2 Diesel Spot Price (Dollars per Gallon),2.471,$/GAL
2025-10-29,Y05LA,LOS ANGELES,EPMRR,Reformulated Regular Gasoline,PF4,Spot Price FOB,EER_EPMRR_PF4_Y05LA_DPG,Los Angeles Reformulated RBOB Regular Gasoline Spot Price (Dollars per Gallon),2.428,$/GAL
2025-10-29,YCUOK,NA,EPCWTI,WTI Crude Oil,PF4,Spot Price FOB,RWTC,"Cushing, OK WTI Spot Price FOB (Dollars per Barrel)",61.26,$/BBL
2025-10-29,Y44MB,NA,EPLLPA,Propane,PF4,Spot Price FOB,EER_EPLLPA_PF4_Y44MB_DPG,"Mont Belvieu, TX Propane Spot Price FOB (Dollars per Gallon)",.65,$/GAL
2025-10-29,RGC,NA,EPD2DXL0,No 2 Diesel Low Sulfur (0-15 ppm),PF4,Spot Price FOB,EER_EPD2DXL0_PF4_RGC_DPG,U.S. Gulf Coast Ultra-Low Sulfur No 2 Diesel Spot Price (Dollars per Gallon),2.318,$/GAL
2025-10-29,RGC,NA,EPJK,Kerosene-Type Jet Fuel,PF4,Spot Price FOB,EER_EPJK_PF4_RGC_DPG,U.S. Gulf Coast Kerosene-Type Jet Fuel Spot Price FOB (Dollars per Gallon),2.256,$/GAL
2025-10-29,RGC,NA,EPMRU,Conventional Regular Gasoline,PF4,Spot Price FOB,EER_EPMRU_PF4_RGC_DPG,U.S. Gulf Coast Conventional Gasoline Regular Spot Price FOB (Dollars per Gallon),1.929,$/GAL
2025-10-29,Y05LA,LOS ANGELES,EPD2DC,Carb Diesel,PF4,Spot Price FOB,EER_EPD2DC_PF4_Y05LA_DPG,"Los Angeles, CA Ultra-Low Sulfur CARB Diesel Spot Price (Dollars per Gallon)",2.556,$/GAL
2025-10-29,Y35NY,NEW YORK CITY,EPMRU,Conventional Regular Gasoline,PF4,Spot Price FOB,EER_EPMRU_PF4_Y35NY_DPG,New York Harbor Conventional Gasoline Regular Spot Price FOB (Dollars per Gallon),1.98,$/GAL
2025-10-29,ZEU,NA,EPCBRENT,UK Brent Crude Oil,PF4,Spot Price FOB,RBRTE,Europe Brent Spot Price FOB (Dollars per Barrel),65.01,$/BBL
2025-10-29,Y35NY,NEW YORK CITY,EPD2F,No 2 Fuel Oil / Heating Oil,PF4,Spot Price FOB,EER_EPD2F_PF4_Y35NY_DPG,New York Harbor No. 2 Heating Oil Spot Price FOB (Dollars per Gallon),2.323,$/GAL
2025-10-28,Y35NY,NEW YORK CITY,EPD2DXL0,No 2 Diesel Low Sulfur (0-15 ppm),PF4,Spot Price FOB,EER_EPD2DXL0_PF4_Y35NY_DPG,New York Harbor Ultra-Low Sulfur No 2 Diesel Spot Price (Dollars per Gallon),2.418,$/GAL
2025-10-28,Y35NY,NEW YORK CITY,EPD2F,No 2 Fuel Oil / Heating Oil,PF4,Spot Price FOB,EER_EPD2F_PF4_Y35NY_DPG,New York Harbor No. 2 Heating Oil Spot Price FOB (Dollars per Gallon),2.271,$/GAL
2025-10-28,RGC,NA,EPMRU,Conventional Regular Gasoline,PF4,Spot Price FOB,EER_EPMRU_PF4_RGC_DPG,U.S. Gulf Coast Conventional Gasoline Regular Spot Price FOB (Dollars per Gallon),1.847,$/GAL
2025-10-28,Y05LA,LOS ANGELES,EPMRR,Reformulated Regular Gasoline,PF4,Spot Price FOB,EER_EPMRR_PF4_Y05LA_DPG,Los Angeles Reformulated RBOB Regular Gasoline Spot Price (Dollars per Gallon),2.268,$/GAL
2025-10-28,ZEU,NA,EPCBRENT,UK Brent Crude Oil,PF4,Spot Price FOB,RBRTE,Europe Brent Spot Price FOB (Dollars per Barrel),64.03,$/BBL
2025-10-28,RGC,NA,EPD2DXL0,No 2 Diesel Low Sulfur (0-15 ppm),PF4,Spot Price FOB,EER_EPD2DXL0_PF4_RGC_DPG,U.S. Gulf Coast Ultra-Low Sulfur No 2 Diesel Spot Price (Dollars per Gallon),2.268,$/GAL
2025-10-28,Y44MB,NA,EPLLPA,Propane,PF4,Spot Price FOB,EER_EPLLPA_PF4_Y44MB_DPG,"Mont Belvieu, TX Propane Spot Price FOB (Dollars per Gallon)",.648,$/GAL
2025-10-28,YCUOK,NA,EPCWTI,WTI Crude Oil,PF4,Spot Price FOB,RWTC,"Cushing, OK WTI Spot Price FOB (Dollars per Barrel)",60.97,$/BBL
2025-10-28,RGC,NA,EPJK,Kerosene-Type Jet Fuel,PF4,Spot Price FOB,EER_EPJK_PF4_RGC_DPG,U.S. Gulf Coast Kerosene-Type Jet Fuel Spot Price FOB (Dollars per Gallon),2.25,$/GAL
2025-10-28,Y35NY,NEW YORK CITY,EPMRU,Conventional Regular Gasoline,PF4,Spot Price FOB,EER_EPMRU_PF4_Y35NY_DPG,New York Harbor Conventional Gasoline Regular Spot Price FOB (Dollars per Gallon),1.926,$/GAL
2025-10-28,Y05LA,LOS ANGELES,EPD2DC,Carb Diesel,PF4,Spot Price FOB,EER_EPD2DC_PF4_Y05LA_DPG,"Los Angeles, CA Ultra-Low Sulfur CARB Diesel Spot Price (Dollars per Gallon)",2.503,$/GAL
2025-10-27,Y35NY,NEW YORK CITY,EPD2DXL0,No 2 Diesel Low Sulfur (0-15 ppm),PF4,Spot Price FOB,EER_EPD2DXL0_PF4_Y35NY_DPG,New York Harbor Ultra-Low Sulfur No 2 Diesel Spot Price (Dollars per Gallon),2.493,$/GAL
2025-10-27,RGC,NA,EPJK,Kerosene-Type Jet Fuel,PF4,Spot Price FOB,EER_EPJK_PF4_RGC_DPG,U.S. Gulf Coast Kerosene-Type Jet Fuel Spot Price FOB (Dollars per Gallon),2.322,$/GAL
2025-10-27,RGC,NA,EPMRU,Conventional Regular Gasoline,PF4,Spot Price FOB,EER_EPMRU_PF4_RGC_DPG,U.S. Gulf Coast Conventional Gasoline Regular Spot Price FOB (Dollars per Gallon),1.867,$/GAL
2025-10-27,RGC,NA,EPD2DXL0,No 2 Diesel Low Sulfur (0-15 ppm),PF4,Spot Price FOB,EER_EPD2DXL0_PF4_RGC_DPG,U.S. Gulf Coast Ultra-Low Sulfur No 2 Diesel Spot Price (Dollars per Gallon),2.339,$/GAL
2025-10-27,Y05LA,LOS ANGELES,EPD2DC,Carb Diesel,PF4,Spot Price FOB,EER_EPD2DC_PF4_Y05LA_DPG,"Los Angeles, CA Ultra-Low Sulfur CARB Diesel Spot Price (Dollars per Gallon)",2.578,$/GAL
2025-10-27,Y44MB,NA,EPLLPA,Propane,PF4,Spot Price FOB,EER_EPLLPA_PF4_Y44MB_DPG,"Mont Belvieu, TX Propane Spot Price FOB (Dollars per Gallon)",.674,$/GAL
2025-10-27,YCUOK,NA,EPCWTI,WTI Crude Oil,PF4,Spot Price FOB,RWTC,"Cushing, OK WTI Spot Price FOB (Dollars per Barrel)",62.13,$/BBL
2025-10-27,Y05LA,LOS ANGELES,EPMRR,Reformulated Regular Gasoline,PF4,Spot Price FOB,EER_EPMRR_PF4_Y05LA_DPG,Los Angeles Reformulated RBOB Regular Gasoline Spot Price (Dollars per Gallon),2.268,$/GAL
2025-10-27,ZEU,NA,EPCBRENT,UK Brent Crude Oil,PF4,Spot Price FOB,RBRTE,Europe Brent Spot Price FOB (Dollars per Barrel),65.52,$/BBL
2025-10-27,Y35NY,NEW YORK CITY,EPMRU,Conventional Regular Gasoline,PF4,Spot Price FOB,EER_EPMRU_PF4_Y35NY_DPG,New York Harbor Conventional Gasoline Regular Spot Price FOB (Dollars per Gallon),1.936,$/GAL
2025-10-27,Y35NY,NEW YORK CITY,EPD2F,No 2 Fuel Oil / Heating Oil,PF4,Spot Price FOB,EER_EPD2F_PF4_Y35NY_DPG,New York Harbor No. 2 Heating Oil Spot Price FOB (Dollars per Gallon),2.345,$/GAL
2025-10-24,ZEU,NA,EPCBRENT,UK Brent Crude Oil,PF4,Spot Price FOB,RBRTE,Europe Brent Spot Price FOB (Dollars per Barrel),65.8,$/BBL
2025-10-24,YCUOK,NA,EPCWTI,WTI Crude Oil,PF4,Spot Price FOB,RWTC,"Cushing, OK WTI Spot Price FOB (Dollars per Barrel)",62.27,$/BBL
2025-10-24,Y05LA,LOS ANGELES,EPMRR,Reformulated Regular Gasoline,PF4,Spot Price FOB,EER_EPMRR_PF4_Y05LA_DPG,Los Angeles Reformulated RBOB Regular Gasoline Spot Price (Dollars per Gallon),2.188,$/GAL
2025-10-24,RGC,NA,EPD2DXL0,No 2 Diesel Low Sulfur (0-15 ppm),PF4,Spot Price FOB,EER_EPD2DXL0_PF4_RGC_DPG,U.S. Gulf Coast Ultra-Low Sulfur No 2 Diesel Spot Price (Dollars per Gallon),2.297,$/GAL
2025-10-24,Y05LA,LOS ANGELES,EPD2DC,Carb Diesel,PF4,Spot Price FOB,EER_EPD2DC_PF4_Y05LA_DPG,"Los Angeles, CA Ultra-Low Sulfur CARB Diesel Spot Price (Dollars per Gallon)",2.532,$/GAL
2025-10-24,Y35NY,NEW YORK CITY,EPMRU,Conventional Regular Gasoline,PF4,Spot Price FOB,EER_EPMRU_PF4_Y35NY_DPG,New York Harbor Conventional Gasoline Regular Spot Price FOB (Dollars per Gallon),1.925,$/GAL
2025-10-24,RGC,NA,EPMRU,Conventional Regular Gasoline,PF4,Spot Price FOB,EER_EPMRU_PF4_RGC_DPG,U.S. Gulf Coast Conventional Gasoline Regular Spot Price FOB (Dollars per Gallon),1.848,$/GAL
2025-10-24,Y44MB,NA,EPLLPA,Propane,PF4,Spot Price FOB,EER_EPLLPA_PF4_Y44MB_DPG,"Mont Belvieu, TX Propane Spot Price FOB (Dollars per Gallon)",.664,$/GAL
2025-10-24,RGC,NA,EPJK,Kerosene-Type Jet Fuel,PF4,Spot Price FOB,EER_EPJK_PF4_RGC_DPG,U.S. Gulf Coast Kerosene-Type Jet Fuel Spot Price FOB (Dollars per Gallon),2.277,$/GAL
2025-10-24,Y35NY,NEW YORK CITY,EPD2DXL0,No 2 Diesel Low Sulfur (0-15 ppm),PF4,Spot Price FOB,EER_EPD2DXL0_PF4_Y35NY_DPG,New York Harbor Ultra-Low Sulfur No 2 Diesel Spot Price (Dollars per Gallon),2.447,$/GAL
2025-10-24,Y35NY,NEW YORK CITY,EPD2F,No 2 Fuel Oil / Heating Oil,PF4,Spot Price FOB,EER_EPD2F_PF4_Y35NY_DPG,New York Harbor No. 2 Heating Oil Spot Price FOB (Dollars per Gallon),2.299,$/GAL
2025-10-23,YCUOK,NA,EPCWTI,WTI Crude Oil,PF4,Spot Price FOB,RWTC,"Cushing, OK WTI Spot Price FOB (Dollars per Barrel)",62.44,$/BBL
2025-10-23,Y35NY,NEW YORK CITY,EPD2F,No 2 Fuel Oil / Heating Oil,PF4,Spot Price FOB,EER_EPD2F_PF4_Y35NY_DPG,New York Harbor No. 2 Heating Oil Spot Price FOB (Dollars per Gallon),2.291,$/GAL
2025-10-23,Y05LA,LOS ANGELES,EPMRR,Reformulated Regular Gasoline,PF4,Spot Price FOB,EER_EPMRR_PF4_Y05LA_DPG,Los Angeles Reformulated RBOB Regular Gasoline Spot Price (Dollars per Gallon),2.194,$/GAL
2025-10-23,Y35NY,NEW YORK CITY,EPMRU,Conventional Regular Gasoline,PF4,Spot Price FOB,EER_EPMRU_PF4_Y35NY_DPG,New York Harbor Conventional Gasoline Regular Spot Price FOB (Dollars per Gallon),1.931,$/GAL
2025-10-23,Y05LA,LOS ANGELES,EPD2DC,Carb Diesel,PF4,Spot Price FOB,EER_EPD2DC_PF4_Y05LA_DPG,"Los Angeles, CA Ultra-Low Sulfur CARB Diesel Spot Price (Dollars per Gallon)",2.523,$/GAL
2025-10-23,RGC,NA,EPMRU,Conventional Regular Gasoline,PF4,Spot Price FOB,EER_EPMRU_PF4_RGC_DPG,U.S. Gulf Coast Conventional Gasoline Regular Spot Price FOB (Dollars per Gallon),1.959,$/GAL
2025-10-23,Y35NY,NEW YORK CITY,EPD2DXL0,No 2 Diesel Low Sulfur (0-15 ppm),PF4,Spot Price FOB,EER_EPD2DXL0_PF4_Y35NY_DPG,New York Harbor Ultra-Low Sulfur No 2 Diesel Spot Price (Dollars per Gallon),2.438,$/GAL
2025-10-23,RGC,NA,EPJK,Kerosene-Type Jet Fuel,PF4,Spot Price FOB,EER_EPJK_PF4_RGC_DPG,U.S. Gulf Coast Kerosene-Type Jet Fuel Spot Price FOB (Dollars per Gallon),2.265,$/GAL
2025-10-23,RGC,NA,EPD2DXL0,No 2 Diesel Low Sulfur (0-15 ppm),PF4,Spot Price FOB,EER_EPD2DXL0_PF4_RGC_DPG,U.S. Gulf Coast Ultra-Low Sulfur No 2 Diesel Spot Price (Dollars per Gallon),2.285,$/GAL
2025-10-23,ZEU,NA,EPCBRENT,UK Brent Crude Oil,PF4,Spot Price FOB,RBRTE,Europe Brent Spot Price FOB (Dollars per Barrel),66.32,$/BBL
2025-10-23,Y44MB,NA,EPLLPA,Propane,PF4,Spot Price FOB,EER_EPLLPA_PF4_Y44MB_DPG,"Mont Belvieu, TX Propane Spot Price FOB (Dollars per Gallon)",.64,$/GAL
2025-10-22,RGC,NA,EPD2DXL0,No 2 Diesel Low Sulfur (0-15 ppm),PF4,Spot Price FOB,EER_EPD2DXL0_PF4_RGC_DPG,U.S. Gulf Coast Ultra-Low Sulfur No 2 Diesel Spot Price (Dollars per Gallon),2.179,$/GAL
2025-10-22,RGC,NA,EPJK,Kerosene-Type Jet Fuel,PF4,Spot Price FOB,EER_EPJK_PF4_RGC_DPG,U.S. Gulf Coast Kerosene-Type Jet Fuel Spot Price FOB (Dollars per Gallon),2.163,$/GAL
2025-10-22,YCUOK,NA,EPCWTI,WTI Crude Oil,PF4,Spot Price FOB,RWTC,"Cushing, OK WTI Spot Price FOB (Dollars per Barrel)",59.3,$/BBL
2025-10-22,RGC,NA,EPMRU,Conventional Regular Gasoline,PF4,Spot Price FOB,EER_EPMRU_PF4_RGC_DPG,U.S. Gulf Coast Conventional Gasoline Regular Spot Price FOB (Dollars per Gallon),1.914,$/GAL
2025-10-22,ZEU,NA,EPCBRENT,UK Brent Crude Oil,PF4,Spot Price FOB,RBRTE,Europe Brent Spot Price FOB (Dollars per Barrel),62.28,$/BBL
2025-10-22,Y35NY,NEW YORK CITY,EPD2DXL0,No 2 Diesel Low Sulfur (0-15 ppm),PF4,Spot Price FOB,EER_EPD2DXL0_PF4_Y35NY_DPG,New York Harbor Ultra-Low Sulfur No 2 Diesel Spot Price (Dollars per Gallon),2.331,$/GAL
2025-10-22,Y05LA,LOS ANGELES,EPD2DC,Carb Diesel,PF4,Spot Price FOB,EER_EPD2DC_PF4_Y05LA_DPG,"Los Angeles, CA Ultra-Low Sulfur CARB Diesel Spot Price (Dollars per Gallon)",2.416,$/GAL
2025-10-22,Y05LA,LOS ANGELES,EPMRR,Reformulated Regular Gasoline,PF4,Spot Price FOB,EER_EPMRR_PF4_Y05LA_DPG,Los Angeles Reformulated RBOB Regular Gasoline Spot Price (Dollars per Gallon),2.175,$/GAL
2025-10-22,Y35NY,NEW YORK CITY,EPMRU,Conventional Regular Gasoline,PF4,Spot Price FOB,EER_EPMRU_PF4_Y35NY_DPG,New York Harbor Conventional Gasoline Regular Spot Price FOB (Dollars per Gallon),1.888,$/GAL
2025-10-22,Y44MB,NA,EPLLPA,Propane,PF4,Spot Price FOB,EER_EPLLPA_PF4_Y44MB_DPG,"Mont Belvieu, TX Propane Spot Price FOB (Dollars per Gallon)",.619,$/GAL
2025-10-22,Y35NY,NEW YORK CITY,EPD2F,No 2 Fuel Oil / Heating Oil,PF4,Spot Price FOB,EER_EPD2F_PF4_Y35NY_DPG,New York Harbor No. 2 Heating Oil Spot Price FOB (Dollars per Gallon),2.183,$/GAL
2025-10-21,RGC,NA,EPJK,Kerosene-Type Jet Fuel,PF4,Spot Price FOB,EER_EPJK_PF4_RGC_DPG,U.S. Gulf Coast Kerosene-Type Jet Fuel Spot Price FOB (Dollars per Gallon),2.097,$/GAL
2025-10-21,RGC,NA,EPD2DXL0,No 2 Diesel Low Sulfur (0-15 ppm),PF4,Spot Price FOB,EER_EPD2DXL0_PF4_RGC_DPG,U.S. Gulf Coast Ultra-Low Sulfur No 2 Diesel Spot Price (Dollars per Gallon),2.113,$/GAL
2025-10-21,Y44MB,NA,EPLLPA,Propane,PF4,Spot Price FOB,EER_EPLLPA_PF4_Y44MB_DPG,"Mont Belvieu, TX Propane Spot Price FOB (Dollars per Gallon)",.604,$/GAL
2025-10-21,Y35NY,NEW YORK CITY,EPD2F,No 2 Fuel Oil / Heating Oil,PF4,Spot Price FOB,EER_EPD2F_PF4_Y35NY_DPG,New York Harbor No. 2 Heating Oil Spot Price FOB (Dollars per Gallon),2.115,$/GAL
2025-10-21,Y35NY,NEW YORK CITY,EPMRU,Conventional Regular Gasoline,PF4,Spot Price FOB,EER_EPMRU_PF4_Y35NY_DPG,New York Harbor Conventional Gasoline Regular Spot Price FOB (Dollars per Gallon),1.84,$/GAL
2025-10-21,ZEU,NA,EPCBRENT,UK Brent Crude Oil,PF4,Spot Price FOB,RBRTE,Europe Brent Spot Price FOB (Dollars per Barrel),61,$/BBL
2025-10-21,RGC,NA,EPMRU,Conventional Regular Gasoline,PF4,Spot Price FOB,EER_EPMRU_PF4_RGC_DPG,U.S. Gulf Coast Conventional Gasoline Regular Spot Price FOB (Dollars per Gallon),1.884,$/GAL
2025-10-21,Y05LA,LOS ANGELES,EPMRR,Reformulated Regular Gasoline,PF4,Spot Price FOB,EER_EPMRR_PF4_Y05LA_DPG,Los Angeles Reformulated RBOB Regular Gasoline Spot Price (Dollars per Gallon),2.143,$/GAL
2025-10-21,Y05LA,LOS ANGELES,EPD2DC,Carb Diesel,PF4,Spot Price FOB,EER_EPD2DC_PF4_Y05LA_DPG,"Los Angeles, CA Ultra-Low Sulfur CARB Diesel Spot Price (Dollars per Gallon)",2.347,$/GAL
2025-10-21,Y35NY,NEW YORK CITY,EPD2DXL0,No 2 Diesel Low Sulfur (0-15 ppm),PF4,Spot Price FOB,EER_EPD2DXL0_PF4_Y35NY_DPG,New York Harbor Ultra-Low Sulfur No 2 Diesel Spot Price (Dollars per Gallon),2.262,$/GAL
2025-10-21,YCUOK,NA,EPCWTI,WTI Crude Oil,PF4,Spot Price FOB,RWTC,"Cushing, OK WTI Spot Price FOB (Dollars per Barrel)",58.66,$/BBL
2025-10-20,Y05LA,LOS ANGELES,EPMRR,Reformulated Regular Gasoline,PF4,Spot Price FOB,EER_EPMRR_PF4_Y05LA_DPG,Los Angeles Reformulated RBOB Regular Gasoline Spot Price (Dollars per Gallon),2.09,$/GAL
2025-10-20,RGC,NA,EPJK,Kerosene-Type Jet Fuel,PF4,Spot Price FOB,EER_EPJK_PF4_RGC_DPG,U.S. Gulf Coast Kerosene-Type Jet Fuel Spot Price FOB (Dollars per Gallon),2.093,$/GAL
2025-10-20,Y35NY,NEW YORK CITY,EPMRU,Conventional Regular Gasoline,PF4,Spot Price FOB,EER_EPMRU_PF4_Y35NY_DPG,New York Harbor Conventional Gasoline Regular Spot Price FOB (Dollars per Gallon),1.837,$/GAL
2025-10-20,Y35NY,NEW YORK CITY,EPD2F,No 2 Fuel Oil / Heating Oil,PF4,Spot Price FOB,EER_EPD2F_PF4_Y35NY_DPG,New York Harbor No. 2 Heating Oil Spot Price FOB (Dollars per Gallon),2.09,$/GAL
2025-10-20,Y35NY,NEW YORK CITY,EPD2DXL0,No 2 Diesel Low Sulfur (0-15 ppm),PF4,Spot Price FOB,EER_EPD2DXL0_PF4_Y35NY_DPG,New York Harbor Ultra-Low Sulfur No 2 Diesel Spot Price (Dollars per Gallon),2.238,$/GAL
2025-10-20,YCUOK,NA,EPCWTI,WTI Crude Oil,PF4,Spot Price FOB,RWTC,"Cushing, OK WTI Spot Price FOB (Dollars per Barrel)",58.34,$/BBL
2025-10-20,RGC,NA,EPD2DXL0,No 2 Diesel Low Sulfur (0-15 ppm),PF4,Spot Price FOB,EER_EPD2DXL0_PF4_RGC_DPG,U.S. Gulf Coast Ultra-Low Sulfur No 2 Diesel Spot Price (Dollars per Gallon),2.096,$/GAL
2025-10-20,Y44MB,NA,EPLLPA,Propane,PF4,Spot Price FOB,EER_EPLLPA_PF4_Y44MB_DPG,"Mont Belvieu, TX Propane Spot Price FOB (Dollars per Gallon)",.581,$/GAL
2025-10-20,Y05LA,LOS ANGELES,EPD2DC,Carb Diesel,PF4,Spot Price FOB,EER_EPD2DC_PF4_Y05LA_DPG,"Los Angeles, CA Ultra-Low Sulfur CARB Diesel Spot Price (Dollars per Gallon)",2.388,$/GAL
2025-10-20,RGC,NA,EPMRU,Conventional Regular Gasoline,PF4,Spot Price FOB,EER_EPMRU_PF4_RGC_DPG,U.S. Gulf Coast Conventional Gasoline Regular Spot Price FOB (Dollars per Gallon),1.88,$/GAL
2025-10-20,ZEU,NA,EPCBRENT,UK Brent Crude Oil,PF4,Spot Price FOB,RBRTE,Europe Brent Spot Price FOB (Dollars per Barrel),60.71,$/BBL
2025-10-17,Y35NY,NEW YORK CITY,EPD2DXL0,No 2 Diesel Low Sulfur (0-15 ppm),PF4,Spot Price FOB,EER_EPD2DXL0_PF4_Y35NY_DPG,New York Harbor Ultra-Low Sulfur No 2 Diesel Spot Price (Dollars per Gallon),2.229,$/GAL
2025-10-17,RGC,NA,EPMRU,Conventional Regular Gasoline,PF4,Spot Price FOB,EER_EPMRU_PF4_RGC_DPG,U.S. Gulf Coast Conventional Gasoline Regular Spot Price FOB (Dollars per Gallon),1.899,$/GAL
2025-10-17,Y44MB,NA,EPLLPA,Propane,PF4,Spot Price FOB,EER_EPLLPA_PF4_Y44MB_DPG,"Mont Belvieu, TX Propane Spot Price FOB (Dollars per Gallon)",.596,$/GAL
2025-10-17,ZEU,NA,EPCBRENT,UK Brent Crude Oil,PF4,Spot Price FOB,RBRTE,Europe Brent Spot Price FOB (Dollars per Barrel),61.23,$/BBL
2025-10-17,RGC,NA,EPD2DXL0,No 2 Diesel Low Sulfur (0-15 ppm),PF4,Spot Price FOB,EER_EPD2DXL0_PF4_RGC_DPG,U.S. Gulf Coast Ultra-Low Sulfur No 2 Diesel Spot Price (Dollars per Gallon),2.115,$/GAL
2025-10-17,Y05LA,LOS ANGELES,EPMRR,Reformulated Regular Gasoline,PF4,Spot Price FOB,EER_EPMRR_PF4_Y05LA_DPG,Los Angeles Reformulated RBOB Regular Gasoline Spot Price (Dollars per Gallon),2.214,$/GAL
2025-10-17,RGC,NA,EPJK,Kerosene-Type Jet Fuel,PF4,Spot Price FOB,EER_EPJK_PF4_RGC_DPG,U.S. Gulf Coast Kerosene-Type Jet Fuel Spot Price FOB (Dollars per Gallon),2.084,$/GAL
2025-10-17,YCUOK,NA,EPCWTI,WTI Crude Oil,PF4,Spot Price FOB,RWTC,"Cushing, OK WTI Spot Price FOB (Dollars per Barrel)",58.3,$/BBL
2025-10-17,Y05LA,LOS ANGELES,EPD2DC,Carb Diesel,PF4,Spot Price FOB,EER_EPD2DC_PF4_Y05LA_DPG,"Los Angeles, CA Ultra-Low Sulfur CARB Diesel Spot Price (Dollars per Gallon)",2.379,$/GAL
2025-10-17,Y35NY,NEW YORK CITY,EPD2F,No 2 Fuel Oil / Heating Oil,PF4,Spot Price FOB,EER_EPD2F_PF4_Y35NY_DPG,New York Harbor No. 2 Heating Oil Spot Price FOB (Dollars per Gallon),2.081,$/GAL
2025-10-17,Y35NY,NEW YORK CITY,EPMRU,Conventional Regular Gasoline,PF4,Spot Price FOB,EER_EPMRU_PF4_Y35NY_DPG,New York Harbor Conventional Gasoline Regular Spot Price FOB (Dollars per Gallon),1.841,$/GAL
2025-10-16,Y05LA,LOS ANGELES,EPD2DC,Carb Diesel,PF4,Spot Price FOB,EER_EPD2DC_PF4_Y05LA_DPG,"Los Angeles, CA Ultra-Low Sulfur CARB Diesel Spot Price (Dollars per Gallon)",2.326,$/GAL
2025-10-16,Y44MB,NA,EPLLPA,Propane,PF4,Spot Price FOB,EER_EPLLPA_PF4_Y44MB_DPG,"Mont Belvieu, TX Propane Spot Price FOB (Dollars per Gallon)",.604,$/GAL
2025-10-16,RGC,NA,EPJK,Kerosene-Type Jet Fuel,PF4,Spot Price FOB,EER_EPJK_PF4_RGC_DPG,U.S. Gulf Coast Kerosene-Type Jet Fuel Spot Price FOB (Dollars per Gallon),2.061,$/GAL
2025-10-16,ZEU,NA,EPCBRENT,UK Brent Crude Oil,PF4,Spot Price FOB,RBRTE,Europe Brent Spot Price FOB (Dollars per Barrel),61.08,$/BBL
2025-10-16,Y35NY,NEW YORK CITY,EPMRU,Conventional Regular Gasoline,PF4,Spot Price FOB,EER_EPMRU_PF4_Y35NY_DPG,New York Harbor Conventional Gasoline Regular Spot Price FOB (Dollars per Gallon),1.826,$/GAL
2025-10-16,RGC,NA,EPMRU,Conventional Regular Gasoline,PF4,Spot Price FOB,EER_EPMRU_PF4_RGC_DPG,U.S. Gulf Coast Conventional Gasoline Regular Spot Price FOB (Dollars per Gallon),1.878,$/GAL
2025-10-16,Y35NY,NEW YORK CITY,EPD2F,No 2 Fuel Oil / Heating Oil,PF4,Spot Price FOB,EER_EPD2F_PF4_Y35NY_DPG,New York Harbor No. 2 Heating Oil Spot Price FOB (Dollars per Gallon),2.058,$/GAL
2025-10-16,RGC,NA,EPD2DXL0,No 2 Diesel Low Sulfur (0-15 ppm),PF4,Spot Price FOB,EER_EPD2DXL0_PF4_RGC_DPG,U.S. Gulf Coast Ultra-Low Sulfur No 2 Diesel Spot Price (Dollars per Gallon),2.096,$/GAL
2025-10-16,Y35NY,NEW YORK CITY,EPD2DXL0,No 2 Diesel Low Sulfur (0-15 ppm),PF4,Spot Price FOB,EER_EPD2DXL0_PF4_Y35NY_DPG,New York Harbor Ultra-Low Sulfur No 2 Diesel Spot Price (Dollars per Gallon),2.206,$/GAL
2025-10-16,YCUOK,NA,EPCWTI,WTI Crude Oil,PF4,Spot Price FOB,RWTC,"Cushing, OK WTI Spot Price FOB (Dollars per Barrel)",58.29,$/BBL
2025-10-16,Y05LA,LOS ANGELES,EPMRR,Reformulated Regular Gasoline,PF4,Spot Price FOB,EER_EPMRR_PF4_Y05LA_DPG,Los Angeles Reformulated RBOB Regular Gasoline Spot Price (Dollars per Gallon),2.318,$/GAL
2025-10-15,Y35NY,NEW YORK CITY,EPMRU,Conventional Regular Gasoline,PF4,Spot Price FOB,EER_EPMRU_PF4_Y35NY_DPG,New York Harbor Conventional Gasoline Regular Spot Price FOB (Dollars per Gallon),1.854,$/GAL
2025-10-15,Y35NY,NEW YORK CITY,EPD2DXL0,No 2 Diesel Low Sulfur (0-15 ppm),PF4,Spot Price FOB,EER_EPD2DXL0_PF4_Y35NY_DPG,New York Harbor Ultra-Low Sulfur No 2 Diesel Spot Price (Dollars per Gallon),2.24,$/GAL
2025-10-15,Y35NY,NEW YORK CITY,EPD2F,No 2 Fuel Oil / Heating Oil,PF4,Spot Price FOB,EER_EPD2F_PF4_Y35NY_DPG,New York Harbor No. 2 Heating Oil Spot Price FOB (Dollars per Gallon),2.093,$/GAL
2025-10-15,RGC,NA,EPJK,Kerosene-Type Jet Fuel,PF4,Spot Price FOB,EER_EPJK_PF4_RGC_DPG,U.S. Gulf Coast Kerosene-Type Jet Fuel Spot Price FOB (Dollars per Gallon),2.095,$/GAL
2025-10-15,ZEU,NA,EPCBRENT,UK Brent Crude Oil,PF4,Spot Price FOB,RBRTE,Europe Brent Spot Price FOB (Dollars per Barrel),62.33,$/BBL
2025-10-15,Y05LA,LOS ANGELES,EPD2DC,Carb Diesel,PF4,Spot Price FOB,EER_EPD2DC_PF4_Y05LA_DPG,"Los Angeles, CA Ultra-Low Sulfur CARB Diesel Spot Price (Dollars per Gallon)",2.29,$/GAL
2025-10-15,YCUOK,NA,EPCWTI,WTI Crude Oil,PF4,Spot Price FOB,RWTC,"Cushing, OK WTI Spot Price FOB (Dollars per Barrel)",59.08,$/BBL
2025-10-15,Y05LA,LOS ANGELES,EPMRR,Reformulated Regular Gasoline,PF4,Spot Price FOB,EER_EPMRR_PF4_Y05LA_DPG,Los Angeles Reformulated RBOB Regular Gasoline Spot Price (Dollars per Gallon),2.336,$/GAL
2025-10-15,Y44MB,NA,EPLLPA,Propane,PF4,Spot Price FOB,EER_EPLLPA_PF4_Y44MB_DPG,"Mont Belvieu, TX Propane Spot Price FOB (Dollars per Gallon)",.62,$/GAL
2025-10-15,RGC,NA,EPMRU,Conventional Regular Gasoline,PF4,Spot Price FOB,EER_EPMRU_PF4_RGC_DPG,U.S. Gulf Coast Conventional Gasoline Regular Spot Price FOB (Dollars per Gallon),1.906,$/GAL
2025-10-15,RGC,NA,EPD2DXL0,No 2 Diesel Low Sulfur (0-15 ppm),PF4,Spot Price FOB,EER_EPD2DXL0_PF4_RGC_DPG,U.S. Gulf Coast Ultra-Low Sulfur No 2 Diesel Spot Price (Dollars per Gallon),2.13,$/GAL
2025-10-14,ZEU,NA,EPCBRENT,UK Brent Crude Oil,PF4,Spot Price FOB,RBRTE,Europe Brent Spot Price FOB (Dollars per Barrel),63,$/BBL
2025-10-14,Y05LA,LOS ANGELES,EPMRR,Reformulated Regular Gasoline,PF4,Spot Price FOB,EER_EPMRR_PF4_Y05LA_DPG,Los Angeles Reformulated RBOB Regular Gasoline Spot Price (Dollars per Gallon),2.318,$/GAL
2025-10-14,RGC,NA,EPJK,Kerosene-Type Jet Fuel,PF4,Spot Price FOB,EER_EPJK_PF4_RGC_DPG,U.S. Gulf Coast Kerosene-Type Jet Fuel Spot Price FOB (Dollars per Gallon),2.105,$/GAL
2025-10-14,Y35NY,NEW YORK CITY,EPD2F,No 2 Fuel Oil / Heating Oil,PF4,Spot Price FOB,EER_EPD2F_PF4_Y35NY_DPG,New York Harbor No. 2 Heating Oil Spot Price FOB (Dollars per Gallon),2.103,$/GAL
2025-10-14,RGC,NA,EPD2DXL0,No 2 Diesel Low Sulfur (0-15 ppm),PF4,Spot Price FOB,EER_EPD2DXL0_PF4_RGC_DPG,U.S. Gulf Coast Ultra-Low Sulfur No 2 Diesel Spot Price (Dollars per Gallon),2.138,$/GAL
2025-10-14,Y35NY,NEW YORK CITY,EPMRU,Conventional Regular Gasoline,PF4,Spot Price FOB,EER_EPMRU_PF4_Y35NY_DPG,New York Harbor Conventional Gasoline Regular Spot Price FOB (Dollars per Gallon),1.836,$/GAL
2025-10-14,RGC,NA,EPMRU,Conventional Regular Gasoline,PF4,Spot Price FOB,EER_EPMRU_PF4_RGC_DPG,U.S. Gulf Coast Conventional Gasoline Regular Spot Price FOB (Dollars per Gallon),1.941,$/GAL
2025-10-14,Y05LA,LOS ANGELES,EPD2DC,Carb Diesel,PF4,Spot Price FOB,EER_EPD2DC_PF4_Y05LA_DPG,"Los Angeles, CA Ultra-Low Sulfur CARB Diesel Spot Price (Dollars per Gallon)",2.3,$/GAL
2025-10-14,Y44MB,NA,EPLLPA,Propane,PF4,Spot Price FOB,EER_EPLLPA_PF4_Y44MB_DPG,"Mont Belvieu, TX Propane Spot Price FOB (Dollars per Gallon)",.61,$/GAL
2025-10-14,YCUOK,NA,EPCWTI,WTI Crude Oil,PF4,Spot Price FOB,RWTC,"Cushing, OK WTI Spot Price FOB (Dollars per Barrel)",59.52,$/BBL
2025-10-14,Y35NY,NEW YORK CITY,EPD2DXL0,No 2 Diesel Low Sulfur (0-15 ppm),PF4,Spot Price FOB,EER_EPD2DXL0_PF4_Y35NY_DPG,New York Harbor Ultra-Low Sulfur No 2 Diesel Spot Price (Dollars per Gallon),2.25,$/GAL
2025-10-13,Y44MB,NA,EPLLPA,Propane,PF4,Spot Price FOB,EER_EPLLPA_PF4_Y44MB_DPG,"Mont Belvieu, TX Propane Spot Price FOB (Dollars per Gallon)",.624,$/GAL
2025-10-13,ZEU,NA,EPCBRENT,UK Brent Crude Oil,PF4,Spot Price FOB,RBRTE,Europe Brent Spot Price FOB (Dollars per Barrel),64.15,$/BBL
2025-10-10,Y35NY,NEW YORK CITY,EPMRU,Conventional Regular Gasoline,PF4,Spot Price FOB,EER_EPMRU_PF4_Y35NY_DPG,New York Harbor Conventional Gasoline Regular Spot Price FOB (Dollars per Gallon),1.827,$/GAL
2025-10-10,YCUOK,NA,EPCWTI,WTI Crude Oil,PF4,Spot Price FOB,RWTC,"Cushing, OK WTI Spot Price FOB (Dollars per Barrel)",59.75,$/BBL
2025-10-10,Y05LA,LOS ANGELES,EPMRR,Reformulated Regular Gasoline,PF4,Spot Price FOB,EER_EPMRR_PF4_Y05LA_DPG,Los Angeles Reformulated RBOB Regular Gasoline Spot Price (Dollars per Gallon),2.3,$/GAL
2025-10-10,Y05LA,LOS ANGELES,EPD2DC,Carb Diesel,PF4,Spot Price FOB,EER_EPD2DC_PF4_Y05LA_DPG,"Los Angeles, CA Ultra-Low Sulfur CARB Diesel Spot Price (Dollars per Gallon)",2.301,$/GAL
2025-10-10,RGC,NA,EPJK,Kerosene-Type Jet Fuel,PF4,Spot Price FOB,EER_EPJK_PF4_RGC_DPG,U.S. Gulf Coast Kerosene-Type Jet Fuel Spot Price FOB (Dollars per Gallon),2.106,$/GAL
2025-10-10,ZEU,NA,EPCBRENT,UK Brent Crude Oil,PF4,Spot Price FOB,RBRTE,Europe Brent Spot Price FOB (Dollars per Barrel),64.41,$/BBL
2025-10-10,Y35NY,NEW YORK CITY,EPD2DXL0,No 2 Diesel Low Sulfur (0-15 ppm),PF4,Spot Price FOB,EER_EPD2DXL0_PF4_Y35NY_DPG,New York Harbor Ultra-Low Sulfur No 2 Diesel Spot Price (Dollars per Gallon),2.251,$/GAL
2025-10-10,RGC,NA,EPD2DXL0,No 2 Diesel Low Sulfur (0-15 ppm),PF4,Spot Price FOB,EER_EPD2DXL0_PF4_RGC_DPG,U.S. Gulf Coast Ultra-Low Sulfur No 2 Diesel Spot Price (Dollars per Gallon),2.141,$/GAL
2025-10-10,Y44MB,NA,EPLLPA,Propane,PF4,Spot Price FOB,EER_EPLLPA_PF4_Y44MB_DPG,"Mont Belvieu, TX Propane Spot Price FOB (Dollars per Gallon)",.611,$/GAL
2025-10-10,RGC,NA,EPMRU,Conventional Regular Gasoline,PF4,Spot Price FOB,EER_EPMRU_PF4_RGC_DPG,U.S. Gulf Coast Conventional Gasoline Regular Spot Price FOB (Dollars per Gallon),1.922,$/GAL
2025-10-10,Y35NY,NEW YORK CITY,EPD2F,No 2 Fuel Oil / Heating Oil,PF4,Spot Price FOB,EER_EPD2F_PF4_Y35NY_DPG,New York Harbor No. 2 Heating Oil Spot Price FOB (Dollars per Gallon),2.104,$/GAL
2025-10-09,ZEU,NA,EPCBRENT,UK Brent Crude Oil,PF4,Spot Price FOB,RBRTE,Europe Brent Spot Price FOB (Dollars per Barrel),67.23,$/BBL
2025-10-09,Y35NY,NEW YORK CITY,EPD2F,No 2 Fuel Oil / Heating Oil,PF4,Spot Price FOB,EER_EPD2F_PF4_Y35NY_DPG,New York Harbor No. 2 Heating Oil Spot Price FOB (Dollars per Gallon),2.177,$/GAL
2025-10-09,Y05LA,LOS ANGELES,EPD2DC,Carb Diesel,PF4,Spot Price FOB,EER_EPD2DC_PF4_Y05LA_DPG,"Los Angeles, CA Ultra-Low Sulfur CARB Diesel Spot Price (Dollars per Gallon)",2.375,$/GAL
2025-10-09,RGC,NA,EPMRU,Conventional Regular Gasoline,PF4,Spot Price FOB,EER_EPMRU_PF4_RGC_DPG,U.S. Gulf Coast Conventional Gasoline Regular Spot Price FOB (Dollars per Gallon),1.979,$/GAL
2025-10-09,RGC,NA,EPD2DXL0,No 2 Diesel Low Sulfur (0-15 ppm),PF4,Spot Price FOB,EER_EPD2DXL0_PF4_RGC_DPG,U.S. Gulf Coast Ultra-Low Sulfur No 2 Diesel Spot Price (Dollars per Gallon),2.217,$/GAL
2025-10-09,Y05LA,LOS ANGELES,EPMRR,Reformulated Regular Gasoline,PF4,Spot Price FOB,EER_EPMRR_PF4_Y05LA_DPG,Los Angeles Reformulated RBOB Regular Gasoline Spot Price (Dollars per Gallon),2.357,$/GAL
2025-10-09,Y44MB,NA,EPLLPA,Propane,PF4,Spot Price FOB,EER_EPLLPA_PF4_Y44MB_DPG,"Mont Belvieu, TX Propane Spot Price FOB (Dollars per Gallon)",.649,$/GAL
2025-10-09,RGC,NA,EPJK,Kerosene-Type Jet Fuel,PF4,Spot Price FOB,EER_EPJK_PF4_RGC_DPG,U.S. Gulf Coast Kerosene-Type Jet Fuel Spot Price FOB (Dollars per Gallon),2.18,$/GAL
2025-10-09,YCUOK,NA,EPCWTI,WTI Crude Oil,PF4,Spot Price FOB,RWTC,"Cushing, OK WTI Spot Price FOB (Dollars per Barrel)",62.36,$/BBL
2025-10-09,Y35NY,NEW YORK CITY,EPMRU,Conventional Regular Gasoline,PF4,Spot Price FOB,EER_EPMRU_PF4_Y35NY_DPG,New York Harbor Conventional Gasoline Regular Spot Price FOB (Dollars per Gallon),1.884,$/GAL
2025-10-09,Y35NY,NEW YORK CITY,EPD2DXL0,No 2 Diesel Low Sulfur (0-15 ppm),PF4,Spot Price FOB,EER_EPD2DXL0_PF4_Y35NY_DPG,New York Harbor Ultra-Low Sulfur No 2 Diesel Spot Price (Dollars per Gallon),2.325,$/GAL
2025-10-08,Y05LA,LOS ANGELES,EPMRR,Reformulated Regular Gasoline,PF4,Spot Price FOB,EER_EPMRR_PF4_Y05LA_DPG,Los Angeles Reformulated RBOB Regular Gasoline Spot Price (Dollars per Gallon),2.506,$/GAL
2025-10-08,Y35NY,NEW YORK CITY,EPMRU,Conventional Regular Gasoline,PF4,Spot Price FOB,EER_EPMRU_PF4_Y35NY_DPG,New York Harbor Conventional Gasoline Regular Spot Price FOB (Dollars per Gallon),1.913,$/GAL
2025-10-08,YCUOK,NA,EPCWTI,WTI Crude Oil,PF4,Spot Price FOB,RWTC,"Cushing, OK WTI Spot Price FOB (Dollars per Barrel)",63.37,$/BBL
2025-10-08,Y05LA,LOS ANGELES,EPD2DC,Carb Diesel,PF4,Spot Price FOB,EER_EPD2DC_PF4_Y05LA_DPG,"Los Angeles, CA Ultra-Low Sulfur CARB Diesel Spot Price (Dollars per Gallon)",2.478,$/GAL
2025-10-08,RGC,NA,EPD2DXL0,No 2 Diesel Low Sulfur (0-15 ppm),PF4,Spot Price FOB,EER_EPD2DXL0_PF4_RGC_DPG,U.S. Gulf Coast Ultra-Low Sulfur No 2 Diesel Spot Price (Dollars per Gallon),2.23,$/GAL
2025-10-08,Y35NY,NEW YORK CITY,EPD2DXL0,No 2 Diesel Low Sulfur (0-15 ppm),PF4,Spot Price FOB,EER_EPD2DXL0_PF4_Y35NY_DPG,New York Harbor Ultra-Low Sulfur No 2 Diesel Spot Price (Dollars per Gallon),2.338,$/GAL
2025-10-08,Y35NY,NEW YORK CITY,EPD2F,No 2 Fuel Oil / Heating Oil,PF4,Spot Price FOB,EER_EPD2F_PF4_Y35NY_DPG,New York Harbor No. 2 Heating Oil Spot Price FOB (Dollars per Gallon),2.191,$/GAL
2025-10-08,ZEU,NA,EPCBRENT,UK Brent Crude Oil,PF4,Spot Price FOB,RBRTE,Europe Brent Spot Price FOB (Dollars per Barrel),67.42,$/BBL
2025-10-08,Y44MB,NA,EPLLPA,Propane,PF4,Spot Price FOB,EER_EPLLPA_PF4_Y44MB_DPG,"Mont Belvieu, TX Propane Spot Price FOB (Dollars per Gallon)",.644,$/GAL
2025-10-08,RGC,NA,EPJK,Kerosene-Type Jet Fuel,PF4,Spot Price FOB,EER_EPJK_PF4_RGC_DPG,U.S. Gulf Coast Kerosene-Type Jet Fuel Spot Price FOB (Dollars per Gallon),2.193,$/GAL
2025-10-08,RGC,NA,EPMRU,Conventional Regular Gasoline,PF4,Spot Price FOB,EER_EPMRU_PF4_RGC_DPG,U.S. Gulf Coast Conventional Gasoline Regular Spot Price FOB (Dollars per Gallon),2.008,$/GAL
2025-10-07,RGC,NA,EPJK,Kerosene-Type Jet Fuel,PF4,Spot Price FOB,EER_EPJK_PF4_RGC_DPG,U.S. Gulf Coast Kerosene-Type Jet Fuel Spot Price FOB (Dollars per Gallon),2.142,$/GAL
2025-10-07,Y05LA,LOS ANGELES,EPD2DC,Carb Diesel,PF4,Spot Price FOB,EER_EPD2DC_PF4_Y05LA_DPG,"Los Angeles, CA Ultra-Low Sulfur CARB Diesel Spot Price (Dollars per Gallon)",2.467,$/GAL
2025-10-07,ZEU,NA,EPCBRENT,UK Brent Crude Oil,PF4,Spot Price FOB,RBRTE,Europe Brent Spot Price FOB (Dollars per Barrel),67.1,$/BBL
2025-10-07,Y35NY,NEW YORK CITY,EPD2F,No 2 Fuel Oil / Heating Oil,PF4,Spot Price FOB,EER_EPD2F_PF4_Y35NY_DPG,New York Harbor No. 2 Heating Oil Spot Price FOB (Dollars per Gallon),2.179,$/GAL
2025-10-07,RGC,NA,EPD2DXL0,No 2 Diesel Low Sulfur (0-15 ppm),PF4,Spot Price FOB,EER_EPD2DXL0_PF4_RGC_DPG,U.S. Gulf Coast Ultra-Low Sulfur No 2 Diesel Spot Price (Dollars per Gallon),2.214,$/GAL
2025-10-07,Y35NY,NEW YORK CITY,EPMRU,Conventional Regular Gasoline,PF4,Spot Price FOB,EER_EPMRU_PF4_Y35NY_DPG,New York Harbor Conventional Gasoline Regular Spot Price FOB (Dollars per Gallon),1.912,$/GAL
2025-10-07,Y05LA,LOS ANGELES,EPMRR,Reformulated Regular Gasoline,PF4,Spot Price FOB,EER_EPMRR_PF4_Y05LA_DPG,Los Angeles Reformulated RBOB Regular Gasoline Spot Price (Dollars per Gallon),2.504,$/GAL
2025-10-07,Y35NY,NEW YORK CITY,EPD2DXL0,No 2 Diesel Low Sulfur (0-15 ppm),PF4,Spot Price FOB,EER_EPD2DXL0_PF4_Y35NY_DPG,New York Harbor Ultra-Low Sulfur No 2 Diesel Spot Price (Dollars per Gallon),2.327,$/GAL
2025-10-07,YCUOK,NA,EPCWTI,WTI Crude Oil,PF4,Spot Price FOB,RWTC,"Cushing, OK WTI Spot Price FOB (Dollars per Barrel)",62.52,$/BBL
2025-10-07,Y44MB,NA,EPLLPA,Propane,PF4,Spot Price FOB,EER_EPLLPA_PF4_Y44MB_DPG,"Mont Belvieu, TX Propane Spot Price FOB (Dollars per Gallon)",.663,$/GAL
2025-10-07,RGC,NA,EPMRU,Conventional Regular Gasoline,PF4,Spot Price FOB,EER_EPMRU_PF4_RGC_DPG,U.S. Gulf Coast Conventional Gasoline Regular Spot Price FOB (Dollars per Gallon),2.007,$/GAL
2025-10-06,RGC,NA,EPMRU,Conventional Regular Gasoline,PF4,Spot Price FOB,EER_EPMRU_PF4_RGC_DPG,U.S. Gulf Coast Conventional Gasoline Regular Spot Price FOB (Dollars per Gallon),2.005,$/GAL
2025-10-06,Y35NY,NEW YORK CITY,EPD2F,No 2 Fuel Oil / Heating Oil,PF4,Spot Price FOB,EER_EPD2F_PF4_Y35NY_DPG,New York Harbor No. 2 Heating Oil Spot Price FOB (Dollars per Gallon),2.155,$/GAL
2025-10-06,Y05LA,LOS ANGELES,EPD2DC,Carb Diesel,PF4,Spot Price FOB,EER_EPD2DC_PF4_Y05LA_DPG,"Los Angeles, CA Ultra-Low Sulfur CARB Diesel Spot Price (Dollars per Gallon)",2.443,$/GAL
2025-10-06,Y44MB,NA,EPLLPA,Propane,PF4,Spot Price FOB,EER_EPLLPA_PF4_Y44MB_DPG,"Mont Belvieu, TX Propane Spot Price FOB (Dollars per Gallon)",.663,$/GAL
2025-10-06,Y35NY,NEW YORK CITY,EPMRU,Conventional Regular Gasoline,PF4,Spot Price FOB,EER_EPMRU_PF4_Y35NY_DPG,New York Harbor Conventional Gasoline Regular Spot Price FOB (Dollars per Gallon),1.91,$/GAL
2025-10-06,Y35NY,NEW YORK CITY,EPD2DXL0,No 2 Diesel Low Sulfur (0-15 ppm),PF4,Spot Price FOB,EER_EPD2DXL0_PF4_Y35NY_DPG,New York Harbor Ultra-Low Sulfur No 2 Diesel Spot Price (Dollars per Gallon),2.303,$/GAL
2025-10-06,YCUOK,NA,EPCWTI,WTI Crude Oil,PF4,Spot Price FOB,RWTC,"Cushing, OK WTI Spot Price FOB (Dollars per Barrel)",62.49,$/BBL
2025-10-06,RGC,NA,EPD2DXL0,No 2 Diesel Low Sulfur (0-15 ppm),PF4,Spot Price FOB,EER_EPD2DXL0_PF4_RGC_DPG,U.S. Gulf Coast Ultra-Low Sulfur No 2 Diesel Spot Price (Dollars per Gallon),2.19,$/GAL
2025-10-06,RGC,NA,EPJK,Kerosene-Type Jet Fuel,PF4,Spot Price FOB,EER_EPJK_PF4_RGC_DPG,U.S. Gulf Coast Kerosene-Type Jet Fuel Spot Price FOB (Dollars per Gallon),2.118,$/GAL
2025-10-06,ZEU,NA,EPCBRENT,UK Brent Crude Oil,PF4,Spot Price FOB,RBRTE,Europe Brent Spot Price FOB (Dollars per Barrel),67.09,$/BBL
2025-10-06,Y05LA,LOS ANGELES,EPMRR,Reformulated Regular Gasoline,PF4,Spot Price FOB,EER_EPMRR_PF4_Y05LA_DPG,Los Angeles Reformulated RBOB Regular Gasoline Spot Price (Dollars per Gallon),2.503,$/GAL
2025-10-03,Y05LA,LOS ANGELES,EPD2DC,Carb Diesel,PF4,Spot Price FOB,EER_EPD2DC_PF4_Y05LA_DPG,"Los Angeles, CA Ultra-Low Sulfur CARB Diesel Spot Price (Dollars per Gallon)",2.299,$/GAL
2025-10-03,RGC,NA,EPMRU,Conventional Regular Gasoline,PF4,Spot Price FOB,EER_EPMRU_PF4_RGC_DPG,U.S. Gulf Coast Conventional Gasoline Regular Spot Price FOB (Dollars per Gallon),1.94,$/GAL
2025-10-03,Y05LA,LOS ANGELES,EPMRR,Reformulated Regular Gasoline,PF4,Spot Price FOB,EER_EPMRR_PF4_Y05LA_DPG,Los Angeles Reformulated RBOB Regular Gasoline Spot Price (Dollars per Gallon),2.4,$/GAL
2025-10-03,RGC,NA,EPD2DXL0,No 2 Diesel Low Sulfur (0-15 ppm),PF4,Spot Price FOB,EER_EPD2DXL0_PF4_RGC_DPG,U.S. Gulf Coast Ultra-Low Sulfur No 2 Diesel Spot Price (Dollars per Gallon),2.175,$/GAL
2025-10-03,Y35NY,NEW YORK CITY,EPMRU,Conventional Regular Gasoline,PF4,Spot Price FOB,EER_EPMRU_PF4_Y35NY_DPG,New York Harbor Conventional Gasoline Regular Spot Price FOB (Dollars per Gallon),1.868,$/GAL
2025-10-03,Y44MB,NA,EPLLPA,Propane,PF4,Spot Price FOB,EER_EPLLPA_PF4_Y44MB_DPG,"Mont Belvieu, TX Propane Spot Price FOB (Dollars per Gallon)",.671,$/GAL
2025-10-03,YCUOK,NA,EPCWTI,WTI Crude Oil,PF4,Spot Price FOB,RWTC,"Cushing, OK WTI Spot Price FOB (Dollars per Barrel)",61.65,$/BBL
2025-10-03,ZEU,NA,EPCBRENT,UK Brent Crude Oil,PF4,Spot Price FOB,RBRTE,Europe Brent Spot Price FOB (Dollars per Barrel),66.13,$/BBL
2025-10-03,Y35NY,NEW YORK CITY,EPD2F,No 2 Fuel Oil / Heating Oil,PF4,Spot Price FOB,EER_EPD2F_PF4_Y35NY_DPG,New York Harbor No. 2 Heating Oil Spot Price FOB (Dollars per Gallon),2.142,$/GAL
2025-10-03,RGC,NA,EPJK,Kerosene-Type Jet Fuel,PF4,Spot Price FOB,EER_EPJK_PF4_RGC_DPG,U.S. Gulf Coast Kerosene-Type Jet Fuel Spot Price FOB (Dollars per Gallon),2.037,$/GAL
2025-10-03,Y35NY,NEW YORK CITY,EPD2DXL0,No 2 Diesel Low Sulfur (0-15 ppm),PF4,Spot Price FOB,EER_EPD2DXL0_PF4_Y35NY_DPG,New York Harbor Ultra-Low Sulfur No 2 Diesel Spot Price (Dollars per Gallon),2.289,$/GAL
2025-10-02,ZEU,NA,EPCBRENT,UK Brent Crude Oil,PF4,Spot Price FOB,RBRTE,Europe Brent Spot Price FOB (Dollars per Barrel),65.44,$/BBL
2025-10-02,RGC,NA,EPMRU,Conventional Regular Gasoline,PF4,Spot Price FOB,EER_EPMRU_PF4_RGC_DPG,U.S. Gulf Coast Conventional Gasoline Regular Spot Price FOB (Dollars per Gallon),1.944,$/GAL
2025-10-02,Y35NY,NEW YORK CITY,EPD2DXL0,No 2 Diesel Low Sulfur (0-15 ppm),PF4,Spot Price FOB,EER_EPD2DXL0_PF4_Y35NY_DPG,New York Harbor Ultra-Low Sulfur No 2 Diesel Spot Price (Dollars per Gallon),2.298,$/GAL
2025-10-02,Y05LA,LOS ANGELES,EPD2DC,Carb Diesel,PF4,Spot Price FOB,EER_EPD2DC_PF4_Y05LA_DPG,"Los Angeles, CA Ultra-Low Sulfur CARB Diesel Spot Price (Dollars per Gallon)",2.308,$/GAL
2025-10-02,RGC,NA,EPD2DXL0,No 2 Diesel Low Sulfur (0-15 ppm),PF4,Spot Price FOB,EER_EPD2DXL0_PF4_RGC_DPG,U.S. Gulf Coast Ultra-Low Sulfur No 2 Diesel Spot Price (Dollars per Gallon),2.183,$/GAL
2025-10-02,Y05LA,LOS ANGELES,EPMRR,Reformulated Regular Gasoline,PF4,Spot Price FOB,EER_EPMRR_PF4_Y05LA_DPG,Los Angeles Reformulated RBOB Regular Gasoline Spot Price (Dollars per Gallon),2.394,$/GAL
2025-10-02,RGC,NA,EPJK,Kerosene-Type Jet Fuel,PF4,Spot Price FOB,EER_EPJK_PF4_RGC_DPG,U.S. Gulf Coast Kerosene-Type Jet Fuel Spot Price FOB (Dollars per Gallon),1.998,$/GAL
2025-10-02,YCUOK,NA,EPCWTI,WTI Crude Oil,PF4,Spot Price FOB,RWTC,"Cushing, OK WTI Spot Price FOB (Dollars per Barrel)",61.28,$/BBL
2025-10-02,Y35NY,NEW YORK CITY,EPD2F,No 2 Fuel Oil / Heating Oil,PF4,Spot Price FOB,EER_EPD2F_PF4_Y35NY_DPG,New York Harbor No. 2 Heating Oil Spot Price FOB (Dollars per Gallon),2.151,$/GAL
2025-10-02,Y44MB,NA,EPLLPA,Propane,PF4,Spot Price FOB,EER_EPLLPA_PF4_Y44MB_DPG,"Mont Belvieu, TX Propane Spot Price FOB (Dollars per Gallon)",.671,$/GAL
2025-10-02,Y35NY,NEW YORK CITY,EPMRU,Conventional Regular Gasoline,PF4,Spot Price FOB,EER_EPMRU_PF4_Y35NY_DPG,New York Harbor Conventional Gasoline Regular Spot Price FOB (Dollars per Gallon),1.862,$/GAL
2025-10-01,RGC,NA,EPD2DXL0,No 2 Diesel Low Sulfur (0-15 ppm),PF4,Spot Price FOB,EER_EPD2DXL0_PF4_RGC_DPG,U.S. Gulf Coast Ultra-Low Sulfur No 2 Diesel Spot Price (Dollars per Gallon),2.24,$/GAL
2025-10-01,Y44MB,NA,EPLLPA,Propane,PF4,Spot Price FOB,EER_EPLLPA_PF4_Y44MB_DPG,"Mont Belvieu, TX Propane Spot Price FOB (Dollars per Gallon)",.673,$/GAL
2025-10-01,Y05LA,LOS ANGELES,EPD2DC,Carb Diesel,PF4,Spot Price FOB,EER_EPD2DC_PF4_Y05LA_DPG,"Los Angeles, CA Ultra-Low Sulfur CARB Diesel Spot Price (Dollars per Gallon)",2.406,$/GAL
2025-10-01,YCUOK,NA,EPCWTI,WTI Crude Oil,PF4,Spot Price FOB,RWTC,"Cushing, OK WTI Spot Price FOB (Dollars per Barrel)",62.59,$/BBL
2025-10-01,RGC,NA,EPJK,Kerosene-Type Jet Fuel,PF4,Spot Price FOB,EER_EPJK_PF4_RGC_DPG,U.S. Gulf Coast Kerosene-Type Jet Fuel Spot Price FOB (Dollars per Gallon),2.051,$/GAL
2025-10-01,Y35NY,NEW YORK CITY,EPMRU,Conventional Regular Gasoline,PF4,Spot Price FOB,EER_EPMRU_PF4_Y35NY_DPG,New York Harbor Conventional Gasoline Regular Spot Price FOB (Dollars per Gallon),1.897,$/GAL
2025-10-01,Y05LA,LOS ANGELES,EPMRR,Reformulated Regular Gasoline,PF4,Spot Price FOB,EER_EPMRR_PF4_Y05LA_DPG,Los Angeles Reformulated RBOB Regular Gasoline Spot Price (Dollars per Gallon),2.44,$/GAL
2025-10-01,ZEU,NA,EPCBRENT,UK Brent Crude Oil,PF4,Spot Price FOB,RBRTE,Europe Brent Spot Price FOB (Dollars per Barrel),66.67,$/BBL
2025-10-01,Y35NY,NEW YORK CITY,EPD2DXL0,No 2 Diesel Low Sulfur (0-15 ppm),PF4,Spot Price FOB,EER_EPD2DXL0_PF4_Y35NY_DPG,New York Harbor Ultra-Low Sulfur No 2 Diesel Spot Price (Dollars per Gallon),2.351,$/GAL
2025-10-01,RGC,NA,EPMRU,Conventional Regular Gasoline,PF4,Spot Price FOB,EER_EPMRU_PF4_RGC_DPG,U.S. Gulf Coast Conventional Gasoline Regular Spot Price FOB (Dollars per Gallon),1.98,$/GAL
2025-10-01,Y35NY,NEW YORK CITY,EPD2F,No 2 Fuel Oil / Heating Oil,PF4,Spot Price FOB,EER_EPD2F_PF4_Y35NY_DPG,New York Harbor No. 2 Heating Oil Spot Price FOB (Dollars per Gallon),2.204,$/GAL
2025-09-30,Y35NY,NEW YORK CITY,EPD2DXL0,No 2 Diesel Low Sulfur (0-15 ppm),PF4,Spot Price FOB,EER_EPD2DXL0_PF4_Y35NY_DPG,New York Harbor Ultra-Low Sulfur No 2 Diesel Spot Price (Dollars per Gallon),2.379,$/GAL
2025-09-30,Y35NY,NEW YORK CITY,EPD2F,No 2 Fuel Oil / Heating Oil,PF4,Spot Price FOB,EER_EPD2F_PF4_Y35NY_DPG,New York Harbor No. 2 Heating Oil Spot Price FOB (Dollars per Gallon),2.231,$/GAL
2025-09-30,RGC,NA,EPJK,Kerosene-Type Jet Fuel,PF4,Spot Price FOB,EER_EPJK_PF4_RGC_DPG,U.S. Gulf Coast Kerosene-Type Jet Fuel Spot Price FOB (Dollars per Gallon),2.076,$/GAL
2025-09-30,YCUOK,NA,EPCWTI,WTI Crude Oil,PF4,Spot Price FOB,RWTC,"Cushing, OK WTI Spot Price FOB (Dollars per Barrel)",63.17,$/BBL
2025-09-30,RGC,NA,EPD2DXL0,No 2 Diesel Low Sulfur (0-15 ppm),PF4,Spot Price FOB,EER_EPD2DXL0_PF4_RGC_DPG,U.S. Gulf Coast Ultra-Low Sulfur No 2 Diesel Spot Price (Dollars per Gallon),2.266,$/GAL
2025-09-30,Y44MB,NA,EPLLPA,Propane,PF4,Spot Price FOB,EER_EPLLPA_PF4_Y44MB_DPG,"Mont Belvieu, TX Propane Spot Price FOB (Dollars per Gallon)",.678,$/GAL
2025-09-30,Y35NY,NEW YORK CITY,EPMRU,Conventional Regular Gasoline,PF4,Spot Price FOB,EER_EPMRU_PF4_Y35NY_DPG,New York Harbor Conventional Gasoline Regular Spot Price FOB (Dollars per Gallon),1.985,$/GAL
2025-09-30,ZEU,NA,EPCBRENT,UK Brent Crude Oil,PF4,Spot Price FOB,RBRTE,Europe Brent Spot Price FOB (Dollars per Barrel),68.52,$/BBL
2025-09-30,Y05LA,LOS ANGELES,EPMRR,Reformulated Regular Gasoline,PF4,Spot Price FOB,EER_EPMRR_PF4_Y05LA_DPG,Los Angeles Reformulated RBOB Regular Gasoline Spot Price (Dollars per Gallon),2.518,$/GAL
2025-09-30,Y05LA,LOS ANGELES,EPD2DC,Carb Diesel,PF4,Spot Price FOB,EER_EPD2DC_PF4_Y05LA_DPG,"Los Angeles, CA Ultra-Low Sulfur CARB Diesel Spot Price (Dollars per Gallon)",2.434,$/GAL
2025-09-30,RGC,NA,EPMRU,Conventional Regular Gasoline,PF4,Spot Price FOB,EER_EPMRU_PF4_RGC_DPG,U.S. Gulf Coast Conventional Gasoline Regular Spot Price FOB (Dollars per Gallon),2.017,$/GAL
2025-09-29,Y44MB,NA,EPLLPA,Propane,PF4,Spot Price FOB,EER_EPLLPA_PF4_Y44MB_DPG,"Mont Belvieu, TX Propane Spot Price FOB (Dollars per Gallon)",.693,$/GAL
2025-09-29,ZEU,NA,EPCBRENT,UK Brent Crude Oil,PF4,Spot Price FOB,RBRTE,Europe Brent Spot Price FOB (Dollars per Barrel),69,$/BBL
2025-09-29,YCUOK,NA,EPCWTI,WTI Crude Oil,PF4,Spot Price FOB,RWTC,"Cushing, OK WTI Spot Price FOB (Dollars per Barrel)",64.27,$/BBL
2025-09-29,RGC,NA,EPMRU,Conventional Regular Gasoline,PF4,Spot Price FOB,EER_EPMRU_PF4_RGC_DPG,U.S. Gulf Coast Conventional Gasoline Regular Spot Price FOB (Dollars per Gallon),2.021,$/GAL
2025-09-29,Y05LA,LOS ANGELES,EPD2DC,Carb Diesel,PF4,Spot Price FOB,EER_EPD2DC_PF4_Y05LA_DPG,"Los Angeles, CA Ultra-Low Sulfur CARB Diesel Spot Price (Dollars per Gallon)",2.442,$/GAL
2025-09-29,Y35NY,NEW YORK CITY,EPMRU,Conventional Regular Gasoline,PF4,Spot Price FOB,EER_EPMRU_PF4_Y35NY_DPG,New York Harbor Conventional Gasoline Regular Spot Price FOB (Dollars per Gallon),1.993,$/GAL
2025-09-29,Y35NY,NEW YORK CITY,EPD2F,No 2 Fuel Oil / Heating Oil,PF4,Spot Price FOB,EER_EPD2F_PF4_Y35NY_DPG,New York Harbor No. 2 Heating Oil Spot Price FOB (Dollars per Gallon),2.244,$/GAL
2025-09-29,Y05LA,LOS ANGELES,EPMRR,Reformulated Regular Gasoline,PF4,Spot Price FOB,EER_EPMRR_PF4_Y05LA_DPG,Los Angeles Reformulated RBOB Regular Gasoline Spot Price (Dollars per Gallon),2.505,$/GAL
2025-09-29,RGC,NA,EPD2DXL0,No 2 Diesel Low Sulfur (0-15 ppm),PF4,Spot Price FOB,EER_EPD2DXL0_PF4_RGC_DPG,U.S. Gulf Coast Ultra-Low Sulfur No 2 Diesel Spot Price (Dollars per Gallon),2.282,$/GAL
2025-09-29,Y35NY,NEW YORK CITY,EPD2DXL0,No 2 Diesel Low Sulfur (0-15 ppm),PF4,Spot Price FOB,EER_EPD2DXL0_PF4_Y35NY_DPG,New York Harbor Ultra-Low Sulfur No 2 Diesel Spot Price (Dollars per Gallon),2.392,$/GAL
2025-09-29,RGC,NA,EPJK,Kerosene-Type Jet Fuel,PF4,Spot Price FOB,EER_EPJK_PF4_RGC_DPG,U.S. Gulf Coast Kerosene-Type Jet Fuel Spot Price FOB (Dollars per Gallon),2.084,$/GAL
2025-09-26,RGC,NA,EPD2DXL0,No 2 Diesel Low Sulfur (0-15 ppm),PF4,Spot Price FOB,EER_EPD2DXL0_PF4_RGC_DPG,U.S. Gulf Coast Ultra-Low Sulfur No 2 Diesel Spot Price (Dollars per Gallon),2.36,$/GAL
2025-09-26,Y35NY,NEW YORK CITY,EPMRU,Conventional Regular Gasoline,PF4,Spot Price FOB,EER_EPMRU_PF4_Y35NY_DPG,New York Harbor Conventional Gasoline Regular Spot Price FOB (Dollars per Gallon),2.038,$/GAL
2025-09-26,Y05LA,LOS ANGELES,EPMRR,Reformulated Regular Gasoline,PF4,Spot Price FOB,EER_EPMRR_PF4_Y05LA_DPG,Los Angeles Reformulated RBOB Regular Gasoline Spot Price (Dollars per Gallon),2.511,$/GAL
2025-09-26,ZEU,NA,EPCBRENT,UK Brent Crude Oil,PF4,Spot Price FOB,RBRTE,Europe Brent Spot Price FOB (Dollars per Barrel),71.15,$/BBL
2025-09-26,YCUOK,NA,EPCWTI,WTI Crude Oil,PF4,Spot Price FOB,RWTC,"Cushing, OK WTI Spot Price FOB (Dollars per Barrel)",66.5,$/BBL
2025-09-26,Y35NY,NEW YORK CITY,EPD2F,No 2 Fuel Oil / Heating Oil,PF4,Spot Price FOB,EER_EPD2F_PF4_Y35NY_DPG,New York Harbor No. 2 Heating Oil Spot Price FOB (Dollars per Gallon),2.327,$/GAL
2025-09-26,Y05LA,LOS ANGELES,EPD2DC,Carb Diesel,PF4,Spot Price FOB,EER_EPD2DC_PF4_Y05LA_DPG,"Los Angeles, CA Ultra-Low Sulfur CARB Diesel Spot Price (Dollars per Gallon)",2.555,$/GAL
2025-09-26,Y44MB,NA,EPLLPA,Propane,PF4,Spot Price FOB,EER_EPLLPA_PF4_Y44MB_DPG,"Mont Belvieu, TX Propane Spot Price FOB (Dollars per Gallon)",.708,$/GAL
2025-09-26,RGC,NA,EPMRU,Conventional Regular Gasoline,PF4,Spot Price FOB,EER_EPMRU_PF4_RGC_DPG,U.S. Gulf Coast Conventional Gasoline Regular Spot Price FOB (Dollars per Gallon),2.072,$/GAL
2025-09-26,RGC,NA,EPJK,Kerosene-Type Jet Fuel,PF4,Spot Price FOB,EER_EPJK_PF4_RGC_DPG,U.S. Gulf Coast Kerosene-Type Jet Fuel Spot Price FOB (Dollars per Gallon),2.162,$/GAL
2025-09-26,Y35NY,NEW YORK CITY,EPD2DXL0,No 2 Diesel Low Sulfur (0-15 ppm),PF4,Spot Price FOB,EER_EPD2DXL0_PF4_Y35NY_DPG,New York Harbor Ultra-Low Sulfur No 2 Diesel Spot Price (Dollars per Gallon),2.475,$/GAL
2025-09-25,Y35NY,NEW YORK CITY,EPD2F,No 2 Fuel Oil / Heating Oil,PF4,Spot Price FOB,EER_EPD2F_PF4_Y35NY_DPG,New York Harbor No. 2 Heating Oil Spot Price FOB (Dollars per Gallon),2.33,$/GAL
2025-09-25,ZEU,NA,EPCBRENT,UK Brent Crude Oil,PF4,Spot Price FOB,RBRTE,Europe Brent Spot Price FOB (Dollars per Barrel),70.48,$/BBL
2025-09-25,Y44MB,NA,EPLLPA,Propane,PF4,Spot Price FOB,EER_EPLLPA_PF4_Y44MB_DPG,"Mont Belvieu, TX Propane Spot Price FOB (Dollars per Gallon)",.705,$/GAL
2025-09-25,YCUOK,NA,EPCWTI,WTI Crude Oil,PF4,Spot Price FOB,RWTC,"Cushing, OK WTI Spot Price FOB (Dollars per Barrel)",65.51,$/BBL
2025-09-25,RGC,NA,EPMRU,Conventional Regular Gasoline,PF4,Spot Price FOB,EER_EPMRU_PF4_RGC_DPG,U.S. Gulf Coast Conventional Gasoline Regular Spot Price FOB (Dollars per Gallon),2.076,$/GAL
2025-09-25,Y35NY,NEW YORK CITY,EPD2DXL0,No 2 Diesel Low Sulfur (0-15 ppm),PF4,Spot Price FOB,EER_EPD2DXL0_PF4_Y35NY_DPG,New York Harbor Ultra-Low Sulfur No 2 Diesel Spot Price (Dollars per Gallon),2.478,$/GAL
2025-09-25,RGC,NA,EPD2DXL0,No 2 Diesel Low Sulfur (0-15 ppm),PF4,Spot Price FOB,EER_EPD2DXL0_PF4_RGC_DPG,U.S. Gulf Coast Ultra-Low Sulfur No 2 Diesel Spot Price (Dollars per Gallon),2.365,$/GAL
2025-09-25,RGC,NA,EPJK,Kerosene-Type Jet Fuel,PF4,Spot Price FOB,EER_EPJK_PF4_RGC_DPG,U.S. Gulf Coast Kerosene-Type Jet Fuel Spot Price FOB (Dollars per Gallon),2.178,$/GAL
2025-09-25,Y05LA,LOS ANGELES,EPMRR,Reformulated Regular Gasoline,PF4,Spot Price FOB,EER_EPMRR_PF4_Y05LA_DPG,Los Angeles Reformulated RBOB Regular Gasoline Spot Price (Dollars per Gallon),2.546,$/GAL
2025-09-25,Y35NY,NEW YORK CITY,EPMRU,Conventional Regular Gasoline,PF4,Spot Price FOB,EER_EPMRU_PF4_Y35NY_DPG,New York Harbor Conventional Gasoline Regular Spot Price FOB (Dollars per Gallon),2.013,$/GAL
2025-09-25,Y05LA,LOS ANGELES,EPD2DC,Carb Diesel,PF4,Spot Price FOB,EER_EPD2DC_PF4_Y05LA_DPG,"Los Angeles, CA Ultra-Low Sulfur CARB Diesel Spot Price (Dollars per Gallon)",2.558,$/GAL
2025-09-24,YCUOK,NA,EPCWTI,WTI Crude Oil,PF4,Spot Price FOB,RWTC,"Cushing, OK WTI Spot Price FOB (Dollars per Barrel)",65.4,$/BBL
2025-09-24,Y35NY,NEW YORK CITY,EPD2DXL0,No 2 Diesel Low Sulfur (0-15 ppm),PF4,Spot Price FOB,EER_EPD2DXL0_PF4_Y35NY_DPG,New York Harbor Ultra-Low Sulfur No 2 Diesel Spot Price (Dollars per Gallon),2.424,$/GAL
2025-09-24,RGC,NA,EPD2DXL0,No 2 Diesel Low Sulfur (0-15 ppm),PF4,Spot Price FOB,EER_EPD2DXL0_PF4_RGC_DPG,U.S. Gulf Coast Ultra-Low Sulfur No 2 Diesel Spot Price (Dollars per Gallon),2.313,$/GAL
2025-09-24,Y35NY,NEW YORK CITY,EPMRU,Conventional Regular Gasoline,PF4,Spot Price FOB,EER_EPMRU_PF4_Y35NY_DPG,New York Harbor Conventional Gasoline Regular Spot Price FOB (Dollars per Gallon),2.022,$/GAL
2025-09-24,RGC,NA,EPMRU,Conventional Regular Gasoline,PF4,Spot Price FOB,EER_EPMRU_PF4_RGC_DPG,U.S. Gulf Coast Conventional Gasoline Regular Spot Price FOB (Dollars per Gallon),2.095,$/GAL
2025-09-24,Y05LA,LOS ANGELES,EPMRR,Reformulated Regular Gasoline,PF4,Spot Price FOB,EER_EPMRR_PF4_Y05LA_DPG,Los Angeles Reformulated RBOB Regular Gasoline Spot Price (Dollars per Gallon),2.535,$/GAL
2025-09-24,ZEU,NA,EPCBRENT,UK Brent Crude Oil,PF4,Spot Price FOB,RBRTE,Europe Brent Spot Price FOB (Dollars per Barrel),69.64,$/BBL
2025-09-24,Y44MB,NA,EPLLPA,Propane,PF4,Spot Price FOB,EER_EPLLPA_PF4_Y44MB_DPG,"Mont Belvieu, TX Propane Spot Price FOB (Dollars per Gallon)",.703,$/GAL
2025-09-24,Y35NY,NEW YORK CITY,EPD2F,No 2 Fuel Oil / Heating Oil,PF4,Spot Price FOB,EER_EPD2F_PF4_Y35NY_DPG,New York Harbor No. 2 Heating Oil Spot Price FOB (Dollars per Gallon),2.277,$/GAL
2025-09-24,RGC,NA,EPJK,Kerosene-Type Jet Fuel,PF4,Spot Price FOB,EER_EPJK_PF4_RGC_DPG,U.S. Gulf Coast Kerosene-Type Jet Fuel Spot Price FOB (Dollars per Gallon),2.124,$/GAL
2025-09-24,Y05LA,LOS ANGELES,EPD2DC,Carb Diesel,PF4,Spot Price FOB,EER_EPD2DC_PF4_Y05LA_DPG,"Los Angeles, CA Ultra-Low Sulfur CARB Diesel Spot Price (Dollars per Gallon)",2.514,$/GAL
2025-09-23,Y35NY,NEW YORK CITY,EPD2DXL0,No 2 Diesel Low Sulfur (0-15 ppm),PF4,Spot Price FOB,EER_EPD2DXL0_PF4_Y35NY_DPG,New York Harbor Ultra-Low Sulfur No 2 Diesel Spot Price (Dollars per Gallon),2.388,$/GAL
2025-09-23,Y35NY,NEW YORK CITY,EPD2F,No 2 Fuel Oil / Heating Oil,PF4,Spot Price FOB,EER_EPD2F_PF4_Y35NY_DPG,New York Harbor No. 2 Heating Oil Spot Price FOB (Dollars per Gallon),2.24,$/GAL
2025-09-23,RGC,NA,EPJK,Kerosene-Type Jet Fuel,PF4,Spot Price FOB,EER_EPJK_PF4_RGC_DPG,U.S. Gulf Coast Kerosene-Type Jet Fuel Spot Price FOB (Dollars per Gallon),2.088,$/GAL
2025-09-23,ZEU,NA,EPCBRENT,UK Brent Crude Oil,PF4,Spot Price FOB,RBRTE,Europe Brent Spot Price FOB (Dollars per Barrel),67.96,$/BBL
2025-09-23,Y05LA,LOS ANGELES,EPD2DC,Carb Diesel,PF4,Spot Price FOB,EER_EPD2DC_PF4_Y05LA_DPG,"Los Angeles, CA Ultra-Low Sulfur CARB Diesel Spot Price (Dollars per Gallon)",2.478,$/GAL
2025-09-23,RGC,NA,EPD2DXL0,No 2 Diesel Low Sulfur (0-15 ppm),PF4,Spot Price FOB,EER_EPD2DXL0_PF4_RGC_DPG,U.S. Gulf Coast Ultra-Low Sulfur No 2 Diesel Spot Price (Dollars per Gallon),2.276,$/GAL
2025-09-23,YCUOK,NA,EPCWTI,WTI Crude Oil,PF4,Spot Price FOB,RWTC,"Cushing, OK WTI Spot Price FOB (Dollars per Barrel)",63.76,$/BBL
2025-09-23,Y05LA,LOS ANGELES,EPMRR,Reformulated Regular Gasoline,PF4,Spot Price FOB,EER_EPMRR_PF4_Y05LA_DPG,Los Angeles Reformulated RBOB Regular Gasoline Spot Price (Dollars per Gallon),2.525,$/GAL
2025-09-23,RGC,NA,EPMRU,Conventional Regular Gasoline,PF4,Spot Price FOB,EER_EPMRU_PF4_RGC_DPG,U.S. Gulf Coast Conventional Gasoline Regular Spot Price FOB (Dollars per Gallon),2.085,$/GAL
2025-09-23,Y44MB,NA,EPLLPA,Propane,PF4,Spot Price FOB,EER_EPLLPA_PF4_Y44MB_DPG,"Mont Belvieu, TX Propane Spot Price FOB (Dollars per Gallon)",.69,$/GAL
2025-09-23,Y35NY,NEW YORK CITY,EPMRU,Conventional Regular Gasoline,PF4,Spot Price FOB,EER_EPMRU_PF4_Y35NY_DPG,New York Harbor Conventional Gasoline Regular Spot Price FOB (Dollars per Gallon),2.012,$/GAL
2025-09-22,YCUOK,NA,EPCWTI,WTI Crude Oil,PF4,Spot Price FOB,RWTC,"Cushing, OK WTI Spot Price FOB (Dollars per Barrel)",62.99,$/BBL
2025-09-22,Y44MB,NA,EPLLPA,Propane,PF4,Spot Price FOB,EER_EPLLPA_PF4_Y44MB_DPG,"Mont Belvieu, TX Propane Spot Price FOB (Dollars per Gallon)",.689,$/GAL
2025-09-22,Y35NY,NEW YORK CITY,EPD2F,No 2 Fuel Oil / Heating Oil,PF4,Spot Price FOB,EER_EPD2F_PF4_Y35NY_DPG,New York Harbor No. 2 Heating Oil Spot Price FOB (Dollars per Gallon),2.2,$/GAL
2025-09-22,RGC,NA,EPMRU,Conventional Regular Gasoline,PF4,Spot Price FOB,EER_EPMRU_PF4_RGC_DPG,U.S. Gulf Coast Conventional Gasoline Regular Spot Price FOB (Dollars per Gallon),2.08,$/GAL
2025-09-22,Y35NY,NEW YORK CITY,EPD2DXL0,No 2 Diesel Low Sulfur (0-15 ppm),PF4,Spot Price FOB,EER_EPD2DXL0_PF4_Y35NY_DPG,New York Harbor Ultra-Low Sulfur No 2 Diesel Spot Price (Dollars per Gallon),2.347,$/GAL
2025-09-22,Y05LA,LOS ANGELES,EPMRR,Reformulated Regular Gasoline,PF4,Spot Price FOB,EER_EPMRR_PF4_Y05LA_DPG,Los Angeles Reformulated RBOB Regular Gasoline Spot Price (Dollars per Gallon),2.5,$/GAL
2025-09-22,Y05LA,LOS ANGELES,EPD2DC,Carb Diesel,PF4,Spot Price FOB,EER_EPD2DC_PF4_Y05LA_DPG,"Los Angeles, CA Ultra-Low Sulfur CARB Diesel Spot Price (Dollars per Gallon)",2.437,$/GAL
2025-09-22,ZEU,NA,EPCBRENT,UK Brent Crude Oil,PF4,Spot Price FOB,RBRTE,Europe Brent Spot Price FOB (Dollars per Barrel),66.87,$/BBL
2025-09-22,RGC,NA,EPD2DXL0,No 2 Diesel Low Sulfur (0-15 ppm),PF4,Spot Price FOB,EER_EPD2DXL0_PF4_RGC_DPG,U.S. Gulf Coast Ultra-Low Sulfur No 2 Diesel Spot Price (Dollars per Gallon),2.238,$/GAL
2025-09-22,RGC,NA,EPJK,Kerosene-Type Jet Fuel,PF4,Spot Price FOB,EER_EPJK_PF4_RGC_DPG,U.S. Gulf Coast Kerosene-Type Jet Fuel Spot Price FOB (Dollars per Gallon),2.047,$/GAL
2025-09-22,Y35NY,NEW YORK CITY,EPMRU,Conventional Regular Gasoline,PF4,Spot Price FOB,EER_EPMRU_PF4_Y35NY_DPG,New York Harbor Conventional Gasoline Regular Spot Price FOB (Dollars per Gallon),1.988,$/GAL
2025-09-19,ZEU,NA,EPCBRENT,UK Brent Crude Oil,PF4,Spot Price FOB,RBRTE,Europe Brent Spot Price FOB (Dollars per Barrel),67.05,$/BBL
2025-09-19,Y05LA,LOS ANGELES,EPD2DC,Carb Diesel,PF4,Spot Price FOB,EER_EPD2DC_PF4_Y05LA_DPG,"Los Angeles, CA Ultra-Low Sulfur CARB Diesel Spot Price (Dollars per Gallon)",2.392,$/GAL
2025-09-19,Y44MB,NA,EPLLPA,Propane,PF4,Spot Price FOB,EER_EPLLPA_PF4_Y44MB_DPG,"Mont Belvieu, TX Propane Spot Price FOB (Dollars per Gallon)",.69,$/GAL
2025-09-19,YCUOK,NA,EPCWTI,WTI Crude Oil,PF4,Spot Price FOB,RWTC,"Cushing, OK WTI Spot Price FOB (Dollars per Barrel)",63.02,$/BBL
2025-09-19,Y35NY,NEW YORK CITY,EPD2DXL0,No 2 Diesel Low Sulfur (0-15 ppm),PF4,Spot Price FOB,EER_EPD2DXL0_PF4_Y35NY_DPG,New York Harbor Ultra-Low Sulfur No 2 Diesel Spot Price (Dollars per Gallon),2.352,$/GAL
2025-09-19,RGC,NA,EPJK,Kerosene-Type Jet Fuel,PF4,Spot Price FOB,EER_EPJK_PF4_RGC_DPG,U.S. Gulf Coast Kerosene-Type Jet Fuel Spot Price FOB (Dollars per Gallon),2.052,$/GAL
2025-09-19,RGC,NA,EPMRU,Conventional Regular Gasoline,PF4,Spot Price FOB,EER_EPMRU_PF4_RGC_DPG,U.S. Gulf Coast Conventional Gasoline Regular Spot Price FOB (Dollars per Gallon),2.1,$/GAL
2025-09-19,Y35NY,NEW YORK CITY,EPMRU,Conventional Regular Gasoline,PF4,Spot Price FOB,EER_EPMRU_PF4_Y35NY_DPG,New York Harbor Conventional Gasoline Regular Spot Price FOB (Dollars per Gallon),1.977,$/GAL
2025-09-19,Y35NY,NEW YORK CITY,EPD2F,No 2 Fuel Oil / Heating Oil,PF4,Spot Price FOB,EER_EPD2F_PF4_Y35NY_DPG,New York Harbor No. 2 Heating Oil Spot Price FOB (Dollars per Gallon),2.205,$/GAL
2025-09-19,RGC,NA,EPD2DXL0,No 2 Diesel Low Sulfur (0-15 ppm),PF4,Spot Price FOB,EER_EPD2DXL0_PF4_RGC_DPG,U.S. Gulf Coast Ultra-Low Sulfur No 2 Diesel Spot Price (Dollars per Gallon),2.242,$/GAL
2025-09-19,Y05LA,LOS ANGELES,EPMRR,Reformulated Regular Gasoline,PF4,Spot Price FOB,EER_EPMRR_PF4_Y05LA_DPG,Los Angeles Reformulated RBOB Regular Gasoline Spot Price (Dollars per Gallon),2.41,$/GAL
2025-09-18,Y35NY,NEW YORK CITY,EPD2DXL0,No 2 Diesel Low Sulfur (0-15 ppm),PF4,Spot Price FOB,EER_EPD2DXL0_PF4_Y35NY_DPG,New York Harbor Ultra-Low Sulfur No 2 Diesel Spot Price (Dollars per Gallon),2.393,$/GAL
2025-09-18,Y35NY,NEW YORK CITY,EPMRU,Conventional Regular Gasoline,PF4,Spot Price FOB,EER_EPMRU_PF4_Y35NY_DPG,New York Harbor Conventional Gasoline Regular Spot Price FOB (Dollars per Gallon),2.024,$/GAL
2025-09-18,RGC,NA,EPMRU,Conventional Regular Gasoline,PF4,Spot Price FOB,EER_EPMRU_PF4_RGC_DPG,U.S. Gulf Coast Conventional Gasoline Regular Spot Price FOB (Dollars per Gallon),2.116,$/GAL
2025-09-18,RGC,NA,EPJK,Kerosene-Type Jet Fuel,PF4,Spot Price FOB,EER_EPJK_PF4_RGC_DPG,U.S. Gulf Coast Kerosene-Type Jet Fuel Spot Price FOB (Dollars per Gallon),2.093,$/GAL
2025-09-18,RGC,NA,EPD2DXL0,No 2 Diesel Low Sulfur (0-15 ppm),PF4,Spot Price FOB,EER_EPD2DXL0_PF4_RGC_DPG,U.S. Gulf Coast Ultra-Low Sulfur No 2 Diesel Spot Price (Dollars per Gallon),2.28,$/GAL
2025-09-18,Y05LA,LOS ANGELES,EPMRR,Reformulated Regular Gasoline,PF4,Spot Price FOB,EER_EPMRR_PF4_Y05LA_DPG,Los Angeles Reformulated RBOB Regular Gasoline Spot Price (Dollars per Gallon),2.396,$/GAL
2025-09-18,YCUOK,NA,EPCWTI,WTI Crude Oil,PF4,Spot Price FOB,RWTC,"Cushing, OK WTI Spot Price FOB (Dollars per Barrel)",63.91,$/BBL
2025-09-18,Y35NY,NEW YORK CITY,EPD2F,No 2 Fuel Oil / Heating Oil,PF4,Spot Price FOB,EER_EPD2F_PF4_Y35NY_DPG,New York Harbor No. 2 Heating Oil Spot Price FOB (Dollars per Gallon),2.245,$/GAL
2025-09-18,Y44MB,NA,EPLLPA,Propane,PF4,Spot Price FOB,EER_EPLLPA_PF4_Y44MB_DPG,"Mont Belvieu, TX Propane Spot Price FOB (Dollars per Gallon)",.69,$/GAL
2025-09-18,Y05LA,LOS ANGELES,EPD2DC,Carb Diesel,PF4,Spot Price FOB,EER_EPD2DC_PF4_Y05LA_DPG,"Los Angeles, CA Ultra-Low Sulfur CARB Diesel Spot Price (Dollars per Gallon)",2.563,$/GAL
2025-09-18,ZEU,NA,EPCBRENT,UK Brent Crude Oil,PF4,Spot Price FOB,RBRTE,Europe Brent Spot Price FOB (Dollars per Barrel),67.83,$/BBL
2025-09-17,RGC,NA,EPJK,Kerosene-Type Jet Fuel,PF4,Spot Price FOB,EER_EPJK_PF4_RGC_DPG,U.S. Gulf Coast Kerosene-Type Jet Fuel Spot Price FOB (Dollars per Gallon),2.101,$/GAL
2025-09-17,YCUOK,NA,EPCWTI,WTI Crude Oil,PF4,Spot Price FOB,RWTC,"Cushing, OK WTI Spot Price FOB (Dollars per Barrel)",64.41,$/BBL
2025-09-17,Y35NY,NEW YORK CITY,EPD2DXL0,No 2 Diesel Low Sulfur (0-15 ppm),PF4,Spot Price FOB,EER_EPD2DXL0_PF4_Y35NY_DPG,New York Harbor Ultra-Low Sulfur No 2 Diesel Spot Price (Dollars per Gallon),2.401,$/GAL
2025-09-17,Y05LA,LOS ANGELES,EPD2DC,Carb Diesel,PF4,Spot Price FOB,EER_EPD2DC_PF4_Y05LA_DPG,"Los Angeles, CA Ultra-Low Sulfur CARB Diesel Spot Price (Dollars per Gallon)",2.571,$/GAL
2025-09-17,Y35NY,NEW YORK CITY,EPD2F,No 2 Fuel Oil / Heating Oil,PF4,Spot Price FOB,EER_EPD2F_PF4_Y35NY_DPG,New York Harbor No. 2 Heating Oil Spot Price FOB (Dollars per Gallon),2.254,$/GAL
2025-09-17,Y44MB,NA,EPLLPA,Propane,PF4,Spot Price FOB,EER_EPLLPA_PF4_Y44MB_DPG,"Mont Belvieu, TX Propane Spot Price FOB (Dollars per Gallon)",.693,$/GAL
2025-09-17,RGC,NA,EPMRU,Conventional Regular Gasoline,PF4,Spot Price FOB,EER_EPMRU_PF4_RGC_DPG,U.S. Gulf Coast Conventional Gasoline Regular Spot Price FOB (Dollars per Gallon),2.105,$/GAL
2025-09-17,RGC,NA,EPD2DXL0,No 2 Diesel Low Sulfur (0-15 ppm),PF4,Spot Price FOB,EER_EPD2DXL0_PF4_RGC_DPG,U.S. Gulf Coast Ultra-Low Sulfur No 2 Diesel Spot Price (Dollars per Gallon),2.286,$/GAL
2025-09-17,ZEU,NA,EPCBRENT,UK Brent Crude Oil,PF4,Spot Price FOB,RBRTE,Europe Brent Spot Price FOB (Dollars per Barrel),69.19,$/BBL
2025-09-17,Y35NY,NEW YORK CITY,EPMRU,Conventional Regular Gasoline,PF4,Spot Price FOB,EER_EPMRU_PF4_Y35NY_DPG,New York Harbor Conventional Gasoline Regular Spot Price FOB (Dollars per Gallon),2.033,$/GAL
2025-09-17,Y05LA,LOS ANGELES,EPMRR,Reformulated Regular Gasoline,PF4,Spot Price FOB,EER_EPMRR_PF4_Y05LA_DPG,Los Angeles Reformulated RBOB Regular Gasoline Spot Price (Dollars per Gallon),2.585,$/GAL
2025-09-16,Y05LA,LOS ANGELES,EPD2DC,Carb Diesel,PF4,Spot Price FOB,EER_EPD2DC_PF4_Y05LA_DPG,"Los Angeles, CA Ultra-Low Sulfur CARB Diesel Spot Price (Dollars per Gallon)",2.596,$/GAL
2025-09-16,YCUOK,NA,EPCWTI,WTI Crude Oil,PF4,Spot Price FOB,RWTC,"Cushing, OK WTI Spot Price FOB (Dollars per Barrel)",64.89,$/BBL
2025-09-16,Y35NY,NEW YORK CITY,EPD2DXL0,No 2 Diesel Low Sulfur (0-15 ppm),PF4,Spot Price FOB,EER_EPD2DXL0_PF4_Y35NY_DPG,New York Harbor Ultra-Low Sulfur No 2 Diesel Spot Price (Dollars per Gallon),2.446,$/GAL
2025-09-16,Y44MB,NA,EPLLPA,Propane,PF4,Spot Price FOB,EER_EPLLPA_PF4_Y44MB_DPG,"Mont Belvieu, TX Propane Spot Price FOB (Dollars per Gallon)",.701,$/GAL
2025-09-16,Y35NY,NEW YORK CITY,EPMRU,Conventional Regular Gasoline,PF4,Spot Price FOB,EER_EPMRU_PF4_Y35NY_DPG,New York Harbor Conventional Gasoline Regular Spot Price FOB (Dollars per Gallon),2.05,$/GAL
2025-09-16,RGC,NA,EPD2DXL0,No 2 Diesel Low Sulfur (0-15 ppm),PF4,Spot Price FOB,EER_EPD2DXL0_PF4_RGC_DPG,U.S. Gulf Coast Ultra-Low Sulfur No 2 Diesel Spot Price (Dollars per Gallon),2.33,$/GAL
2025-09-16,RGC,NA,EPMRU,Conventional Regular Gasoline,PF4,Spot Price FOB,EER_EPMRU_PF4_RGC_DPG,U.S. Gulf Coast Conventional Gasoline Regular Spot Price FOB (Dollars per Gallon),2.102,$/GAL
2025-09-16,ZEU,NA,EPCBRENT,UK Brent Crude Oil,PF4,Spot Price FOB,RBRTE,Europe Brent Spot Price FOB (Dollars per Barrel),69.69,$/BBL
2025-09-16,Y05LA,LOS ANGELES,EPMRR,Reformulated Regular Gasoline,PF4,Spot Price FOB,EER_EPMRR_PF4_Y05LA_DPG,Los Angeles Reformulated RBOB Regular Gasoline Spot Price (Dollars per Gallon),2.602,$/GAL
2025-09-16,RGC,NA,EPJK,Kerosene-Type Jet Fuel,PF4,Spot Price FOB,EER_EPJK_PF4_RGC_DPG,U.S. Gulf Coast Kerosene-Type Jet Fuel Spot Price FOB (Dollars per Gallon),2.146,$/GAL
2025-09-16,Y35NY,NEW YORK CITY,EPD2F,No 2 Fuel Oil / Heating Oil,PF4,Spot Price FOB,EER_EPD2F_PF4_Y35NY_DPG,New York Harbor No. 2 Heating Oil Spot Price FOB (Dollars per Gallon),2.299,$/GAL
2025-09-15,RGC,NA,EPD2DXL0,No 2 Diesel Low Sulfur (0-15 ppm),PF4,Spot Price FOB,EER_EPD2DXL0_PF4_RGC_DPG,U.S. Gulf Coast Ultra-Low Sulfur No 2 Diesel Spot Price (Dollars per Gallon),2.271,$/GAL
2025-09-15,RGC,NA,EPMRU,Conventional Regular Gasoline,PF4,Spot Price FOB,EER_EPMRU_PF4_RGC_DPG,U.S. Gulf Coast Conventional Gasoline Regular Spot Price FOB (Dollars per Gallon),2.098,$/GAL
2025-09-15,Y35NY,NEW YORK CITY,EPD2DXL0,No 2 Diesel Low Sulfur (0-15 ppm),PF4,Spot Price FOB,EER_EPD2DXL0_PF4_Y35NY_DPG,New York Harbor Ultra-Low Sulfur No 2 Diesel Spot Price (Dollars per Gallon),2.383,$/GAL
2025-09-15,YCUOK,NA,EPCWTI,WTI Crude Oil,PF4,Spot Price FOB,RWTC,"Cushing, OK WTI Spot Price FOB (Dollars per Barrel)",63.66,$/BBL
2025-09-15,Y44MB,NA,EPLLPA,Propane,PF4,Spot Price FOB,EER_EPLLPA_PF4_Y44MB_DPG,"Mont Belvieu, TX Propane Spot Price FOB (Dollars per Gallon)",.676,$/GAL
2025-09-15,ZEU,NA,EPCBRENT,UK Brent Crude Oil,PF4,Spot Price FOB,RBRTE,Europe Brent Spot Price FOB (Dollars per Barrel),67.88,$/BBL
2025-09-15,Y35NY,NEW YORK CITY,EPD2F,No 2 Fuel Oil / Heating Oil,PF4,Spot Price FOB,EER_EPD2F_PF4_Y35NY_DPG,New York Harbor No. 2 Heating Oil Spot Price FOB (Dollars per Gallon),2.235,$/GAL
2025-09-15,Y05LA,LOS ANGELES,EPMRR,Reformulated Regular Gasoline,PF4,Spot Price FOB,EER_EPMRR_PF4_Y05LA_DPG,Los Angeles Reformulated RBOB Regular Gasoline Spot Price (Dollars per Gallon),2.613,$/GAL
2025-09-15,RGC,NA,EPJK,Kerosene-Type Jet Fuel,PF4,Spot Price FOB,EER_EPJK_PF4_RGC_DPG,U.S. Gulf Coast Kerosene-Type Jet Fuel Spot Price FOB (Dollars per Gallon),2.083,$/GAL
2025-09-15,Y05LA,LOS ANGELES,EPD2DC,Carb Diesel,PF4,Spot Price FOB,EER_EPD2DC_PF4_Y05LA_DPG,"Los Angeles, CA Ultra-Low Sulfur CARB Diesel Spot Price (Dollars per Gallon)",2.533,$/GAL
2025-09-15,Y35NY,NEW YORK CITY,EPMRU,Conventional Regular Gasoline,PF4,Spot Price FOB,EER_EPMRU_PF4_Y35NY_DPG,New York Harbor Conventional Gasoline Regular Spot Price FOB (Dollars per Gallon),2.021,$/GAL
2025-09-12,Y44MB,NA,EPLLPA,Propane,PF4,Spot Price FOB,EER_EPLLPA_PF4_Y44MB_DPG,"Mont Belvieu, TX Propane Spot Price FOB (Dollars per Gallon)",.676,$/GAL
2025-09-12,ZEU,NA,EPCBRENT,UK Brent Crude Oil,PF4,Spot Price FOB,RBRTE,Europe Brent Spot Price FOB (Dollars per Barrel),67.87,$/BBL
2025-09-12,RGC,NA,EPMRU,Conventional Regular Gasoline,PF4,Spot Price FOB,EER_EPMRU_PF4_RGC_DPG,U.S. Gulf Coast Conventional Gasoline Regular Spot Price FOB (Dollars per Gallon),2.074,$/GAL
2025-09-12,Y35NY,NEW YORK CITY,EPMRU,Conventional Regular Gasoline,PF4,Spot Price FOB,EER_EPMRU_PF4_Y35NY_DPG,New York Harbor Conventional Gasoline Regular Spot Price FOB (Dollars per Gallon),1.996,$/GAL
2025-09-12,Y05LA,LOS ANGELES,EPMRR,Reformulated Regular Gasoline,PF4,Spot Price FOB,EER_EPMRR_PF4_Y05LA_DPG,Los Angeles Reformulated RBOB Regular Gasoline Spot Price (Dollars per Gallon),2.549,$/GAL
2025-09-12,Y35NY,NEW YORK CITY,EPD2DXL0,No 2 Diesel Low Sulfur (0-15 ppm),PF4,Spot Price FOB,EER_EPD2DXL0_PF4_Y35NY_DPG,New York Harbor Ultra-Low Sulfur No 2 Diesel Spot Price (Dollars per Gallon),2.343,$/GAL
2025-09-12,RGC,NA,EPJK,Kerosene-Type Jet Fuel,PF4,Spot Price FOB,EER_EPJK_PF4_RGC_DPG,U.S. Gulf Coast Kerosene-Type Jet Fuel Spot Price FOB (Dollars per Gallon),2.043,$/GAL
2025-09-12,Y35NY,NEW YORK CITY,EPD2F,No 2 Fuel Oil / Heating Oil,PF4,Spot Price FOB,EER_EPD2F_PF4_Y35NY_DPG,New York Harbor No. 2 Heating Oil Spot Price FOB (Dollars per Gallon),2.196,$/GAL
2025-09-12,YCUOK,NA,EPCWTI,WTI Crude Oil,PF4,Spot Price FOB,RWTC,"Cushing, OK WTI Spot Price FOB (Dollars per Barrel)",63.02,$/BBL
2025-09-12,RGC,NA,EPD2DXL0,No 2 Diesel Low Sulfur (0-15 ppm),PF4,Spot Price FOB,EER_EPD2DXL0_PF4_RGC_DPG,U.S. Gulf Coast Ultra-Low Sulfur No 2 Diesel Spot Price (Dollars per Gallon),2.232,$/GAL
2025-09-12,Y05LA,LOS ANGELES,EPD2DC,Carb Diesel,PF4,Spot Price FOB,EER_EPD2DC_PF4_Y05LA_DPG,"Los Angeles, CA Ultra-Low Sulfur CARB Diesel Spot Price (Dollars per Gallon)",2.553,$/GAL
2025-09-11,YCUOK,NA,EPCWTI,WTI Crude Oil,PF4,Spot Price FOB,RWTC,"Cushing, OK WTI Spot Price FOB (Dollars per Barrel)",62.71,$/BBL
2025-09-11,RGC,NA,EPJK,Kerosene-Type Jet Fuel,PF4,Spot Price FOB,EER_EPJK_PF4_RGC_DPG,U.S. Gulf Coast Kerosene-Type Jet Fuel Spot Price FOB (Dollars per Gallon),2.027,$/GAL
2025-09-11,Y35NY,NEW YORK CITY,EPD2DXL0,No 2 Diesel Low Sulfur (0-15 ppm),PF4,Spot Price FOB,EER_EPD2DXL0_PF4_Y35NY_DPG,New York Harbor Ultra-Low Sulfur No 2 Diesel Spot Price (Dollars per Gallon),2.327,$/GAL
2025-09-11,RGC,NA,EPD2DXL0,No 2 Diesel Low Sulfur (0-15 ppm),PF4,Spot Price FOB,EER_EPD2DXL0_PF4_RGC_DPG,U.S. Gulf Coast Ultra-Low Sulfur No 2 Diesel Spot Price (Dollars per Gallon),2.214,$/GAL
2025-09-11,ZEU,NA,EPCBRENT,UK Brent Crude Oil,PF4,Spot Price FOB,RBRTE,Europe Brent Spot Price FOB (Dollars per Barrel),67.25,$/BBL
2025-09-11,Y35NY,NEW YORK CITY,EPD2F,No 2 Fuel Oil / Heating Oil,PF4,Spot Price FOB,EER_EPD2F_PF4_Y35NY_DPG,New York Harbor No. 2 Heating Oil Spot Price FOB (Dollars per Gallon),2.179,$/GAL
2025-09-11,Y05LA,LOS ANGELES,EPD2DC,Carb Diesel,PF4,Spot Price FOB,EER_EPD2DC_PF4_Y05LA_DPG,"Los Angeles, CA Ultra-Low Sulfur CARB Diesel Spot Price (Dollars per Gallon)",2.537,$/GAL
2025-09-11,Y44MB,NA,EPLLPA,Propane,PF4,Spot Price FOB,EER_EPLLPA_PF4_Y44MB_DPG,"Mont Belvieu, TX Propane Spot Price FOB (Dollars per Gallon)",.674,$/GAL
2025-09-11,RGC,NA,EPMRU,Conventional Regular Gasoline,PF4,Spot Price FOB,EER_EPMRU_PF4_RGC_DPG,U.S. Gulf Coast Conventional Gasoline Regular Spot Price FOB (Dollars per Gallon),2.001,$/GAL
2025-09-11,Y35NY,NEW YORK CITY,EPMRU,Conventional Regular Gasoline,PF4,Spot Price FOB,EER_EPMRU_PF4_Y35NY_DPG,New York Harbor Conventional Gasoline Regular Spot Price FOB (Dollars per Gallon),1.978,$/GAL
2025-09-11,Y05LA,LOS ANGELES,EPMRR,Reformulated Regular Gasoline,PF4,Spot Price FOB,EER_EPMRR_PF4_Y05LA_DPG,Los Angeles Reformulated RBOB Regular Gasoline Spot Price (Dollars per Gallon),2.471,$/GAL
2025-09-10,Y05LA,LOS ANGELES,EPD2DC,Carb Diesel,PF4,Spot Price FOB,EER_EPD2DC_PF4_Y05LA_DPG,"Los Angeles, CA Ultra-Low Sulfur CARB Diesel Spot Price (Dollars per Gallon)",2.595,$/GAL
2025-09-10,Y35NY,NEW YORK CITY,EPMRU,Conventional Regular Gasoline,PF4,Spot Price FOB,EER_EPMRU_PF4_Y35NY_DPG,New York Harbor Conventional Gasoline Regular Spot Price FOB (Dollars per Gallon),2.016,$/GAL
2025-09-10,Y35NY,NEW YORK CITY,EPD2DXL0,No 2 Diesel Low Sulfur (0-15 ppm),PF4,Spot Price FOB,EER_EPD2DXL0_PF4_Y35NY_DPG,New York Harbor Ultra-Low Sulfur No 2 Diesel Spot Price (Dollars per Gallon),2.385,$/GAL
2025-09-10,RGC,NA,EPJK,Kerosene-Type Jet Fuel,PF4,Spot Price FOB,EER_EPJK_PF4_RGC_DPG,U.S. Gulf Coast Kerosene-Type Jet Fuel Spot Price FOB (Dollars per Gallon),2.085,$/GAL
2025-09-10,Y05LA,LOS ANGELES,EPMRR,Reformulated Regular Gasoline,PF4,Spot Price FOB,EER_EPMRR_PF4_Y05LA_DPG,Los Angeles Reformulated RBOB Regular Gasoline Spot Price (Dollars per Gallon),2.578,$/GAL
2025-09-10,RGC,NA,EPD2DXL0,No 2 Diesel Low Sulfur (0-15 ppm),PF4,Spot Price FOB,EER_EPD2DXL0_PF4_RGC_DPG,U.S. Gulf Coast Ultra-Low Sulfur No 2 Diesel Spot Price (Dollars per Gallon),2.27,$/GAL
2025-09-10,ZEU,NA,EPCBRENT,UK Brent Crude Oil,PF4,Spot Price FOB,RBRTE,Europe Brent Spot Price FOB (Dollars per Barrel),67.62,$/BBL
2025-09-10,RGC,NA,EPMRU,Conventional Regular Gasoline,PF4,Spot Price FOB,EER_EPMRU_PF4_RGC_DPG,U.S. Gulf Coast Conventional Gasoline Regular Spot Price FOB (Dollars per Gallon),2.103,$/GAL
2025-09-10,YCUOK,NA,EPCWTI,WTI Crude Oil,PF4,Spot Price FOB,RWTC,"Cushing, OK WTI Spot Price FOB (Dollars per Barrel)",64.01,$/BBL
2025-09-10,Y44MB,NA,EPLLPA,Propane,PF4,Spot Price FOB,EER_EPLLPA_PF4_Y44MB_DPG,"Mont Belvieu, TX Propane Spot Price FOB (Dollars per Gallon)",.693,$/GAL
2025-09-10,Y35NY,NEW YORK CITY,EPD2F,No 2 Fuel Oil / Heating Oil,PF4,Spot Price FOB,EER_EPD2F_PF4_Y35NY_DPG,New York Harbor No. 2 Heating Oil Spot Price FOB (Dollars per Gallon),2.238,$/GAL
2025-09-09,RGC,NA,EPD2DXL0,No 2 Diesel Low Sulfur (0-15 ppm),PF4,Spot Price FOB,EER_EPD2DXL0_PF4_RGC_DPG,U.S. Gulf Coast Ultra-Low Sulfur No 2 Diesel Spot Price (Dollars per Gallon),2.251,$/GAL
2025-09-09,ZEU,NA,EPCBRENT,UK Brent Crude Oil,PF4,Spot Price FOB,RBRTE,Europe Brent Spot Price FOB (Dollars per Barrel),67.97,$/BBL
2025-09-09,Y05LA,LOS ANGELES,EPD2DC,Carb Diesel,PF4,Spot Price FOB,EER_EPD2DC_PF4_Y05LA_DPG,"Los Angeles, CA Ultra-Low Sulfur CARB Diesel Spot Price (Dollars per Gallon)",2.581,$/GAL
2025-09-09,Y44MB,NA,EPLLPA,Propane,PF4,Spot Price FOB,EER_EPLLPA_PF4_Y44MB_DPG,"Mont Belvieu, TX Propane Spot Price FOB (Dollars per Gallon)",.683,$/GAL
2025-09-09,Y35NY,NEW YORK CITY,EPMRU,Conventional Regular Gasoline,PF4,Spot Price FOB,EER_EPMRU_PF4_Y35NY_DPG,New York Harbor Conventional Gasoline Regular Spot Price FOB (Dollars per Gallon),1.999,$/GAL
2025-09-09,YCUOK,NA,EPCWTI,WTI Crude Oil,PF4,Spot Price FOB,RWTC,"Cushing, OK WTI Spot Price FOB (Dollars per Barrel)",62.97,$/BBL
2025-09-09,Y35NY,NEW YORK CITY,EPD2F,No 2 Fuel Oil / Heating Oil,PF4,Spot Price FOB,EER_EPD2F_PF4_Y35NY_DPG,New York Harbor No. 2 Heating Oil Spot Price FOB (Dollars per Gallon),2.223,$/GAL
2025-09-09,Y35NY,NEW YORK CITY,EPD2DXL0,No 2 Diesel Low Sulfur (0-15 ppm),PF4,Spot Price FOB,EER_EPD2DXL0_PF4_Y35NY_DPG,New York Harbor Ultra-Low Sulfur No 2 Diesel Spot Price (Dollars per Gallon),2.371,$/GAL
2025-09-09,RGC,NA,EPMRU,Conventional Regular Gasoline,PF4,Spot Price FOB,EER_EPMRU_PF4_RGC_DPG,U.S. Gulf Coast Conventional Gasoline Regular Spot Price FOB (Dollars per Gallon),2.092,$/GAL
2025-09-09,RGC,NA,EPJK,Kerosene-Type Jet Fuel,PF4,Spot Price FOB,EER_EPJK_PF4_RGC_DPG,U.S. Gulf Coast Kerosene-Type Jet Fuel Spot Price FOB (Dollars per Gallon),2.071,$/GAL
2025-09-09,Y05LA,LOS ANGELES,EPMRR,Reformulated Regular Gasoline,PF4,Spot Price FOB,EER_EPMRR_PF4_Y05LA_DPG,Los Angeles Reformulated RBOB Regular Gasoline Spot Price (Dollars per Gallon),2.582,$/GAL
2025-09-08,RGC,NA,EPMRU,Conventional Regular Gasoline,PF4,Spot Price FOB,EER_EPMRU_PF4_RGC_DPG,U.S. Gulf Coast Conventional Gasoline Regular Spot Price FOB (Dollars per Gallon),2.062,$/GAL
2025-09-08,Y35NY,NEW YORK CITY,EPD2F,No 2 Fuel Oil / Heating Oil,PF4,Spot Price FOB,EER_EPD2F_PF4_Y35NY_DPG,New York Harbor No. 2 Heating Oil Spot Price FOB (Dollars per Gallon),2.223,$/GAL
2025-09-08,RGC,NA,EPD2DXL0,No 2 Diesel Low Sulfur (0-15 ppm),PF4,Spot Price FOB,EER_EPD2DXL0_PF4_RGC_DPG,U.S. Gulf Coast Ultra-Low Sulfur No 2 Diesel Spot Price (Dollars per Gallon),2.25,$/GAL
2025-09-08,Y05LA,LOS ANGELES,EPMRR,Reformulated Regular Gasoline,PF4,Spot Price FOB,EER_EPMRR_PF4_Y05LA_DPG,Los Angeles Reformulated RBOB Regular Gasoline Spot Price (Dollars per Gallon),2.552,$/GAL
2025-09-08,Y35NY,NEW YORK CITY,EPMRU,Conventional Regular Gasoline,PF4,Spot Price FOB,EER_EPMRU_PF4_Y35NY_DPG,New York Harbor Conventional Gasoline Regular Spot Price FOB (Dollars per Gallon),1.97,$/GAL
2025-09-08,ZEU,NA,EPCBRENT,UK Brent Crude Oil,PF4,Spot Price FOB,RBRTE,Europe Brent Spot Price FOB (Dollars per Barrel),65.44,$/BBL
2025-09-08,Y35NY,NEW YORK CITY,EPD2DXL0,No 2 Diesel Low Sulfur (0-15 ppm),PF4,Spot Price FOB,EER_EPD2DXL0_PF4_Y35NY_DPG,New York Harbor Ultra-Low Sulfur No 2 Diesel Spot Price (Dollars per Gallon),2.37,$/GAL
2025-09-08,Y05LA,LOS ANGELES,EPD2DC,Carb Diesel,PF4,Spot Price FOB,EER_EPD2DC_PF4_Y05LA_DPG,"Los Angeles, CA Ultra-Low Sulfur CARB Diesel Spot Price (Dollars per Gallon)",2.58,$/GAL
2025-09-08,RGC,NA,EPJK,Kerosene-Type Jet Fuel,PF4,Spot Price FOB,EER_EPJK_PF4_RGC_DPG,U.S. Gulf Coast Kerosene-Type Jet Fuel Spot Price FOB (Dollars per Gallon),2.07,$/GAL
2025-09-08,YCUOK,NA,EPCWTI,WTI Crude Oil,PF4,Spot Price FOB,RWTC,"Cushing, OK WTI Spot Price FOB (Dollars per Barrel)",62.6,$/BBL
2025-09-08,Y44MB,NA,EPLLPA,Propane,PF4,Spot Price FOB,EER_EPLLPA_PF4_Y44MB_DPG,"Mont Belvieu, TX Propane Spot Price FOB (Dollars per Gallon)",.683,$/GAL
2025-09-05,Y05LA,LOS ANGELES,EPMRR,Reformulated Regular Gasoline,PF4,Spot Price FOB,EER_EPMRR_PF4_Y05LA_DPG,Los Angeles Reformulated RBOB Regular Gasoline Spot Price (Dollars per Gallon),2.469,$/GAL
2025-09-05,RGC,NA,EPD2DXL0,No 2 Diesel Low Sulfur (0-15 ppm),PF4,Spot Price FOB,EER_EPD2DXL0_PF4_RGC_DPG,U.S. Gulf Coast Ultra-Low Sulfur No 2 Diesel Spot Price (Dollars per Gallon),2.222,$/GAL
2025-09-05,Y05LA,LOS ANGELES,EPD2DC,Carb Diesel,PF4,Spot Price FOB,EER_EPD2DC_PF4_Y05LA_DPG,"Los Angeles, CA Ultra-Low Sulfur CARB Diesel Spot Price (Dollars per Gallon)",2.541,$/GAL
2025-09-05,RGC,NA,EPJK,Kerosene-Type Jet Fuel,PF4,Spot Price FOB,EER_EPJK_PF4_RGC_DPG,U.S. Gulf Coast Kerosene-Type Jet Fuel Spot Price FOB (Dollars per Gallon),2.041,$/GAL
2025-09-05,Y44MB,NA,EPLLPA,Propane,PF4,Spot Price FOB,EER_EPLLPA_PF4_Y44MB_DPG,"Mont Belvieu, TX Propane Spot Price FOB (Dollars per Gallon)",.683,$/GAL
2025-09-05,ZEU,NA,EPCBRENT,UK Brent Crude Oil,PF4,Spot Price FOB,RBRTE,Europe Brent Spot Price FOB (Dollars per Barrel),64.92,$/BBL
2025-09-05,YCUOK,NA,EPCWTI,WTI Crude Oil,PF4,Spot Price FOB,RWTC,"Cushing, OK WTI Spot Price FOB (Dollars per Barrel)",62.22,$/BBL
2025-09-05,Y35NY,NEW YORK CITY,EPD2F,No 2 Fuel Oil / Heating Oil,PF4,Spot Price FOB,EER_EPD2F_PF4_Y35NY_DPG,New York Harbor No. 2 Heating Oil Spot Price FOB (Dollars per Gallon),2.194,$/GAL
2025-09-05,Y35NY,NEW YORK CITY,EPMRU,Conventional Regular Gasoline,PF4,Spot Price FOB,EER_EPMRU_PF4_Y35NY_DPG,New York Harbor Conventional Gasoline Regular Spot Price FOB (Dollars per Gallon),1.977,$/GAL
2025-09-05,Y35NY,NEW YORK CITY,EPD2DXL0,No 2 Diesel Low Sulfur (0-15 ppm),PF4,Spot Price FOB,EER_EPD2DXL0_PF4_Y35NY_DPG,New York Harbor Ultra-Low Sulfur No 2 Diesel Spot Price (Dollars per Gallon),2.341,$/GAL
2025-09-05,RGC,NA,EPMRU,Conventional Regular Gasoline,PF4,Spot Price FOB,EER_EPMRU_PF4_RGC_DPG,U.S. Gulf Coast Conventional Gasoline Regular Spot Price FOB (Dollars per Gallon),2.064,$/GAL
2025-09-04,Y05LA,LOS ANGELES,EPMRR,Reformulated Regular Gasoline,PF4,Spot Price FOB,EER_EPMRR_PF4_Y05LA_DPG,Los Angeles Reformulated RBOB Regular Gasoline Spot Price (Dollars per Gallon),2.414,$/GAL
2025-09-04,Y44MB,NA,EPLLPA,Propane,PF4,Spot Price FOB,EER_EPLLPA_PF4_Y44MB_DPG,"Mont Belvieu, TX Propane Spot Price FOB (Dollars per Gallon)",.683,$/GAL
2025-09-04,RGC,NA,EPJK,Kerosene-Type Jet Fuel,PF4,Spot Price FOB,EER_EPJK_PF4_RGC_DPG,U.S. Gulf Coast Kerosene-Type Jet Fuel Spot Price FOB (Dollars per Gallon),2.075,$/GAL
2025-09-04,ZEU,NA,EPCBRENT,UK Brent Crude Oil,PF4,Spot Price FOB,RBRTE,Europe Brent Spot Price FOB (Dollars per Barrel),66.41,$/BBL
2025-09-04,Y05LA,LOS ANGELES,EPD2DC,Carb Diesel,PF4,Spot Price FOB,EER_EPD2DC_PF4_Y05LA_DPG,"Los Angeles, CA Ultra-Low Sulfur CARB Diesel Spot Price (Dollars per Gallon)",2.475,$/GAL
2025-09-04,RGC,NA,EPMRU,Conventional Regular Gasoline,PF4,Spot Price FOB,EER_EPMRU_PF4_RGC_DPG,U.S. Gulf Coast Conventional Gasoline Regular Spot Price FOB (Dollars per Gallon),2.171,$/GAL
2025-09-04,RGC,NA,EPD2DXL0,No 2 Diesel Low Sulfur (0-15 ppm),PF4,Spot Price FOB,EER_EPD2DXL0_PF4_RGC_DPG,U.S. Gulf Coast Ultra-Low Sulfur No 2 Diesel Spot Price (Dollars per Gallon),2.254,$/GAL
2025-09-04,Y35NY,NEW YORK CITY,EPD2F,No 2 Fuel Oil / Heating Oil,PF4,Spot Price FOB,EER_EPD2F_PF4_Y35NY_DPG,New York Harbor No. 2 Heating Oil Spot Price FOB (Dollars per Gallon),2.227,$/GAL
2025-09-04,Y35NY,NEW YORK CITY,EPD2DXL0,No 2 Diesel Low Sulfur (0-15 ppm),PF4,Spot Price FOB,EER_EPD2DXL0_PF4_Y35NY_DPG,New York Harbor Ultra-Low Sulfur No 2 Diesel Spot Price (Dollars per Gallon),2.375,$/GAL
2025-09-04,YCUOK,NA,EPCWTI,WTI Crude Oil,PF4,Spot Price FOB,RWTC,"Cushing, OK WTI Spot Price FOB (Dollars per Barrel)",63.81,$/BBL
2025-09-04,Y35NY,NEW YORK CITY,EPMRU,Conventional Regular Gasoline,PF4,Spot Price FOB,EER_EPMRU_PF4_Y35NY_DPG,New York Harbor Conventional Gasoline Regular Spot Price FOB (Dollars per Gallon),2.011,$/GAL
2025-09-03,YCUOK,NA,EPCWTI,WTI Crude Oil,PF4,Spot Price FOB,RWTC,"Cushing, OK WTI Spot Price FOB (Dollars per Barrel)",64.36,$/BBL
2025-09-03,Y35NY,NEW YORK CITY,EPMRU,Conventional Regular Gasoline,PF4,Spot Price FOB,EER_EPMRU_PF4_Y35NY_DPG,New York Harbor Conventional Gasoline Regular Spot Price FOB (Dollars per Gallon),2.014,$/GAL
2025-09-03,Y44MB,NA,EPLLPA,Propane,PF4,Spot Price FOB,EER_EPLLPA_PF4_Y44MB_DPG,"Mont Belvieu, TX Propane Spot Price FOB (Dollars per Gallon)",.695,$/GAL
2025-09-03,Y05LA,LOS ANGELES,EPD2DC,Carb Diesel,PF4,Spot Price FOB,EER_EPD2DC_PF4_Y05LA_DPG,"Los Angeles, CA Ultra-Low Sulfur CARB Diesel Spot Price (Dollars per Gallon)",2.507,$/GAL
2025-09-03,RGC,NA,EPMRU,Conventional Regular Gasoline,PF4,Spot Price FOB,EER_EPMRU_PF4_RGC_DPG,U.S. Gulf Coast Conventional Gasoline Regular Spot Price FOB (Dollars per Gallon),2.179,$/GAL
2025-09-03,RGC,NA,EPD2DXL0,No 2 Diesel Low Sulfur (0-15 ppm),PF4,Spot Price FOB,EER_EPD2DXL0_PF4_RGC_DPG,U.S. Gulf Coast Ultra-Low Sulfur No 2 Diesel Spot Price (Dollars per Gallon),2.284,$/GAL
2025-09-03,Y35NY,NEW YORK CITY,EPD2F,No 2 Fuel Oil / Heating Oil,PF4,Spot Price FOB,EER_EPD2F_PF4_Y35NY_DPG,New York Harbor No. 2 Heating Oil Spot Price FOB (Dollars per Gallon),2.26,$/GAL
2025-09-03,RGC,NA,EPJK,Kerosene-Type Jet Fuel,PF4,Spot Price FOB,EER_EPJK_PF4_RGC_DPG,U.S. Gulf Coast Kerosene-Type Jet Fuel Spot Price FOB (Dollars per Gallon),2.107,$/GAL
2025-09-03,ZEU,NA,EPCBRENT,UK Brent Crude Oil,PF4,Spot Price FOB,RBRTE,Europe Brent Spot Price FOB (Dollars per Barrel),67.76,$/BBL
2025-09-03,Y05LA,LOS ANGELES,EPMRR,Reformulated Regular Gasoline,PF4,Spot Price FOB,EER_EPMRR_PF4_Y05LA_DPG,Los Angeles Reformulated RBOB Regular Gasoline Spot Price (Dollars per Gallon),2.397,$/GAL
2025-09-03,Y35NY,NEW YORK CITY,EPD2DXL0,No 2 Diesel Low Sulfur (0-15 ppm),PF4,Spot Price FOB,EER_EPD2DXL0_PF4_Y35NY_DPG,New York Harbor Ultra-Low Sulfur No 2 Diesel Spot Price (Dollars per Gallon),2.407,$/GAL
2025-09-02,RGC,NA,EPJK,Kerosene-Type Jet Fuel,PF4,Spot Price FOB,EER_EPJK_PF4_RGC_DPG,U.S. Gulf Coast Kerosene-Type Jet Fuel Spot Price FOB (Dollars per Gallon),2.12,$/GAL
2025-09-02,RGC,NA,EPMRU,Conventional Regular Gasoline,PF4,Spot Price FOB,EER_EPMRU_PF4_RGC_DPG,U.S. Gulf Coast Conventional Gasoline Regular Spot Price FOB (Dollars per Gallon),2.2,$/GAL
2025-09-02,Y05LA,LOS ANGELES,EPD2DC,Carb Diesel,PF4,Spot Price FOB,EER_EPD2DC_PF4_Y05LA_DPG,"Los Angeles, CA Ultra-Low Sulfur CARB Diesel Spot Price (Dollars per Gallon)",2.52,$/GAL
2025-09-02,YCUOK,NA,EPCWTI,WTI Crude Oil,PF4,Spot Price FOB,RWTC,"Cushing, OK WTI Spot Price FOB (Dollars per Barrel)",65.95,$/BBL
2025-09-02,Y44MB,NA,EPLLPA,Propane,PF4,Spot Price FOB,EER_EPLLPA_PF4_Y44MB_DPG,"Mont Belvieu, TX Propane Spot Price FOB (Dollars per Gallon)",.668,$/GAL
2025-09-02,Y35NY,NEW YORK CITY,EPD2F,No 2 Fuel Oil / Heating Oil,PF4,Spot Price FOB,EER_EPD2F_PF4_Y35NY_DPG,New York Harbor No. 2 Heating Oil Spot Price FOB (Dollars per Gallon),2.272,$/GAL
2025-09-02,ZEU,NA,EPCBRENT,UK Brent Crude Oil,PF4,Spot Price FOB,RBRTE,Europe Brent Spot Price FOB (Dollars per Barrel),68.09,$/BBL
2025-09-02,Y35NY,NEW YORK CITY,EPMRU,Conventional Regular Gasoline,PF4,Spot Price FOB,EER_EPMRU_PF4_Y35NY_DPG,New York Harbor Conventional Gasoline Regular Spot Price FOB (Dollars per Gallon),2.048,$/GAL
2025-09-02,Y35NY,NEW YORK CITY,EPD2DXL0,No 2 Diesel Low Sulfur (0-15 ppm),PF4,Spot Price FOB,EER_EPD2DXL0_PF4_Y35NY_DPG,New York Harbor Ultra-Low Sulfur No 2 Diesel Spot Price (Dollars per Gallon),2.42,$/GAL
2025-09-02,Y05LA,LOS ANGELES,EPMRR,Reformulated Regular Gasoline,PF4,Spot Price FOB,EER_EPMRR_PF4_Y05LA_DPG,Los Angeles Reformulated RBOB Regular Gasoline Spot Price (Dollars per Gallon),2.65,$/GAL
2025-09-02,RGC,NA,EPD2DXL0,No 2 Diesel Low Sulfur (0-15 ppm),PF4,Spot Price FOB,EER_EPD2DXL0_PF4_RGC_DPG,U.S. Gulf Coast Ultra-Low Sulfur No 2 Diesel Spot Price (Dollars per Gallon),2.295,$/GAL
2025-09-01,ZEU,NA,EPCBRENT,UK Brent Crude Oil,PF4,Spot Price FOB,RBRTE,Europe Brent Spot Price FOB (Dollars per Barrel),67.09,$/BBL
2025-08-29,RGC,NA,EPJK,Kerosene-Type Jet Fuel,PF4,Spot Price FOB,EER_EPJK_PF4_RGC_DPG,U.S. Gulf Coast Kerosene-Type Jet Fuel Spot Price FOB (Dollars per Gallon),2.02,$/GAL
2025-08-29,RGC,NA,EPMRU,Conventional Regular Gasoline,PF4,Spot Price FOB,EER_EPMRU_PF4_RGC_DPG,U.S. Gulf Coast Conventional Gasoline Regular Spot Price FOB (Dollars per Gallon),2.127,$/GAL
2025-08-29,Y35NY,NEW YORK CITY,EPMRU,Conventional Regular Gasoline,PF4,Spot Price FOB,EER_EPMRU_PF4_Y35NY_DPG,New York Harbor Conventional Gasoline Regular Spot Price FOB (Dollars per Gallon),2.255,$/GAL
2025-08-29,Y05LA,LOS ANGELES,EPD2DC,Carb Diesel,PF4,Spot Price FOB,EER_EPD2DC_PF4_Y05LA_DPG,"Los Angeles, CA Ultra-Low Sulfur CARB Diesel Spot Price (Dollars per Gallon)",2.422,$/GAL
2025-08-29,Y35NY,NEW YORK CITY,EPD2DXL0,No 2 Diesel Low Sulfur (0-15 ppm),PF4,Spot Price FOB,EER_EPD2DXL0_PF4_Y35NY_DPG,New York Harbor Ultra-Low Sulfur No 2 Diesel Spot Price (Dollars per Gallon),2.322,$/GAL
2025-08-29,Y05LA,LOS ANGELES,EPMRR,Reformulated Regular Gasoline,PF4,Spot Price FOB,EER_EPMRR_PF4_Y05LA_DPG,Los Angeles Reformulated RBOB Regular Gasoline Spot Price (Dollars per Gallon),2.628,$/GAL
2025-08-29,Y35NY,NEW YORK CITY,EPD2F,No 2 Fuel Oil / Heating Oil,PF4,Spot Price FOB,EER_EPD2F_PF4_Y35NY_DPG,New York Harbor No. 2 Heating Oil Spot Price FOB (Dollars per Gallon),2.175,$/GAL
2025-08-29,ZEU,NA,EPCBRENT,UK Brent Crude Oil,PF4,Spot Price FOB,RBRTE,Europe Brent Spot Price FOB (Dollars per Barrel),67.83,$/BBL
2025-08-29,Y44MB,NA,EPLLPA,Propane,PF4,Spot Price FOB,EER_EPLLPA_PF4_Y44MB_DPG,"Mont Belvieu, TX Propane Spot Price FOB (Dollars per Gallon)",.668,$/GAL
2025-08-29,RGC,NA,EPD2DXL0,No 2 Diesel Low Sulfur (0-15 ppm),PF4,Spot Price FOB,EER_EPD2DXL0_PF4_RGC_DPG,U.S. Gulf Coast Ultra-Low Sulfur No 2 Diesel Spot Price (Dollars per Gallon),2.195,$/GAL
2025-08-29,YCUOK,NA,EPCWTI,WTI Crude Oil,PF4,Spot Price FOB,RWTC,"Cushing, OK WTI Spot Price FOB (Dollars per Barrel)",64.36,$/BBL
2025-08-28,Y35NY,NEW YORK CITY,EPD2DXL0,No 2 Diesel Low Sulfur (0-15 ppm),PF4,Spot Price FOB,EER_EPD2DXL0_PF4_Y35NY_DPG,New York Harbor Ultra-Low Sulfur No 2 Diesel Spot Price (Dollars per Gallon),2.347,$/GAL
2025-08-28,RGC,NA,EPJK,Kerosene-Type Jet Fuel,PF4,Spot Price FOB,EER_EPJK_PF4_RGC_DPG,U.S. Gulf Coast Kerosene-Type Jet Fuel Spot Price FOB (Dollars per Gallon),2.05,$/GAL
2025-08-28,YCUOK,NA,EPCWTI,WTI Crude Oil,PF4,Spot Price FOB,RWTC,"Cushing, OK WTI Spot Price FOB (Dollars per Barrel)",64.96,$/BBL
2025-08-28,Y44MB,NA,EPLLPA,Propane,PF4,Spot Price FOB,EER_EPLLPA_PF4_Y44MB_DPG,"Mont Belvieu, TX Propane Spot Price FOB (Dollars per Gallon)",.679,$/GAL
2025-08-28,Y05LA,LOS ANGELES,EPD2DC,Carb Diesel,PF4,Spot Price FOB,EER_EPD2DC_PF4_Y05LA_DPG,"Los Angeles, CA Ultra-Low Sulfur CARB Diesel Spot Price (Dollars per Gallon)",2.457,$/GAL
2025-08-28,RGC,NA,EPMRU,Conventional Regular Gasoline,PF4,Spot Price FOB,EER_EPMRU_PF4_RGC_DPG,U.S. Gulf Coast Conventional Gasoline Regular Spot Price FOB (Dollars per Gallon),2.124,$/GAL
2025-08-28,Y35NY,NEW YORK CITY,EPD2F,No 2 Fuel Oil / Heating Oil,PF4,Spot Price FOB,EER_EPD2F_PF4_Y35NY_DPG,New York Harbor No. 2 Heating Oil Spot Price FOB (Dollars per Gallon),2.2,$/GAL
2025-08-28,ZEU,NA,EPCBRENT,UK Brent Crude Oil,PF4,Spot Price FOB,RBRTE,Europe Brent Spot Price FOB (Dollars per Barrel),68.61,$/BBL
2025-08-28,RGC,NA,EPD2DXL0,No 2 Diesel Low Sulfur (0-15 ppm),PF4,Spot Price FOB,EER_EPD2DXL0_PF4_RGC_DPG,U.S. Gulf Coast Ultra-Low Sulfur No 2 Diesel Spot Price (Dollars per Gallon),2.222,$/GAL
2025-08-28,Y35NY,NEW YORK CITY,EPMRU,Conventional Regular Gasoline,PF4,Spot Price FOB,EER_EPMRU_PF4_Y35NY_DPG,New York Harbor Conventional Gasoline Regular Spot Price FOB (Dollars per Gallon),2.236,$/GAL
2025-08-28,Y05LA,LOS ANGELES,EPMRR,Reformulated Regular Gasoline,PF4,Spot Price FOB,EER_EPMRR_PF4_Y05LA_DPG,Los Angeles Reformulated RBOB Regular Gasoline Spot Price (Dollars per Gallon),2.649,$/GAL
2025-08-27,YCUOK,NA,EPCWTI,WTI Crude Oil,PF4,Spot Price FOB,RWTC,"Cushing, OK WTI Spot Price FOB (Dollars per Barrel)",64.49,$/BBL
2025-08-27,Y05LA,LOS ANGELES,EPD2DC,Carb Diesel,PF4,Spot Price FOB,EER_EPD2DC_PF4_Y05LA_DPG,"Los Angeles, CA Ultra-Low Sulfur CARB Diesel Spot Price (Dollars per Gallon)",2.433,$/GAL
2025-08-27,ZEU,NA,EPCBRENT,UK Brent Crude Oil,PF4,Spot Price FOB,RBRTE,Europe Brent Spot Price FOB (Dollars per Barrel),67.75,$/BBL
2025-08-27,Y05LA,LOS ANGELES,EPMRR,Reformulated Regular Gasoline,PF4,Spot Price FOB,EER_EPMRR_PF4_Y05LA_DPG,Los Angeles Reformulated RBOB Regular Gasoline Spot Price (Dollars per Gallon),2.638,$/GAL
2025-08-27,RGC,NA,EPD2DXL0,No 2 Diesel Low Sulfur (0-15 ppm),PF4,Spot Price FOB,EER_EPD2DXL0_PF4_RGC_DPG,U.S. Gulf Coast Ultra-Low Sulfur No 2 Diesel Spot Price (Dollars per Gallon),2.204,$/GAL
2025-08-27,RGC,NA,EPMRU,Conventional Regular Gasoline,PF4,Spot Price FOB,EER_EPMRU_PF4_RGC_DPG,U.S. Gulf Coast Conventional Gasoline Regular Spot Price FOB (Dollars per Gallon),2.1,$/GAL
2025-08-27,Y35NY,NEW YORK CITY,EPD2DXL0,No 2 Diesel Low Sulfur (0-15 ppm),PF4,Spot Price FOB,EER_EPD2DXL0_PF4_Y35NY_DPG,New York Harbor Ultra-Low Sulfur No 2 Diesel Spot Price (Dollars per Gallon),2.333,$/GAL
2025-08-27,Y35NY,NEW YORK CITY,EPMRU,Conventional Regular Gasoline,PF4,Spot Price FOB,EER_EPMRU_PF4_Y35NY_DPG,New York Harbor Conventional Gasoline Regular Spot Price FOB (Dollars per Gallon),2.15,$/GAL
2025-08-27,Y35NY,NEW YORK CITY,EPD2F,No 2 Fuel Oil / Heating Oil,PF4,Spot Price FOB,EER_EPD2F_PF4_Y35NY_DPG,New York Harbor No. 2 Heating Oil Spot Price FOB (Dollars per Gallon),2.186,$/GAL
2025-08-27,RGC,NA,EPJK,Kerosene-Type Jet Fuel,PF4,Spot Price FOB,EER_EPJK_PF4_RGC_DPG,U.S. Gulf Coast Kerosene-Type Jet Fuel Spot Price FOB (Dollars per Gallon),2.032,$/GAL
2025-08-27,Y44MB,NA,EPLLPA,Propane,PF4,Spot Price FOB,EER_EPLLPA_PF4_Y44MB_DPG,"Mont Belvieu, TX Propane Spot Price FOB (Dollars per Gallon)",.68,$/GAL
2025-08-26,RGC,NA,EPJK,Kerosene-Type Jet Fuel,PF4,Spot Price FOB,EER_EPJK_PF4_RGC_DPG,U.S. Gulf Coast Kerosene-Type Jet Fuel Spot Price FOB (Dollars per Gallon),2.027,$/GAL
2025-08-26,Y44MB,NA,EPLLPA,Propane,PF4,Spot Price FOB,EER_EPLLPA_PF4_Y44MB_DPG,"Mont Belvieu, TX Propane Spot Price FOB (Dollars per Gallon)",.674,$/GAL
2025-08-26,YCUOK,NA,EPCWTI,WTI Crude Oil,PF4,Spot Price FOB,RWTC,"Cushing, OK WTI Spot Price FOB (Dollars per Barrel)",63.6,$/BBL
2025-08-26,Y35NY,NEW YORK CITY,EPD2F,No 2 Fuel Oil / Heating Oil,PF4,Spot Price FOB,EER_EPD2F_PF4_Y35NY_DPG,New York Harbor No. 2 Heating Oil Spot Price FOB (Dollars per Gallon),2.183,$/GAL
2025-08-26,RGC,NA,EPMRU,Conventional Regular Gasoline,PF4,Spot Price FOB,EER_EPMRU_PF4_RGC_DPG,U.S. Gulf Coast Conventional Gasoline Regular Spot Price FOB (Dollars per Gallon),2.115,$/GAL
2025-08-26,Y35NY,NEW YORK CITY,EPD2DXL0,No 2 Diesel Low Sulfur (0-15 ppm),PF4,Spot Price FOB,EER_EPD2DXL0_PF4_Y35NY_DPG,New York Harbor Ultra-Low Sulfur No 2 Diesel Spot Price (Dollars per Gallon),2.33,$/GAL
2025-08-26,Y05LA,LOS ANGELES,EPMRR,Reformulated Regular Gasoline,PF4,Spot Price FOB,EER_EPMRR_PF4_Y05LA_DPG,Los Angeles Reformulated RBOB Regular Gasoline Spot Price (Dollars per Gallon),2.656,$/GAL
2025-08-26,RGC,NA,EPD2DXL0,No 2 Diesel Low Sulfur (0-15 ppm),PF4,Spot Price FOB,EER_EPD2DXL0_PF4_RGC_DPG,U.S. Gulf Coast Ultra-Low Sulfur No 2 Diesel Spot Price (Dollars per Gallon),2.205,$/GAL
2025-08-26,ZEU,NA,EPCBRENT,UK Brent Crude Oil,PF4,Spot Price FOB,RBRTE,Europe Brent Spot Price FOB (Dollars per Barrel),66.89,$/BBL
2025-08-26,Y35NY,NEW YORK CITY,EPMRU,Conventional Regular Gasoline,PF4,Spot Price FOB,EER_EPMRU_PF4_Y35NY_DPG,New York Harbor Conventional Gasoline Regular Spot Price FOB (Dollars per Gallon),2.143,$/GAL
2025-08-26,Y05LA,LOS ANGELES,EPD2DC,Carb Diesel,PF4,Spot Price FOB,EER_EPD2DC_PF4_Y05LA_DPG,"Los Angeles, CA Ultra-Low Sulfur CARB Diesel Spot Price (Dollars per Gallon)",2.42,$/GAL
2025-08-25,Y05LA,LOS ANGELES,EPD2DC,Carb Diesel,PF4,Spot Price FOB,EER_EPD2DC_PF4_Y05LA_DPG,"Los Angeles, CA Ultra-Low Sulfur CARB Diesel Spot Price (Dollars per Gallon)",2.45,$/GAL
2025-08-25,Y35NY,NEW YORK CITY,EPMRU,Conventional Regular Gasoline,PF4,Spot Price FOB,EER_EPMRU_PF4_Y35NY_DPG,New York Harbor Conventional Gasoline Regular Spot Price FOB (Dollars per Gallon),2.158,$/GAL
2025-08-25,Y35NY,NEW YORK CITY,EPD2DXL0,No 2 Diesel Low Sulfur (0-15 ppm),PF4,Spot Price FOB,EER_EPD2DXL0_PF4_Y35NY_DPG,New York Harbor Ultra-Low Sulfur No 2 Diesel Spot Price (Dollars per Gallon),2.4,$/GAL
2025-08-25,RGC,NA,EPJK,Kerosene-Type Jet Fuel,PF4,Spot Price FOB,EER_EPJK_PF4_RGC_DPG,U.S. Gulf Coast Kerosene-Type Jet Fuel Spot Price FOB (Dollars per Gallon),2.096,$/GAL
2025-08-25,RGC,NA,EPD2DXL0,No 2 Diesel Low Sulfur (0-15 ppm),PF4,Spot Price FOB,EER_EPD2DXL0_PF4_RGC_DPG,U.S. Gulf Coast Ultra-Low Sulfur No 2 Diesel Spot Price (Dollars per Gallon),2.275,$/GAL
2025-08-25,RGC,NA,EPMRU,Conventional Regular Gasoline,PF4,Spot Price FOB,EER_EPMRU_PF4_RGC_DPG,U.S. Gulf Coast Conventional Gasoline Regular Spot Price FOB (Dollars per Gallon),2.128,$/GAL
2025-08-25,Y05LA,LOS ANGELES,EPMRR,Reformulated Regular Gasoline,PF4,Spot Price FOB,EER_EPMRR_PF4_Y05LA_DPG,Los Angeles Reformulated RBOB Regular Gasoline Spot Price (Dollars per Gallon),2.521,$/GAL
2025-08-25,Y44MB,NA,EPLLPA,Propane,PF4,Spot Price FOB,EER_EPLLPA_PF4_Y44MB_DPG,"Mont Belvieu, TX Propane Spot Price FOB (Dollars per Gallon)",.678,$/GAL
2025-08-25,YCUOK,NA,EPCWTI,WTI Crude Oil,PF4,Spot Price FOB,RWTC,"Cushing, OK WTI Spot Price FOB (Dollars per Barrel)",65.18,$/BBL
2025-08-25,Y35NY,NEW YORK CITY,EPD2F,No 2 Fuel Oil / Heating Oil,PF4,Spot Price FOB,EER_EPD2F_PF4_Y35NY_DPG,New York Harbor No. 2 Heating Oil Spot Price FOB (Dollars per Gallon),2.253,$/GAL
2025-08-22,Y35NY,NEW YORK CITY,EPMRU,Conventional Regular Gasoline,PF4,Spot Price FOB,EER_EPMRU_PF4_Y35NY_DPG,New York Harbor Conventional Gasoline Regular Spot Price FOB (Dollars per Gallon),2.168,$/GAL
2025-08-22,Y35NY,NEW YORK CITY,EPD2DXL0,No 2 Diesel Low Sulfur (0-15 ppm),PF4,Spot Price FOB,EER_EPD2DXL0_PF4_Y35NY_DPG,New York Harbor Ultra-Low Sulfur No 2 Diesel Spot Price (Dollars per Gallon),2.361,$/GAL
2025-08-22,RGC,NA,EPJK,Kerosene-Type Jet Fuel,PF4,Spot Price FOB,EER_EPJK_PF4_RGC_DPG,U.S. Gulf Coast Kerosene-Type Jet Fuel Spot Price FOB (Dollars per Gallon),2.057,$/GAL
2025-08-22,Y44MB,NA,EPLLPA,Propane,PF4,Spot Price FOB,EER_EPLLPA_PF4_Y44MB_DPG,"Mont Belvieu, TX Propane Spot Price FOB (Dollars per Gallon)",.669,$/GAL
2025-08-22,Y35NY,NEW YORK CITY,EPD2F,No 2 Fuel Oil / Heating Oil,PF4,Spot Price FOB,EER_EPD2F_PF4_Y35NY_DPG,New York Harbor No. 2 Heating Oil Spot Price FOB (Dollars per Gallon),2.214,$/GAL
2025-08-22,Y05LA,LOS ANGELES,EPMRR,Reformulated Regular Gasoline,PF4,Spot Price FOB,EER_EPMRR_PF4_Y05LA_DPG,Los Angeles Reformulated RBOB Regular Gasoline Spot Price (Dollars per Gallon),2.531,$/GAL
2025-08-22,ZEU,NA,EPCBRENT,UK Brent Crude Oil,PF4,Spot Price FOB,RBRTE,Europe Brent Spot Price FOB (Dollars per Barrel),68.29,$/BBL
2025-08-22,YCUOK,NA,EPCWTI,WTI Crude Oil,PF4,Spot Price FOB,RWTC,"Cushing, OK WTI Spot Price FOB (Dollars per Barrel)",64.08,$/BBL
2025-08-22,RGC,NA,EPMRU,Conventional Regular Gasoline,PF4,Spot Price FOB,EER_EPMRU_PF4_RGC_DPG,U.S. Gulf Coast Conventional Gasoline Regular Spot Price FOB (Dollars per Gallon),2.144,$/GAL
2025-08-22,Y05LA,LOS ANGELES,EPD2DC,Carb Diesel,PF4,Spot Price FOB,EER_EPD2DC_PF4_Y05LA_DPG,"Los Angeles, CA Ultra-Low Sulfur CARB Diesel Spot Price (Dollars per Gallon)",2.411,$/GAL
2025-08-22,RGC,NA,EPD2DXL0,No 2 Diesel Low Sulfur (0-15 ppm),PF4,Spot Price FOB,EER_EPD2DXL0_PF4_RGC_DPG,U.S. Gulf Coast Ultra-Low Sulfur No 2 Diesel Spot Price (Dollars per Gallon),2.239,$/GAL
2025-08-21,Y35NY,NEW YORK CITY,EPD2F,No 2 Fuel Oil / Heating Oil,PF4,Spot Price FOB,EER_EPD2F_PF4_Y35NY_DPG,New York Harbor No. 2 Heating Oil Spot Price FOB (Dollars per Gallon),2.227,$/GAL
2025-08-21,Y35NY,NEW YORK CITY,EPMRU,Conventional Regular Gasoline,PF4,Spot Price FOB,EER_EPMRU_PF4_Y35NY_DPG,New York Harbor Conventional Gasoline Regular Spot Price FOB (Dollars per Gallon),2.169,$/GAL
2025-08-21,Y05LA,LOS ANGELES,EPMRR,Reformulated Regular Gasoline,PF4,Spot Price FOB,EER_EPMRR_PF4_Y05LA_DPG,Los Angeles Reformulated RBOB Regular Gasoline Spot Price (Dollars per Gallon),2.481,$/GAL
2025-08-21,Y35NY,NEW YORK CITY,EPD2DXL0,No 2 Diesel Low Sulfur (0-15 ppm),PF4,Spot Price FOB,EER_EPD2DXL0_PF4_Y35NY_DPG,New York Harbor Ultra-Low Sulfur No 2 Diesel Spot Price (Dollars per Gallon),2.375,$/GAL
2025-08-21,RGC,NA,EPD2DXL0,No 2 Diesel Low Sulfur (0-15 ppm),PF4,Spot Price FOB,EER_EPD2DXL0_PF4_RGC_DPG,U.S. Gulf Coast Ultra-Low Sulfur No 2 Diesel Spot Price (Dollars per Gallon),2.252,$/GAL
2025-08-21,YCUOK,NA,EPCWTI,WTI Crude Oil,PF4,Spot Price FOB,RWTC,"Cushing, OK WTI Spot Price FOB (Dollars per Barrel)",64.56,$/BBL
2025-08-21,Y44MB,NA,EPLLPA,Propane,PF4,Spot Price FOB,EER_EPLLPA_PF4_Y44MB_DPG,"Mont Belvieu, TX Propane Spot Price FOB (Dollars per Gallon)",.685,$/GAL
2025-08-21,ZEU,NA,EPCBRENT,UK Brent Crude Oil,PF4,Spot Price FOB,RBRTE,Europe Brent Spot Price FOB (Dollars per Barrel),68.41,$/BBL
2025-08-21,RGC,NA,EPJK,Kerosene-Type Jet Fuel,PF4,Spot Price FOB,EER_EPJK_PF4_RGC_DPG,U.S. Gulf Coast Kerosene-Type Jet Fuel Spot Price FOB (Dollars per Gallon),2.07,$/GAL
2025-08-21,Y05LA,LOS ANGELES,EPD2DC,Carb Diesel,PF4,Spot Price FOB,EER_EPD2DC_PF4_Y05LA_DPG,"Los Angeles, CA Ultra-Low Sulfur CARB Diesel Spot Price (Dollars per Gallon)",2.425,$/GAL
2025-08-21,RGC,NA,EPMRU,Conventional Regular Gasoline,PF4,Spot Price FOB,EER_EPMRU_PF4_RGC_DPG,U.S. Gulf Coast Conventional Gasoline Regular Spot Price FOB (Dollars per Gallon),2.129,$/GAL
2025-08-20,RGC,NA,EPJK,Kerosene-Type Jet Fuel,PF4,Spot Price FOB,EER_EPJK_PF4_RGC_DPG,U.S. Gulf Coast Kerosene-Type Jet Fuel Spot Price FOB (Dollars per Gallon),2.024,$/GAL
2025-08-20,ZEU,NA,EPCBRENT,UK Brent Crude Oil,PF4,Spot Price FOB,RBRTE,Europe Brent Spot Price FOB (Dollars per Barrel),67.61,$/BBL
2025-08-20,RGC,NA,EPMRU,Conventional Regular Gasoline,PF4,Spot Price FOB,EER_EPMRU_PF4_RGC_DPG,U.S. Gulf Coast Conventional Gasoline Regular Spot Price FOB (Dollars per Gallon),2.103,$/GAL
2025-08-20,Y05LA,LOS ANGELES,EPD2DC,Carb Diesel,PF4,Spot Price FOB,EER_EPD2DC_PF4_Y05LA_DPG,"Los Angeles, CA Ultra-Low Sulfur CARB Diesel Spot Price (Dollars per Gallon)",2.309,$/GAL
2025-08-20,Y35NY,NEW YORK CITY,EPMRU,Conventional Regular Gasoline,PF4,Spot Price FOB,EER_EPMRU_PF4_Y35NY_DPG,New York Harbor Conventional Gasoline Regular Spot Price FOB (Dollars per Gallon),2.137,$/GAL
2025-08-20,Y05LA,LOS ANGELES,EPMRR,Reformulated Regular Gasoline,PF4,Spot Price FOB,EER_EPMRR_PF4_Y05LA_DPG,Los Angeles Reformulated RBOB Regular Gasoline Spot Price (Dollars per Gallon),2.35,$/GAL
2025-08-20,Y35NY,NEW YORK CITY,EPD2F,No 2 Fuel Oil / Heating Oil,PF4,Spot Price FOB,EER_EPD2F_PF4_Y35NY_DPG,New York Harbor No. 2 Heating Oil Spot Price FOB (Dollars per Gallon),2.182,$/GAL
2025-08-20,Y35NY,NEW YORK CITY,EPD2DXL0,No 2 Diesel Low Sulfur (0-15 ppm),PF4,Spot Price FOB,EER_EPD2DXL0_PF4_Y35NY_DPG,New York Harbor Ultra-Low Sulfur No 2 Diesel Spot Price (Dollars per Gallon),2.329,$/GAL
2025-08-20,YCUOK,NA,EPCWTI,WTI Crude Oil,PF4,Spot Price FOB,RWTC,"Cushing, OK WTI Spot Price FOB (Dollars per Barrel)",64.19,$/BBL
2025-08-20,RGC,NA,EPD2DXL0,No 2 Diesel Low Sulfur (0-15 ppm),PF4,Spot Price FOB,EER_EPD2DXL0_PF4_RGC_DPG,U.S. Gulf Coast Ultra-Low Sulfur No 2 Diesel Spot Price (Dollars per Gallon),2.206,$/GAL
2025-08-20,Y44MB,NA,EPLLPA,Propane,PF4,Spot Price FOB,EER_EPLLPA_PF4_Y44MB_DPG,"Mont Belvieu, TX Propane Spot Price FOB (Dollars per Gallon)",.675,$/GAL
2025-08-19,Y05LA,LOS ANGELES,EPMRR,Reformulated Regular Gasoline,PF4,Spot Price FOB,EER_EPMRR_PF4_Y05LA_DPG,Los Angeles Reformulated RBOB Regular Gasoline Spot Price (Dollars per Gallon),2.312,$/GAL
2025-08-19,Y05LA,LOS ANGELES,EPD2DC,Carb Diesel,PF4,Spot Price FOB,EER_EPD2DC_PF4_Y05LA_DPG,"Los Angeles, CA Ultra-Low Sulfur CARB Diesel Spot Price (Dollars per Gallon)",2.287,$/GAL
2025-08-19,RGC,NA,EPD2DXL0,No 2 Diesel Low Sulfur (0-15 ppm),PF4,Spot Price FOB,EER_EPD2DXL0_PF4_RGC_DPG,U.S. Gulf Coast Ultra-Low Sulfur No 2 Diesel Spot Price (Dollars per Gallon),2.184,$/GAL
2025-08-19,RGC,NA,EPJK,Kerosene-Type Jet Fuel,PF4,Spot Price FOB,EER_EPJK_PF4_RGC_DPG,U.S. Gulf Coast Kerosene-Type Jet Fuel Spot Price FOB (Dollars per Gallon),2.007,$/GAL
2025-08-19,ZEU,NA,EPCBRENT,UK Brent Crude Oil,PF4,Spot Price FOB,RBRTE,Europe Brent Spot Price FOB (Dollars per Barrel),66.62,$/BBL
2025-08-19,RGC,NA,EPMRU,Conventional Regular Gasoline,PF4,Spot Price FOB,EER_EPMRU_PF4_RGC_DPG,U.S. Gulf Coast Conventional Gasoline Regular Spot Price FOB (Dollars per Gallon),2.227,$/GAL
2025-08-19,Y35NY,NEW YORK CITY,EPD2DXL0,No 2 Diesel Low Sulfur (0-15 ppm),PF4,Spot Price FOB,EER_EPD2DXL0_PF4_Y35NY_DPG,New York Harbor Ultra-Low Sulfur No 2 Diesel Spot Price (Dollars per Gallon),2.307,$/GAL
2025-08-19,Y35NY,NEW YORK CITY,EPMRU,Conventional Regular Gasoline,PF4,Spot Price FOB,EER_EPMRU_PF4_Y35NY_DPG,New York Harbor Conventional Gasoline Regular Spot Price FOB (Dollars per Gallon),2.1,$/GAL
2025-08-19,Y44MB,NA,EPLLPA,Propane,PF4,Spot Price FOB,EER_EPLLPA_PF4_Y44MB_DPG,"Mont Belvieu, TX Propane Spot Price FOB (Dollars per Gallon)",.656,$/GAL
2025-08-19,Y35NY,NEW YORK CITY,EPD2F,No 2 Fuel Oil / Heating Oil,PF4,Spot Price FOB,EER_EPD2F_PF4_Y35NY_DPG,New York Harbor No. 2 Heating Oil Spot Price FOB (Dollars per Gallon),2.16,$/GAL
2025-08-19,YCUOK,NA,EPCWTI,WTI Crude Oil,PF4,Spot Price FOB,RWTC,"Cushing, OK WTI Spot Price FOB (Dollars per Barrel)",63.38,$/BBL
2025-08-18,RGC,NA,EPMRU,Conventional Regular Gasoline,PF4,Spot Price FOB,EER_EPMRU_PF4_RGC_DPG,U.S. Gulf Coast Conventional Gasoline Regular Spot Price FOB (Dollars per Gallon),2.074,$/GAL
2025-08-18,RGC,NA,EPD2DXL0,No 2 Diesel Low Sulfur (0-15 ppm),PF4,Spot Price FOB,EER_EPD2DXL0_PF4_RGC_DPG,U.S. Gulf Coast Ultra-Low Sulfur No 2 Diesel Spot Price (Dollars per Gallon),2.174,$/GAL
2025-08-18,Y35NY,NEW YORK CITY,EPMRU,Conventional Regular Gasoline,PF4,Spot Price FOB,EER_EPMRU_PF4_Y35NY_DPG,New York Harbor Conventional Gasoline Regular Spot Price FOB (Dollars per Gallon),2.106,$/GAL
2025-08-18,Y35NY,NEW YORK CITY,EPD2DXL0,No 2 Diesel Low Sulfur (0-15 ppm),PF4,Spot Price FOB,EER_EPD2DXL0_PF4_Y35NY_DPG,New York Harbor Ultra-Low Sulfur No 2 Diesel Spot Price (Dollars per Gallon),2.297,$/GAL
2025-08-18,Y05LA,LOS ANGELES,EPD2DC,Carb Diesel,PF4,Spot Price FOB,EER_EPD2DC_PF4_Y05LA_DPG,"Los Angeles, CA Ultra-Low Sulfur CARB Diesel Spot Price (Dollars per Gallon)",2.277,$/GAL
2025-08-18,RGC,NA,EPJK,Kerosene-Type Jet Fuel,PF4,Spot Price FOB,EER_EPJK_PF4_RGC_DPG,U.S. Gulf Coast Kerosene-Type Jet Fuel Spot Price FOB (Dollars per Gallon),1.997,$/GAL
2025-08-18,Y35NY,NEW YORK CITY,EPD2F,No 2 Fuel Oil / Heating Oil,PF4,Spot Price FOB,EER_EPD2F_PF4_Y35NY_DPG,New York Harbor No. 2 Heating Oil Spot Price FOB (Dollars per Gallon),2.15,$/GAL
2025-08-18,ZEU,NA,EPCBRENT,UK Brent Crude Oil,PF4,Spot Price FOB,RBRTE,Europe Brent Spot Price FOB (Dollars per Barrel),68.18,$/BBL
2025-08-18,Y05LA,LOS ANGELES,EPMRR,Reformulated Regular Gasoline,PF4,Spot Price FOB,EER_EPMRR_PF4_Y05LA_DPG,Los Angeles Reformulated RBOB Regular Gasoline Spot Price (Dollars per Gallon),2.319,$/GAL
2025-08-18,Y44MB,NA,EPLLPA,Propane,PF4,Spot Price FOB,EER_EPLLPA_PF4_Y44MB_DPG,"Mont Belvieu, TX Propane Spot Price FOB (Dollars per Gallon)",.649,$/GAL
2025-08-18,YCUOK,NA,EPCWTI,WTI Crude Oil,PF4,Spot Price FOB,RWTC,"Cushing, OK WTI Spot Price FOB (Dollars per Barrel)",64.51,$/BBL
2025-08-15,ZEU,NA,EPCBRENT,UK Brent Crude Oil,PF4,Spot Price FOB,RBRTE,Europe Brent Spot Price FOB (Dollars per Barrel),67.3,$/BBL
2025-08-15,Y05LA,LOS ANGELES,EPD2DC,Carb Diesel,PF4,Spot Price FOB,EER_EPD2DC_PF4_Y05LA_DPG,"Los Angeles, CA Ultra-Low Sulfur CARB Diesel Spot Price (Dollars per Gallon)",2.26,$/GAL
2025-08-15,RGC,NA,EPJK,Kerosene-Type Jet Fuel,PF4,Spot Price FOB,EER_EPJK_PF4_RGC_DPG,U.S. Gulf Coast Kerosene-Type Jet Fuel Spot Price FOB (Dollars per Gallon),1.98,$/GAL
2025-08-15,RGC,NA,EPMRU,Conventional Regular Gasoline,PF4,Spot Price FOB,EER_EPMRU_PF4_RGC_DPG,U.S. Gulf Coast Conventional Gasoline Regular Spot Price FOB (Dollars per Gallon),2.056,$/GAL
2025-08-15,Y05LA,LOS ANGELES,EPMRR,Reformulated Regular Gasoline,PF4,Spot Price FOB,EER_EPMRR_PF4_Y05LA_DPG,Los Angeles Reformulated RBOB Regular Gasoline Spot Price (Dollars per Gallon),2.311,$/GAL
2025-08-15,Y35NY,NEW YORK CITY,EPD2DXL0,No 2 Diesel Low Sulfur (0-15 ppm),PF4,Spot Price FOB,EER_EPD2DXL0_PF4_Y35NY_DPG,New York Harbor Ultra-Low Sulfur No 2 Diesel Spot Price (Dollars per Gallon),2.28,$/GAL
2025-08-15,YCUOK,NA,EPCWTI,WTI Crude Oil,PF4,Spot Price FOB,RWTC,"Cushing, OK WTI Spot Price FOB (Dollars per Barrel)",63.78,$/BBL
2025-08-15,Y35NY,NEW YORK CITY,EPD2F,No 2 Fuel Oil / Heating Oil,PF4,Spot Price FOB,EER_EPD2F_PF4_Y35NY_DPG,New York Harbor No. 2 Heating Oil Spot Price FOB (Dollars per Gallon),2.133,$/GAL
2025-08-15,RGC,NA,EPD2DXL0,No 2 Diesel Low Sulfur (0-15 ppm),PF4,Spot Price FOB,EER_EPD2DXL0_PF4_RGC_DPG,U.S. Gulf Coast Ultra-Low Sulfur No 2 Diesel Spot Price (Dollars per Gallon),2.157,$/GAL
2025-08-15,Y44MB,NA,EPLLPA,Propane,PF4,Spot Price FOB,EER_EPLLPA_PF4_Y44MB_DPG,"Mont Belvieu, TX Propane Spot Price FOB (Dollars per Gallon)",.658,$/GAL
2025-08-15,Y35NY,NEW YORK CITY,EPMRU,Conventional Regular Gasoline,PF4,Spot Price FOB,EER_EPMRU_PF4_Y35NY_DPG,New York Harbor Conventional Gasoline Regular Spot Price FOB (Dollars per Gallon),2.088,$/GAL
2025-08-14,Y05LA,LOS ANGELES,EPMRR,Reformulated Regular Gasoline,PF4,Spot Price FOB,EER_EPMRR_PF4_Y05LA_DPG,Los Angeles Reformulated RBOB Regular Gasoline Spot Price (Dollars per Gallon),2.35,$/GAL
2025-08-14,Y05LA,LOS ANGELES,EPD2DC,Carb Diesel,PF4,Spot Price FOB,EER_EPD2DC_PF4_Y05LA_DPG,"Los Angeles, CA Ultra-Low Sulfur CARB Diesel Spot Price (Dollars per Gallon)",2.271,$/GAL
2025-08-14,Y44MB,NA,EPLLPA,Propane,PF4,Spot Price FOB,EER_EPLLPA_PF4_Y44MB_DPG,"Mont Belvieu, TX Propane Spot Price FOB (Dollars per Gallon)",.674,$/GAL
2025-08-14,RGC,NA,EPD2DXL0,No 2 Diesel Low Sulfur (0-15 ppm),PF4,Spot Price FOB,EER_EPD2DXL0_PF4_RGC_DPG,U.S. Gulf Coast Ultra-Low Sulfur No 2 Diesel Spot Price (Dollars per Gallon),2.166,$/GAL
2025-08-14,YCUOK,NA,EPCWTI,WTI Crude Oil,PF4,Spot Price FOB,RWTC,"Cushing, OK WTI Spot Price FOB (Dollars per Barrel)",64.99,$/BBL
2025-08-14,Y35NY,NEW YORK CITY,EPMRU,Conventional Regular Gasoline,PF4,Spot Price FOB,EER_EPMRU_PF4_Y35NY_DPG,New York Harbor Conventional Gasoline Regular Spot Price FOB (Dollars per Gallon),2.117,$/GAL
2025-08-14,RGC,NA,EPJK,Kerosene-Type Jet Fuel,PF4,Spot Price FOB,EER_EPJK_PF4_RGC_DPG,U.S. Gulf Coast Kerosene-Type Jet Fuel Spot Price FOB (Dollars per Gallon),1.991,$/GAL
2025-08-14,ZEU,NA,EPCBRENT,UK Brent Crude Oil,PF4,Spot Price FOB,RBRTE,Europe Brent Spot Price FOB (Dollars per Barrel),68.12,$/BBL
2025-08-14,RGC,NA,EPMRU,Conventional Regular Gasoline,PF4,Spot Price FOB,EER_EPMRU_PF4_RGC_DPG,U.S. Gulf Coast Conventional Gasoline Regular Spot Price FOB (Dollars per Gallon),2.1,$/GAL
2025-08-14,Y35NY,NEW YORK CITY,EPD2F,No 2 Fuel Oil / Heating Oil,PF4,Spot Price FOB,EER_EPD2F_PF4_Y35NY_DPG,New York Harbor No. 2 Heating Oil Spot Price FOB (Dollars per Gallon),2.143,$/GAL
2025-08-14,Y35NY,NEW YORK CITY,EPD2DXL0,No 2 Diesel Low Sulfur (0-15 ppm),PF4,Spot Price FOB,EER_EPD2DXL0_PF4_Y35NY_DPG,New York Harbor Ultra-Low Sulfur No 2 Diesel Spot Price (Dollars per Gallon),2.291,$/GAL
2025-08-13,Y35NY,NEW YORK CITY,EPD2F,No 2 Fuel Oil / Heating Oil,PF4,Spot Price FOB,EER_EPD2F_PF4_Y35NY_DPG,New York Harbor No. 2 Heating Oil Spot Price FOB (Dollars per Gallon),2.145,$/GAL
2025-08-13,RGC,NA,EPJK,Kerosene-Type Jet Fuel,PF4,Spot Price FOB,EER_EPJK_PF4_RGC_DPG,U.S. Gulf Coast Kerosene-Type Jet Fuel Spot Price FOB (Dollars per Gallon),1.992,$/GAL
2025-08-13,YCUOK,NA,EPCWTI,WTI Crude Oil,PF4,Spot Price FOB,RWTC,"Cushing, OK WTI Spot Price FOB (Dollars per Barrel)",63.68,$/BBL
2025-08-13,RGC,NA,EPD2DXL0,No 2 Diesel Low Sulfur (0-15 ppm),PF4,Spot Price FOB,EER_EPD2DXL0_PF4_RGC_DPG,U.S. Gulf Coast Ultra-Low Sulfur No 2 Diesel Spot Price (Dollars per Gallon),2.167,$/GAL
2025-08-13,Y35NY,NEW YORK CITY,EPMRU,Conventional Regular Gasoline,PF4,Spot Price FOB,EER_EPMRU_PF4_Y35NY_DPG,New York Harbor Conventional Gasoline Regular Spot Price FOB (Dollars per Gallon),2.082,$/GAL
2025-08-13,ZEU,NA,EPCBRENT,UK Brent Crude Oil,PF4,Spot Price FOB,RBRTE,Europe Brent Spot Price FOB (Dollars per Barrel),66.25,$/BBL
2025-08-13,Y44MB,NA,EPLLPA,Propane,PF4,Spot Price FOB,EER_EPLLPA_PF4_Y44MB_DPG,"Mont Belvieu, TX Propane Spot Price FOB (Dollars per Gallon)",.668,$/GAL
2025-08-13,Y05LA,LOS ANGELES,EPMRR,Reformulated Regular Gasoline,PF4,Spot Price FOB,EER_EPMRR_PF4_Y05LA_DPG,Los Angeles Reformulated RBOB Regular Gasoline Spot Price (Dollars per Gallon),2.279,$/GAL
2025-08-13,RGC,NA,EPMRU,Conventional Regular Gasoline,PF4,Spot Price FOB,EER_EPMRU_PF4_RGC_DPG,U.S. Gulf Coast Conventional Gasoline Regular Spot Price FOB (Dollars per Gallon),2.054,$/GAL
2025-08-13,Y35NY,NEW YORK CITY,EPD2DXL0,No 2 Diesel Low Sulfur (0-15 ppm),PF4,Spot Price FOB,EER_EPD2DXL0_PF4_Y35NY_DPG,New York Harbor Ultra-Low Sulfur No 2 Diesel Spot Price (Dollars per Gallon),2.292,$/GAL
2025-08-13,Y05LA,LOS ANGELES,EPD2DC,Carb Diesel,PF4,Spot Price FOB,EER_EPD2DC_PF4_Y05LA_DPG,"Los Angeles, CA Ultra-Low Sulfur CARB Diesel Spot Price (Dollars per Gallon)",2.272,$/GAL
2025-08-12,Y05LA,LOS ANGELES,EPMRR,Reformulated Regular Gasoline,PF4,Spot Price FOB,EER_EPMRR_PF4_Y05LA_DPG,Los Angeles Reformulated RBOB Regular Gasoline Spot Price (Dollars per Gallon),2.276,$/GAL
2025-08-12,ZEU,NA,EPCBRENT,UK Brent Crude Oil,PF4,Spot Price FOB,RBRTE,Europe Brent Spot Price FOB (Dollars per Barrel),66.8,$/BBL
2025-08-12,RGC,NA,EPMRU,Conventional Regular Gasoline,PF4,Spot Price FOB,EER_EPMRU_PF4_RGC_DPG,U.S. Gulf Coast Conventional Gasoline Regular Spot Price FOB (Dollars per Gallon),2.051,$/GAL
2025-08-12,RGC,NA,EPD2DXL0,No 2 Diesel Low Sulfur (0-15 ppm),PF4,Spot Price FOB,EER_EPD2DXL0_PF4_RGC_DPG,U.S. Gulf Coast Ultra-Low Sulfur No 2 Diesel Spot Price (Dollars per Gallon),2.165,$/GAL
2025-08-12,Y05LA,LOS ANGELES,EPD2DC,Carb Diesel,PF4,Spot Price FOB,EER_EPD2DC_PF4_Y05LA_DPG,"Los Angeles, CA Ultra-Low Sulfur CARB Diesel Spot Price (Dollars per Gallon)",2.27,$/GAL
2025-08-12,RGC,NA,EPJK,Kerosene-Type Jet Fuel,PF4,Spot Price FOB,EER_EPJK_PF4_RGC_DPG,U.S. Gulf Coast Kerosene-Type Jet Fuel Spot Price FOB (Dollars per Gallon),1.99,$/GAL
2025-08-12,Y35NY,NEW YORK CITY,EPD2DXL0,No 2 Diesel Low Sulfur (0-15 ppm),PF4,Spot Price FOB,EER_EPD2DXL0_PF4_Y35NY_DPG,New York Harbor Ultra-Low Sulfur No 2 Diesel Spot Price (Dollars per Gallon),2.29,$/GAL
2025-08-12,Y35NY,NEW YORK CITY,EPD2F,No 2 Fuel Oil / Heating Oil,PF4,Spot Price FOB,EER_EPD2F_PF4_Y35NY_DPG,New York Harbor No. 2 Heating Oil Spot Price FOB (Dollars per Gallon),2.143,$/GAL
2025-08-12,Y44MB,NA,EPLLPA,Propane,PF4,Spot Price FOB,EER_EPLLPA_PF4_Y44MB_DPG,"Mont Belvieu, TX Propane Spot Price FOB (Dollars per Gallon)",.66,$/GAL
2025-08-12,Y35NY,NEW YORK CITY,EPMRU,Conventional Regular Gasoline,PF4,Spot Price FOB,EER_EPMRU_PF4_Y35NY_DPG,New York Harbor Conventional Gasoline Regular Spot Price FOB (Dollars per Gallon),2.079,$/GAL
2025-08-12,YCUOK,NA,EPCWTI,WTI Crude Oil,PF4,Spot Price FOB,RWTC,"Cushing, OK WTI Spot Price FOB (Dollars per Barrel)",64.22,$/BBL
2025-08-11,Y05LA,LOS ANGELES,EPD2DC,Carb Diesel,PF4,Spot Price FOB,EER_EPD2DC_PF4_Y05LA_DPG,"Los Angeles, CA Ultra-Low Sulfur CARB Diesel Spot Price (Dollars per Gallon)",2.32,$/GAL
2025-08-11,RGC,NA,EPMRU,Conventional Regular Gasoline,PF4,Spot Price FOB,EER_EPMRU_PF4_RGC_DPG,U.S. Gulf Coast Conventional Gasoline Regular Spot Price FOB (Dollars per Gallon),2.053,$/GAL
2025-08-11,Y35NY,NEW YORK CITY,EPD2DXL0,No 2 Diesel Low Sulfur (0-15 ppm),PF4,Spot Price FOB,EER_EPD2DXL0_PF4_Y35NY_DPG,New York Harbor Ultra-Low Sulfur No 2 Diesel Spot Price (Dollars per Gallon),2.34,$/GAL
2025-08-11,RGC,NA,EPJK,Kerosene-Type Jet Fuel,PF4,Spot Price FOB,EER_EPJK_PF4_RGC_DPG,U.S. Gulf Coast Kerosene-Type Jet Fuel Spot Price FOB (Dollars per Gallon),2.04,$/GAL
2025-08-11,ZEU,NA,EPCBRENT,UK Brent Crude Oil,PF4,Spot Price FOB,RBRTE,Europe Brent Spot Price FOB (Dollars per Barrel),67.36,$/BBL
2025-08-11,Y35NY,NEW YORK CITY,EPD2F,No 2 Fuel Oil / Heating Oil,PF4,Spot Price FOB,EER_EPD2F_PF4_Y35NY_DPG,New York Harbor No. 2 Heating Oil Spot Price FOB (Dollars per Gallon),2.193,$/GAL
2025-08-11,Y44MB,NA,EPLLPA,Propane,PF4,Spot Price FOB,EER_EPLLPA_PF4_Y44MB_DPG,"Mont Belvieu, TX Propane Spot Price FOB (Dollars per Gallon)",.661,$/GAL
2025-08-11,Y35NY,NEW YORK CITY,EPMRU,Conventional Regular Gasoline,PF4,Spot Price FOB,EER_EPMRU_PF4_Y35NY_DPG,New York Harbor Conventional Gasoline Regular Spot Price FOB (Dollars per Gallon),2.086,$/GAL
2025-08-11,Y05LA,LOS ANGELES,EPMRR,Reformulated Regular Gasoline,PF4,Spot Price FOB,EER_EPMRR_PF4_Y05LA_DPG,Los Angeles Reformulated RBOB Regular Gasoline Spot Price (Dollars per Gallon),2.308,$/GAL
2025-08-11,YCUOK,NA,EPCWTI,WTI Crude Oil,PF4,Spot Price FOB,RWTC,"Cushing, OK WTI Spot Price FOB (Dollars per Barrel)",65.03,$/BBL
2025-08-11,RGC,NA,EPD2DXL0,No 2 Diesel Low Sulfur (0-15 ppm),PF4,Spot Price FOB,EER_EPD2DXL0_PF4_RGC_DPG,U.S. Gulf Coast Ultra-Low Sulfur No 2 Diesel Spot Price (Dollars per Gallon),2.217,$/GAL
2025-08-08,Y35NY,NEW YORK CITY,EPD2DXL0,No 2 Diesel Low Sulfur (0-15 ppm),PF4,Spot Price FOB,EER_EPD2DXL0_PF4_Y35NY_DPG,New York Harbor Ultra-Low Sulfur No 2 Diesel Spot Price (Dollars per Gallon),2.321,$/GAL
2025-08-08,Y35NY,NEW YORK CITY,EPMRU,Conventional Regular Gasoline,PF4,Spot Price FOB,EER_EPMRU_PF4_Y35NY_DPG,New York Harbor Conventional Gasoline Regular Spot Price FOB (Dollars per Gallon),2.082,$/GAL
2025-08-08,RGC,NA,EPJK,Kerosene-Type Jet Fuel,PF4,Spot Price FOB,EER_EPJK_PF4_RGC_DPG,U.S. Gulf Coast Kerosene-Type Jet Fuel Spot Price FOB (Dollars per Gallon),2.021,$/GAL
2025-08-08,ZEU,NA,EPCBRENT,UK Brent Crude Oil,PF4,Spot Price FOB,RBRTE,Europe Brent Spot Price FOB (Dollars per Barrel),67.17,$/BBL
2025-08-08,YCUOK,NA,EPCWTI,WTI Crude Oil,PF4,Spot Price FOB,RWTC,"Cushing, OK WTI Spot Price FOB (Dollars per Barrel)",64.94,$/BBL
2025-08-08,Y44MB,NA,EPLLPA,Propane,PF4,Spot Price FOB,EER_EPLLPA_PF4_Y44MB_DPG,"Mont Belvieu, TX Propane Spot Price FOB (Dollars per Gallon)",.658,$/GAL
2025-08-08,Y05LA,LOS ANGELES,EPD2DC,Carb Diesel,PF4,Spot Price FOB,EER_EPD2DC_PF4_Y05LA_DPG,"Los Angeles, CA Ultra-Low Sulfur CARB Diesel Spot Price (Dollars per Gallon)",2.301,$/GAL
2025-08-08,RGC,NA,EPMRU,Conventional Regular Gasoline,PF4,Spot Price FOB,EER_EPMRU_PF4_RGC_DPG,U.S. Gulf Coast Conventional Gasoline Regular Spot Price FOB (Dollars per Gallon),2.035,$/GAL
2025-08-08,Y35NY,NEW YORK CITY,EPD2F,No 2 Fuel Oil / Heating Oil,PF4,Spot Price FOB,EER_EPD2F_PF4_Y35NY_DPG,New York Harbor No. 2 Heating Oil Spot Price FOB (Dollars per Gallon),2.173,$/GAL
2025-08-08,Y05LA,LOS ANGELES,EPMRR,Reformulated Regular Gasoline,PF4,Spot Price FOB,EER_EPMRR_PF4_Y05LA_DPG,Los Angeles Reformulated RBOB Regular Gasoline Spot Price (Dollars per Gallon),2.305,$/GAL
2025-08-08,RGC,NA,EPD2DXL0,No 2 Diesel Low Sulfur (0-15 ppm),PF4,Spot Price FOB,EER_EPD2DXL0_PF4_RGC_DPG,U.S. Gulf Coast Ultra-Low Sulfur No 2 Diesel Spot Price (Dollars per Gallon),2.198,$/GAL
2025-08-07,Y05LA,LOS ANGELES,EPD2DC,Carb Diesel,PF4,Spot Price FOB,EER_EPD2DC_PF4_Y05LA_DPG,"Los Angeles, CA Ultra-Low Sulfur CARB Diesel Spot Price (Dollars per Gallon)",2.306,$/GAL
2025-08-07,YCUOK,NA,EPCWTI,WTI Crude Oil,PF4,Spot Price FOB,RWTC,"Cushing, OK WTI Spot Price FOB (Dollars per Barrel)",64.9,$/BBL
2025-08-07,Y35NY,NEW YORK CITY,EPD2DXL0,No 2 Diesel Low Sulfur (0-15 ppm),PF4,Spot Price FOB,EER_EPD2DXL0_PF4_Y35NY_DPG,New York Harbor Ultra-Low Sulfur No 2 Diesel Spot Price (Dollars per Gallon),2.311,$/GAL
2025-08-07,Y35NY,NEW YORK CITY,EPD2F,No 2 Fuel Oil / Heating Oil,PF4,Spot Price FOB,EER_EPD2F_PF4_Y35NY_DPG,New York Harbor No. 2 Heating Oil Spot Price FOB (Dollars per Gallon),2.163,$/GAL
2025-08-07,RGC,NA,EPD2DXL0,No 2 Diesel Low Sulfur (0-15 ppm),PF4,Spot Price FOB,EER_EPD2DXL0_PF4_RGC_DPG,U.S. Gulf Coast Ultra-Low Sulfur No 2 Diesel Spot Price (Dollars per Gallon),2.188,$/GAL
2025-08-07,Y44MB,NA,EPLLPA,Propane,PF4,Spot Price FOB,EER_EPLLPA_PF4_Y44MB_DPG,"Mont Belvieu, TX Propane Spot Price FOB (Dollars per Gallon)",.649,$/GAL
2025-08-07,RGC,NA,EPMRU,Conventional Regular Gasoline,PF4,Spot Price FOB,EER_EPMRU_PF4_RGC_DPG,U.S. Gulf Coast Conventional Gasoline Regular Spot Price FOB (Dollars per Gallon),2.032,$/GAL
2025-08-07,Y35NY,NEW YORK CITY,EPMRU,Conventional Regular Gasoline,PF4,Spot Price FOB,EER_EPMRU_PF4_Y35NY_DPG,New York Harbor Conventional Gasoline Regular Spot Price FOB (Dollars per Gallon),2.079,$/GAL
2025-08-07,Y05LA,LOS ANGELES,EPMRR,Reformulated Regular Gasoline,PF4,Spot Price FOB,EER_EPMRR_PF4_Y05LA_DPG,Los Angeles Reformulated RBOB Regular Gasoline Spot Price (Dollars per Gallon),2.212,$/GAL
2025-08-07,RGC,NA,EPJK,Kerosene-Type Jet Fuel,PF4,Spot Price FOB,EER_EPJK_PF4_RGC_DPG,U.S. Gulf Coast Kerosene-Type Jet Fuel Spot Price FOB (Dollars per Gallon),2.011,$/GAL
2025-08-07,ZEU,NA,EPCBRENT,UK Brent Crude Oil,PF4,Spot Price FOB,RBRTE,Europe Brent Spot Price FOB (Dollars per Barrel),66.99,$/BBL
2025-08-06,YCUOK,NA,EPCWTI,WTI Crude Oil,PF4,Spot Price FOB,RWTC,"Cushing, OK WTI Spot Price FOB (Dollars per Barrel)",65.38,$/BBL
2025-08-06,RGC,NA,EPMRU,Conventional Regular Gasoline,PF4,Spot Price FOB,EER_EPMRU_PF4_RGC_DPG,U.S. Gulf Coast Conventional Gasoline Regular Spot Price FOB (Dollars per Gallon),2.053,$/GAL
2025-08-06,Y35NY,NEW YORK CITY,EPD2F,No 2 Fuel Oil / Heating Oil,PF4,Spot Price FOB,EER_EPD2F_PF4_Y35NY_DPG,New York Harbor No. 2 Heating Oil Spot Price FOB (Dollars per Gallon),2.156,$/GAL
2025-08-06,RGC,NA,EPD2DXL0,No 2 Diesel Low Sulfur (0-15 ppm),PF4,Spot Price FOB,EER_EPD2DXL0_PF4_RGC_DPG,U.S. Gulf Coast Ultra-Low Sulfur No 2 Diesel Spot Price (Dollars per Gallon),2.179,$/GAL
2025-08-06,ZEU,NA,EPCBRENT,UK Brent Crude Oil,PF4,Spot Price FOB,RBRTE,Europe Brent Spot Price FOB (Dollars per Barrel),67.97,$/BBL
2025-08-06,RGC,NA,EPJK,Kerosene-Type Jet Fuel,PF4,Spot Price FOB,EER_EPJK_PF4_RGC_DPG,U.S. Gulf Coast Kerosene-Type Jet Fuel Spot Price FOB (Dollars per Gallon),2.004,$/GAL
2025-08-06,Y35NY,NEW YORK CITY,EPMRU,Conventional Regular Gasoline,PF4,Spot Price FOB,EER_EPMRU_PF4_Y35NY_DPG,New York Harbor Conventional Gasoline Regular Spot Price FOB (Dollars per Gallon),2.09,$/GAL
2025-08-06,Y44MB,NA,EPLLPA,Propane,PF4,Spot Price FOB,EER_EPLLPA_PF4_Y44MB_DPG,"Mont Belvieu, TX Propane Spot Price FOB (Dollars per Gallon)",.661,$/GAL
2025-08-06,Y05LA,LOS ANGELES,EPMRR,Reformulated Regular Gasoline,PF4,Spot Price FOB,EER_EPMRR_PF4_Y05LA_DPG,Los Angeles Reformulated RBOB Regular Gasoline Spot Price (Dollars per Gallon),2.2,$/GAL
2025-08-06,Y35NY,NEW YORK CITY,EPD2DXL0,No 2 Diesel Low Sulfur (0-15 ppm),PF4,Spot Price FOB,EER_EPD2DXL0_PF4_Y35NY_DPG,New York Harbor Ultra-Low Sulfur No 2 Diesel Spot Price (Dollars per Gallon),2.304,$/GAL
2025-08-06,Y05LA,LOS ANGELES,EPD2DC,Carb Diesel,PF4,Spot Price FOB,EER_EPD2DC_PF4_Y05LA_DPG,"Los Angeles, CA Ultra-Low Sulfur CARB Diesel Spot Price (Dollars per Gallon)",2.324,$/GAL
2025-08-05,ZEU,NA,EPCBRENT,UK Brent Crude Oil,PF4,Spot Price FOB,RBRTE,Europe Brent Spot Price FOB (Dollars per Barrel),69.14,$/BBL
2025-08-05,Y05LA,LOS ANGELES,EPMRR,Reformulated Regular Gasoline,PF4,Spot Price FOB,EER_EPMRR_PF4_Y05LA_DPG,Los Angeles Reformulated RBOB Regular Gasoline Spot Price (Dollars per Gallon),2.207,$/GAL
2025-08-05,Y35NY,NEW YORK CITY,EPD2F,No 2 Fuel Oil / Heating Oil,PF4,Spot Price FOB,EER_EPD2F_PF4_Y35NY_DPG,New York Harbor No. 2 Heating Oil Spot Price FOB (Dollars per Gallon),2.152,$/GAL
2025-08-05,Y35NY,NEW YORK CITY,EPD2DXL0,No 2 Diesel Low Sulfur (0-15 ppm),PF4,Spot Price FOB,EER_EPD2DXL0_PF4_Y35NY_DPG,New York Harbor Ultra-Low Sulfur No 2 Diesel Spot Price (Dollars per Gallon),2.3,$/GAL
2025-08-05,Y05LA,LOS ANGELES,EPD2DC,Carb Diesel,PF4,Spot Price FOB,EER_EPD2DC_PF4_Y05LA_DPG,"Los Angeles, CA Ultra-Low Sulfur CARB Diesel Spot Price (Dollars per Gallon)",2.32,$/GAL
2025-08-05,RGC,NA,EPJK,Kerosene-Type Jet Fuel,PF4,Spot Price FOB,EER_EPJK_PF4_RGC_DPG,U.S. Gulf Coast Kerosene-Type Jet Fuel Spot Price FOB (Dollars per Gallon),2,$/GAL
2025-08-05,YCUOK,NA,EPCWTI,WTI Crude Oil,PF4,Spot Price FOB,RWTC,"Cushing, OK WTI Spot Price FOB (Dollars per Barrel)",66.2,$/BBL
2025-08-05,Y44MB,NA,EPLLPA,Propane,PF4,Spot Price FOB,EER_EPLLPA_PF4_Y44MB_DPG,"Mont Belvieu, TX Propane Spot Price FOB (Dollars per Gallon)",.675,$/GAL
2025-08-05,Y35NY,NEW YORK CITY,EPMRU,Conventional Regular Gasoline,PF4,Spot Price FOB,EER_EPMRU_PF4_Y35NY_DPG,New York Harbor Conventional Gasoline Regular Spot Price FOB (Dollars per Gallon),2.097,$/GAL
2025-08-05,RGC,NA,EPMRU,Conventional Regular Gasoline,PF4,Spot Price FOB,EER_EPMRU_PF4_RGC_DPG,U.S. Gulf Coast Conventional Gasoline Regular Spot Price FOB (Dollars per Gallon),2.049,$/GAL
2025-08-05,RGC,NA,EPD2DXL0,No 2 Diesel Low Sulfur (0-15 ppm),PF4,Spot Price FOB,EER_EPD2DXL0_PF4_RGC_DPG,U.S. Gulf Coast Ultra-Low Sulfur No 2 Diesel Spot Price (Dollars per Gallon),2.173,$/GAL
2025-08-04,Y35NY,NEW YORK CITY,EPD2DXL0,No 2 Diesel Low Sulfur (0-15 ppm),PF4,Spot Price FOB,EER_EPD2DXL0_PF4_Y35NY_DPG,New York Harbor Ultra-Low Sulfur No 2 Diesel Spot Price (Dollars per Gallon),2.357,$/GAL
2025-08-04,ZEU,NA,EPCBRENT,UK Brent Crude Oil,PF4,Spot Price FOB,RBRTE,Europe Brent Spot Price FOB (Dollars per Barrel),69.56,$/BBL
2025-08-04,Y05LA,LOS ANGELES,EPMRR,Reformulated Regular Gasoline,PF4,Spot Price FOB,EER_EPMRR_PF4_Y05LA_DPG,Los Angeles Reformulated RBOB Regular Gasoline Spot Price (Dollars per Gallon),2.209,$/GAL
2025-08-04,RGC,NA,EPMRU,Conventional Regular Gasoline,PF4,Spot Price FOB,EER_EPMRU_PF4_RGC_DPG,U.S. Gulf Coast Conventional Gasoline Regular Spot Price FOB (Dollars per Gallon),2.054,$/GAL
2025-08-04,RGC,NA,EPD2DXL0,No 2 Diesel Low Sulfur (0-15 ppm),PF4,Spot Price FOB,EER_EPD2DXL0_PF4_RGC_DPG,U.S. Gulf Coast Ultra-Low Sulfur No 2 Diesel Spot Price (Dollars per Gallon),2.23,$/GAL
2025-08-04,RGC,NA,EPJK,Kerosene-Type Jet Fuel,PF4,Spot Price FOB,EER_EPJK_PF4_RGC_DPG,U.S. Gulf Coast Kerosene-Type Jet Fuel Spot Price FOB (Dollars per Gallon),2.057,$/GAL
2025-08-04,Y44MB,NA,EPLLPA,Propane,PF4,Spot Price FOB,EER_EPLLPA_PF4_Y44MB_DPG,"Mont Belvieu, TX Propane Spot Price FOB (Dollars per Gallon)",.69,$/GAL
2025-08-04,YCUOK,NA,EPCWTI,WTI Crude Oil,PF4,Spot Price FOB,RWTC,"Cushing, OK WTI Spot Price FOB (Dollars per Barrel)",67.33,$/BBL
2025-08-04,Y05LA,LOS ANGELES,EPD2DC,Carb Diesel,PF4,Spot Price FOB,EER_EPD2DC_PF4_Y05LA_DPG,"Los Angeles, CA Ultra-Low Sulfur CARB Diesel Spot Price (Dollars per Gallon)",2.397,$/GAL
2025-08-04,Y35NY,NEW YORK CITY,EPMRU,Conventional Regular Gasoline,PF4,Spot Price FOB,EER_EPMRU_PF4_Y35NY_DPG,New York Harbor Conventional Gasoline Regular Spot Price FOB (Dollars per Gallon),2.107,$/GAL
2025-08-04,Y35NY,NEW YORK CITY,EPD2F,No 2 Fuel Oil / Heating Oil,PF4,Spot Price FOB,EER_EPD2F_PF4_Y35NY_DPG,New York Harbor No. 2 Heating Oil Spot Price FOB (Dollars per Gallon),2.209,$/GAL
2025-08-01,Y35NY,NEW YORK CITY,EPD2F,No 2 Fuel Oil / Heating Oil,PF4,Spot Price FOB,EER_EPD2F_PF4_Y35NY_DPG,New York Harbor No. 2 Heating Oil Spot Price FOB (Dollars per Gallon),2.191,$/GAL
2025-08-01,RGC,NA,EPJK,Kerosene-Type Jet Fuel,PF4,Spot Price FOB,EER_EPJK_PF4_RGC_DPG,U.S. Gulf Coast Kerosene-Type Jet Fuel Spot Price FOB (Dollars per Gallon),2.039,$/GAL
2025-08-01,Y05LA,LOS ANGELES,EPD2DC,Carb Diesel,PF4,Spot Price FOB,EER_EPD2DC_PF4_Y05LA_DPG,"Los Angeles, CA Ultra-Low Sulfur CARB Diesel Spot Price (Dollars per Gallon)",2.349,$/GAL
2025-08-01,Y35NY,NEW YORK CITY,EPD2DXL0,No 2 Diesel Low Sulfur (0-15 ppm),PF4,Spot Price FOB,EER_EPD2DXL0_PF4_Y35NY_DPG,New York Harbor Ultra-Low Sulfur No 2 Diesel Spot Price (Dollars per Gallon),2.339,$/GAL
2025-08-01,ZEU,NA,EPCBRENT,UK Brent Crude Oil,PF4,Spot Price FOB,RBRTE,Europe Brent Spot Price FOB (Dollars per Barrel),70.55,$/BBL
2025-08-01,Y35NY,NEW YORK CITY,EPMRU,Conventional Regular Gasoline,PF4,Spot Price FOB,EER_EPMRU_PF4_Y35NY_DPG,New York Harbor Conventional Gasoline Regular Spot Price FOB (Dollars per Gallon),2.118,$/GAL
2025-08-01,RGC,NA,EPD2DXL0,No 2 Diesel Low Sulfur (0-15 ppm),PF4,Spot Price FOB,EER_EPD2DXL0_PF4_RGC_DPG,U.S. Gulf Coast Ultra-Low Sulfur No 2 Diesel Spot Price (Dollars per Gallon),2.212,$/GAL
2025-08-01,Y05LA,LOS ANGELES,EPMRR,Reformulated Regular Gasoline,PF4,Spot Price FOB,EER_EPMRR_PF4_Y05LA_DPG,Los Angeles Reformulated RBOB Regular Gasoline Spot Price (Dollars per Gallon),2.205,$/GAL
2025-08-01,Y44MB,NA,EPLLPA,Propane,PF4,Spot Price FOB,EER_EPLLPA_PF4_Y44MB_DPG,"Mont Belvieu, TX Propane Spot Price FOB (Dollars per Gallon)",.696,$/GAL
2025-08-01,YCUOK,NA,EPCWTI,WTI Crude Oil,PF4,Spot Price FOB,RWTC,"Cushing, OK WTI Spot Price FOB (Dollars per Barrel)",68.39,$/BBL
2025-08-01,RGC,NA,EPMRU,Conventional Regular Gasoline,PF4,Spot Price FOB,EER_EPMRU_PF4_RGC_DPG,U.S. Gulf Coast Conventional Gasoline Regular Spot Price FOB (Dollars per Gallon),2.073,$/GAL
2025-07-31,Y35NY,NEW YORK CITY,EPD2DXL0,No 2 Diesel Low Sulfur (0-15 ppm),PF4,Spot Price FOB,EER_EPD2DXL0_PF4_Y35NY_DPG,New York Harbor Ultra-Low Sulfur No 2 Diesel Spot Price (Dollars per Gallon),2.45,$/GAL
2025-07-31,Y35NY,NEW YORK CITY,EPD2F,No 2 Fuel Oil / Heating Oil,PF4,Spot Price FOB,EER_EPD2F_PF4_Y35NY_DPG,New York Harbor No. 2 Heating Oil Spot Price FOB (Dollars per Gallon),2.302,$/GAL
2025-07-31,RGC,NA,EPMRU,Conventional Regular Gasoline,PF4,Spot Price FOB,EER_EPMRU_PF4_RGC_DPG,U.S. Gulf Coast Conventional Gasoline Regular Spot Price FOB (Dollars per Gallon),2.122,$/GAL
2025-07-31,Y05LA,LOS ANGELES,EPMRR,Reformulated Regular Gasoline,PF4,Spot Price FOB,EER_EPMRR_PF4_Y05LA_DPG,Los Angeles Reformulated RBOB Regular Gasoline Spot Price (Dollars per Gallon),2.339,$/GAL
2025-07-31,RGC,NA,EPD2DXL0,No 2 Diesel Low Sulfur (0-15 ppm),PF4,Spot Price FOB,EER_EPD2DXL0_PF4_RGC_DPG,U.S. Gulf Coast Ultra-Low Sulfur No 2 Diesel Spot Price (Dollars per Gallon),2.323,$/GAL
2025-07-31,Y44MB,NA,EPLLPA,Propane,PF4,Spot Price FOB,EER_EPLLPA_PF4_Y44MB_DPG,"Mont Belvieu, TX Propane Spot Price FOB (Dollars per Gallon)",.724,$/GAL
2025-07-31,ZEU,NA,EPCBRENT,UK Brent Crude Oil,PF4,Spot Price FOB,RBRTE,Europe Brent Spot Price FOB (Dollars per Barrel),73.43,$/BBL
2025-07-31,Y35NY,NEW YORK CITY,EPMRU,Conventional Regular Gasoline,PF4,Spot Price FOB,EER_EPMRU_PF4_Y35NY_DPG,New York Harbor Conventional Gasoline Regular Spot Price FOB (Dollars per Gallon),2.236,$/GAL
2025-07-31,Y05LA,LOS ANGELES,EPD2DC,Carb Diesel,PF4,Spot Price FOB,EER_EPD2DC_PF4_Y05LA_DPG,"Los Angeles, CA Ultra-Low Sulfur CARB Diesel Spot Price (Dollars per Gallon)",2.46,$/GAL
2025-07-31,RGC,NA,EPJK,Kerosene-Type Jet Fuel,PF4,Spot Price FOB,EER_EPJK_PF4_RGC_DPG,U.S. Gulf Coast Kerosene-Type Jet Fuel Spot Price FOB (Dollars per Gallon),2.148,$/GAL
2025-07-31,YCUOK,NA,EPCWTI,WTI Crude Oil,PF4,Spot Price FOB,RWTC,"Cushing, OK WTI Spot Price FOB (Dollars per Barrel)",70.36,$/BBL
2025-07-30,YCUOK,NA,EPCWTI,WTI Crude Oil,PF4,Spot Price FOB,RWTC,"Cushing, OK WTI Spot Price FOB (Dollars per Barrel)",71.09,$/BBL
2025-07-30,Y35NY,NEW YORK CITY,EPD2F,No 2 Fuel Oil / Heating Oil,PF4,Spot Price FOB,EER_EPD2F_PF4_Y35NY_DPG,New York Harbor No. 2 Heating Oil Spot Price FOB (Dollars per Gallon),2.329,$/GAL
2025-07-30,Y05LA,LOS ANGELES,EPD2DC,Carb Diesel,PF4,Spot Price FOB,EER_EPD2DC_PF4_Y05LA_DPG,"Los Angeles, CA Ultra-Low Sulfur CARB Diesel Spot Price (Dollars per Gallon)",2.487,$/GAL
2025-07-30,RGC,NA,EPMRU,Conventional Regular Gasoline,PF4,Spot Price FOB,EER_EPMRU_PF4_RGC_DPG,U.S. Gulf Coast Conventional Gasoline Regular Spot Price FOB (Dollars per Gallon),2.155,$/GAL
2025-07-30,Y05LA,LOS ANGELES,EPMRR,Reformulated Regular Gasoline,PF4,Spot Price FOB,EER_EPMRR_PF4_Y05LA_DPG,Los Angeles Reformulated RBOB Regular Gasoline Spot Price (Dollars per Gallon),2.389,$/GAL
2025-07-30,RGC,NA,EPD2DXL0,No 2 Diesel Low Sulfur (0-15 ppm),PF4,Spot Price FOB,EER_EPD2DXL0_PF4_RGC_DPG,U.S. Gulf Coast Ultra-Low Sulfur No 2 Diesel Spot Price (Dollars per Gallon),2.342,$/GAL
2025-07-30,Y35NY,NEW YORK CITY,EPMRU,Conventional Regular Gasoline,PF4,Spot Price FOB,EER_EPMRU_PF4_Y35NY_DPG,New York Harbor Conventional Gasoline Regular Spot Price FOB (Dollars per Gallon),2.296,$/GAL
2025-07-30,ZEU,NA,EPCBRENT,UK Brent Crude Oil,PF4,Spot Price FOB,RBRTE,Europe Brent Spot Price FOB (Dollars per Barrel),73.98,$/BBL
2025-07-30,Y35NY,NEW YORK CITY,EPD2DXL0,No 2 Diesel Low Sulfur (0-15 ppm),PF4,Spot Price FOB,EER_EPD2DXL0_PF4_Y35NY_DPG,New York Harbor Ultra-Low Sulfur No 2 Diesel Spot Price (Dollars per Gallon),2.477,$/GAL
2025-07-30,Y44MB,NA,EPLLPA,Propane,PF4,Spot Price FOB,EER_EPLLPA_PF4_Y44MB_DPG,"Mont Belvieu, TX Propane Spot Price FOB (Dollars per Gallon)",.735,$/GAL
2025-07-30,RGC,NA,EPJK,Kerosene-Type Jet Fuel,PF4,Spot Price FOB,EER_EPJK_PF4_RGC_DPG,U.S. Gulf Coast Kerosene-Type Jet Fuel Spot Price FOB (Dollars per Gallon),2.167,$/GAL
2025-07-29,ZEU,NA,EPCBRENT,UK Brent Crude Oil,PF4,Spot Price FOB,RBRTE,Europe Brent Spot Price FOB (Dollars per Barrel),73.21,$/BBL
2025-07-29,Y35NY,NEW YORK CITY,EPD2F,No 2 Fuel Oil / Heating Oil,PF4,Spot Price FOB,EER_EPD2F_PF4_Y35NY_DPG,New York Harbor No. 2 Heating Oil Spot Price FOB (Dollars per Gallon),2.375,$/GAL
2025-07-29,RGC,NA,EPMRU,Conventional Regular Gasoline,PF4,Spot Price FOB,EER_EPMRU_PF4_RGC_DPG,U.S. Gulf Coast Conventional Gasoline Regular Spot Price FOB (Dollars per Gallon),2.147,$/GAL
2025-07-29,Y44MB,NA,EPLLPA,Propane,PF4,Spot Price FOB,EER_EPLLPA_PF4_Y44MB_DPG,"Mont Belvieu, TX Propane Spot Price FOB (Dollars per Gallon)",.718,$/GAL
2025-07-29,Y35NY,NEW YORK CITY,EPMRU,Conventional Regular Gasoline,PF4,Spot Price FOB,EER_EPMRU_PF4_Y35NY_DPG,New York Harbor Conventional Gasoline Regular Spot Price FOB (Dollars per Gallon),2.231,$/GAL
2025-07-29,Y05LA,LOS ANGELES,EPMRR,Reformulated Regular Gasoline,PF4,Spot Price FOB,EER_EPMRR_PF4_Y05LA_DPG,Los Angeles Reformulated RBOB Regular Gasoline Spot Price (Dollars per Gallon),2.363,$/GAL
2025-07-29,YCUOK,NA,EPCWTI,WTI Crude Oil,PF4,Spot Price FOB,RWTC,"Cushing, OK WTI Spot Price FOB (Dollars per Barrel)",70.27,$/BBL
2025-07-29,Y05LA,LOS ANGELES,EPD2DC,Carb Diesel,PF4,Spot Price FOB,EER_EPD2DC_PF4_Y05LA_DPG,"Los Angeles, CA Ultra-Low Sulfur CARB Diesel Spot Price (Dollars per Gallon)",2.532,$/GAL
2025-07-29,RGC,NA,EPD2DXL0,No 2 Diesel Low Sulfur (0-15 ppm),PF4,Spot Price FOB,EER_EPD2DXL0_PF4_RGC_DPG,U.S. Gulf Coast Ultra-Low Sulfur No 2 Diesel Spot Price (Dollars per Gallon),2.394,$/GAL
2025-07-29,Y35NY,NEW YORK CITY,EPD2DXL0,No 2 Diesel Low Sulfur (0-15 ppm),PF4,Spot Price FOB,EER_EPD2DXL0_PF4_Y35NY_DPG,New York Harbor Ultra-Low Sulfur No 2 Diesel Spot Price (Dollars per Gallon),2.522,$/GAL
2025-07-29,RGC,NA,EPJK,Kerosene-Type Jet Fuel,PF4,Spot Price FOB,EER_EPJK_PF4_RGC_DPG,U.S. Gulf Coast Kerosene-Type Jet Fuel Spot Price FOB (Dollars per Gallon),2.311,$/GAL
2025-07-28,Y35NY,NEW YORK CITY,EPD2F,No 2 Fuel Oil / Heating Oil,PF4,Spot Price FOB,EER_EPD2F_PF4_Y35NY_DPG,New York Harbor No. 2 Heating Oil Spot Price FOB (Dollars per Gallon),2.336,$/GAL
2025-07-28,RGC,NA,EPMRU,Conventional Regular Gasoline,PF4,Spot Price FOB,EER_EPMRU_PF4_RGC_DPG,U.S. Gulf Coast Conventional Gasoline Regular Spot Price FOB (Dollars per Gallon),2.077,$/GAL
2025-07-28,Y05LA,LOS ANGELES,EPD2DC,Carb Diesel,PF4,Spot Price FOB,EER_EPD2DC_PF4_Y05LA_DPG,"Los Angeles, CA Ultra-Low Sulfur CARB Diesel Spot Price (Dollars per Gallon)",2.489,$/GAL
2025-07-28,RGC,NA,EPJK,Kerosene-Type Jet Fuel,PF4,Spot Price FOB,EER_EPJK_PF4_RGC_DPG,U.S. Gulf Coast Kerosene-Type Jet Fuel Spot Price FOB (Dollars per Gallon),2.265,$/GAL
2025-07-28,ZEU,NA,EPCBRENT,UK Brent Crude Oil,PF4,Spot Price FOB,RBRTE,Europe Brent Spot Price FOB (Dollars per Barrel),70.87,$/BBL
2025-07-28,Y35NY,NEW YORK CITY,EPD2DXL0,No 2 Diesel Low Sulfur (0-15 ppm),PF4,Spot Price FOB,EER_EPD2DXL0_PF4_Y35NY_DPG,New York Harbor Ultra-Low Sulfur No 2 Diesel Spot Price (Dollars per Gallon),2.484,$/GAL
2025-07-28,RGC,NA,EPD2DXL0,No 2 Diesel Low Sulfur (0-15 ppm),PF4,Spot Price FOB,EER_EPD2DXL0_PF4_RGC_DPG,U.S. Gulf Coast Ultra-Low Sulfur No 2 Diesel Spot Price (Dollars per Gallon),2.347,$/GAL
2025-07-28,Y35NY,NEW YORK CITY,EPMRU,Conventional Regular Gasoline,PF4,Spot Price FOB,EER_EPMRU_PF4_Y35NY_DPG,New York Harbor Conventional Gasoline Regular Spot Price FOB (Dollars per Gallon),2.157,$/GAL
2025-07-28,Y44MB,NA,EPLLPA,Propane,PF4,Spot Price FOB,EER_EPLLPA_PF4_Y44MB_DPG,"Mont Belvieu, TX Propane Spot Price FOB (Dollars per Gallon)",.715,$/GAL
2025-07-28,YCUOK,NA,EPCWTI,WTI Crude Oil,PF4,Spot Price FOB,RWTC,"Cushing, OK WTI Spot Price FOB (Dollars per Barrel)",67.81,$/BBL
2025-07-28,Y05LA,LOS ANGELES,EPMRR,Reformulated Regular Gasoline,PF4,Spot Price FOB,EER_EPMRR_PF4_Y05LA_DPG,Los Angeles Reformulated RBOB Regular Gasoline Spot Price (Dollars per Gallon),2.269,$/GAL
2025-07-25,ZEU,NA,EPCBRENT,UK Brent Crude Oil,PF4,Spot Price FOB,RBRTE,Europe Brent Spot Price FOB (Dollars per Barrel),69.23,$/BBL
2025-07-25,RGC,NA,EPD2DXL0,No 2 Diesel Low Sulfur (0-15 ppm),PF4,Spot Price FOB,EER_EPD2DXL0_PF4_RGC_DPG,U.S. Gulf Coast Ultra-Low Sulfur No 2 Diesel Spot Price (Dollars per Gallon),2.341,$/GAL
2025-07-25,Y44MB,NA,EPLLPA,Propane,PF4,Spot Price FOB,EER_EPLLPA_PF4_Y44MB_DPG,"Mont Belvieu, TX Propane Spot Price FOB (Dollars per Gallon)",.703,$/GAL
2025-07-25,YCUOK,NA,EPCWTI,WTI Crude Oil,PF4,Spot Price FOB,RWTC,"Cushing, OK WTI Spot Price FOB (Dollars per Barrel)",66.38,$/BBL
2025-07-25,RGC,NA,EPJK,Kerosene-Type Jet Fuel,PF4,Spot Price FOB,EER_EPJK_PF4_RGC_DPG,U.S. Gulf Coast Kerosene-Type Jet Fuel Spot Price FOB (Dollars per Gallon),2.253,$/GAL
2025-07-25,RGC,NA,EPMRU,Conventional Regular Gasoline,PF4,Spot Price FOB,EER_EPMRU_PF4_RGC_DPG,U.S. Gulf Coast Conventional Gasoline Regular Spot Price FOB (Dollars per Gallon),2.062,$/GAL
2025-07-25,Y05LA,LOS ANGELES,EPMRR,Reformulated Regular Gasoline,PF4,Spot Price FOB,EER_EPMRR_PF4_Y05LA_DPG,Los Angeles Reformulated RBOB Regular Gasoline Spot Price (Dollars per Gallon),2.144,$/GAL
2025-07-25,Y35NY,NEW YORK CITY,EPD2DXL0,No 2 Diesel Low Sulfur (0-15 ppm),PF4,Spot Price FOB,EER_EPD2DXL0_PF4_Y35NY_DPG,New York Harbor Ultra-Low Sulfur No 2 Diesel Spot Price (Dollars per Gallon),2.448,$/GAL
2025-07-25,Y05LA,LOS ANGELES,EPD2DC,Carb Diesel,PF4,Spot Price FOB,EER_EPD2DC_PF4_Y05LA_DPG,"Los Angeles, CA Ultra-Low Sulfur CARB Diesel Spot Price (Dollars per Gallon)",2.458,$/GAL
2025-07-25,Y35NY,NEW YORK CITY,EPMRU,Conventional Regular Gasoline,PF4,Spot Price FOB,EER_EPMRU_PF4_Y35NY_DPG,New York Harbor Conventional Gasoline Regular Spot Price FOB (Dollars per Gallon),2.097,$/GAL
2025-07-25,Y35NY,NEW YORK CITY,EPD2F,No 2 Fuel Oil / Heating Oil,PF4,Spot Price FOB,EER_EPD2F_PF4_Y35NY_DPG,New York Harbor No. 2 Heating Oil Spot Price FOB (Dollars per Gallon),2.301,$/GAL
2025-07-24,ZEU,NA,EPCBRENT,UK Brent Crude Oil,PF4,Spot Price FOB,RBRTE,Europe Brent Spot Price FOB (Dollars per Barrel),70.42,$/BBL
2025-07-24,Y35NY,NEW YORK CITY,EPMRU,Conventional Regular Gasoline,PF4,Spot Price FOB,EER_EPMRU_PF4_Y35NY_DPG,New York Harbor Conventional Gasoline Regular Spot Price FOB (Dollars per Gallon),2.112,$/GAL
2025-07-24,Y05LA,LOS ANGELES,EPD2DC,Carb Diesel,PF4,Spot Price FOB,EER_EPD2DC_PF4_Y05LA_DPG,"Los Angeles, CA Ultra-Low Sulfur CARB Diesel Spot Price (Dollars per Gallon)",2.559,$/GAL
2025-07-24,RGC,NA,EPJK,Kerosene-Type Jet Fuel,PF4,Spot Price FOB,EER_EPJK_PF4_RGC_DPG,U.S. Gulf Coast Kerosene-Type Jet Fuel Spot Price FOB (Dollars per Gallon),2.264,$/GAL
2025-07-24,Y05LA,LOS ANGELES,EPMRR,Reformulated Regular Gasoline,PF4,Spot Price FOB,EER_EPMRR_PF4_Y05LA_DPG,Los Angeles Reformulated RBOB Regular Gasoline Spot Price (Dollars per Gallon),2.165,$/GAL
2025-07-24,YCUOK,NA,EPCWTI,WTI Crude Oil,PF4,Spot Price FOB,RWTC,"Cushing, OK WTI Spot Price FOB (Dollars per Barrel)",67.16,$/BBL
2025-07-24,Y44MB,NA,EPLLPA,Propane,PF4,Spot Price FOB,EER_EPLLPA_PF4_Y44MB_DPG,"Mont Belvieu, TX Propane Spot Price FOB (Dollars per Gallon)",.703,$/GAL
2025-07-24,Y35NY,NEW YORK CITY,EPD2F,No 2 Fuel Oil / Heating Oil,PF4,Spot Price FOB,EER_EPD2F_PF4_Y35NY_DPG,New York Harbor No. 2 Heating Oil Spot Price FOB (Dollars per Gallon),2.312,$/GAL
2025-07-24,RGC,NA,EPD2DXL0,No 2 Diesel Low Sulfur (0-15 ppm),PF4,Spot Price FOB,EER_EPD2DXL0_PF4_RGC_DPG,U.S. Gulf Coast Ultra-Low Sulfur No 2 Diesel Spot Price (Dollars per Gallon),2.354,$/GAL
2025-07-24,RGC,NA,EPMRU,Conventional Regular Gasoline,PF4,Spot Price FOB,EER_EPMRU_PF4_RGC_DPG,U.S. Gulf Coast Conventional Gasoline Regular Spot Price FOB (Dollars per Gallon),2.085,$/GAL
2025-07-24,Y35NY,NEW YORK CITY,EPD2DXL0,No 2 Diesel Low Sulfur (0-15 ppm),PF4,Spot Price FOB,EER_EPD2DXL0_PF4_Y35NY_DPG,New York Harbor Ultra-Low Sulfur No 2 Diesel Spot Price (Dollars per Gallon),2.459,$/GAL
2025-07-23,RGC,NA,EPD2DXL0,No 2 Diesel Low Sulfur (0-15 ppm),PF4,Spot Price FOB,EER_EPD2DXL0_PF4_RGC_DPG,U.S. Gulf Coast Ultra-Low Sulfur No 2 Diesel Spot Price (Dollars per Gallon),2.399,$/GAL
2025-07-23,Y35NY,NEW YORK CITY,EPD2F,No 2 Fuel Oil / Heating Oil,PF4,Spot Price FOB,EER_EPD2F_PF4_Y35NY_DPG,New York Harbor No. 2 Heating Oil Spot Price FOB (Dollars per Gallon),2.353,$/GAL
2025-07-23,Y35NY,NEW YORK CITY,EPMRU,Conventional Regular Gasoline,PF4,Spot Price FOB,EER_EPMRU_PF4_Y35NY_DPG,New York Harbor Conventional Gasoline Regular Spot Price FOB (Dollars per Gallon),2.126,$/GAL
2025-07-23,RGC,NA,EPJK,Kerosene-Type Jet Fuel,PF4,Spot Price FOB,EER_EPJK_PF4_RGC_DPG,U.S. Gulf Coast Kerosene-Type Jet Fuel Spot Price FOB (Dollars per Gallon),2.305,$/GAL
2025-07-23,Y05LA,LOS ANGELES,EPD2DC,Carb Diesel,PF4,Spot Price FOB,EER_EPD2DC_PF4_Y05LA_DPG,"Los Angeles, CA Ultra-Low Sulfur CARB Diesel Spot Price (Dollars per Gallon)",2.6,$/GAL
2025-07-23,ZEU,NA,EPCBRENT,UK Brent Crude Oil,PF4,Spot Price FOB,RBRTE,Europe Brent Spot Price FOB (Dollars per Barrel),69.17,$/BBL
2025-07-23,RGC,NA,EPMRU,Conventional Regular Gasoline,PF4,Spot Price FOB,EER_EPMRU_PF4_RGC_DPG,U.S. Gulf Coast Conventional Gasoline Regular Spot Price FOB (Dollars per Gallon),2.096,$/GAL
2025-07-23,Y35NY,NEW YORK CITY,EPD2DXL0,No 2 Diesel Low Sulfur (0-15 ppm),PF4,Spot Price FOB,EER_EPD2DXL0_PF4_Y35NY_DPG,New York Harbor Ultra-Low Sulfur No 2 Diesel Spot Price (Dollars per Gallon),2.5,$/GAL
2025-07-23,Y05LA,LOS ANGELES,EPMRR,Reformulated Regular Gasoline,PF4,Spot Price FOB,EER_EPMRR_PF4_Y05LA_DPG,Los Angeles Reformulated RBOB Regular Gasoline Spot Price (Dollars per Gallon),2.179,$/GAL
2025-07-23,Y44MB,NA,EPLLPA,Propane,PF4,Spot Price FOB,EER_EPLLPA_PF4_Y44MB_DPG,"Mont Belvieu, TX Propane Spot Price FOB (Dollars per Gallon)",.693,$/GAL
2025-07-23,YCUOK,NA,EPCWTI,WTI Crude Oil,PF4,Spot Price FOB,RWTC,"Cushing, OK WTI Spot Price FOB (Dollars per Barrel)",66.05,$/BBL
2025-07-22,RGC,NA,EPD2DXL0,No 2 Diesel Low Sulfur (0-15 ppm),PF4,Spot Price FOB,EER_EPD2DXL0_PF4_RGC_DPG,U.S. Gulf Coast Ultra-Low Sulfur No 2 Diesel Spot Price (Dollars per Gallon),2.402,$/GAL
2025-07-22,Y35NY,NEW YORK CITY,EPD2DXL0,No 2 Diesel Low Sulfur (0-15 ppm),PF4,Spot Price FOB,EER_EPD2DXL0_PF4_Y35NY_DPG,New York Harbor Ultra-Low Sulfur No 2 Diesel Spot Price (Dollars per Gallon),2.503,$/GAL
2025-07-22,YCUOK,NA,EPCWTI,WTI Crude Oil,PF4,Spot Price FOB,RWTC,"Cushing, OK WTI Spot Price FOB (Dollars per Barrel)",67.56,$/BBL
2025-07-22,ZEU,NA,EPCBRENT,UK Brent Crude Oil,PF4,Spot Price FOB,RBRTE,Europe Brent Spot Price FOB (Dollars per Barrel),69.69,$/BBL
2025-07-22,Y35NY,NEW YORK CITY,EPD2F,No 2 Fuel Oil / Heating Oil,PF4,Spot Price FOB,EER_EPD2F_PF4_Y35NY_DPG,New York Harbor No. 2 Heating Oil Spot Price FOB (Dollars per Gallon),2.355,$/GAL
2025-07-22,Y05LA,LOS ANGELES,EPMRR,Reformulated Regular Gasoline,PF4,Spot Price FOB,EER_EPMRR_PF4_Y05LA_DPG,Los Angeles Reformulated RBOB Regular Gasoline Spot Price (Dollars per Gallon),2.129,$/GAL
2025-07-22,Y44MB,NA,EPLLPA,Propane,PF4,Spot Price FOB,EER_EPLLPA_PF4_Y44MB_DPG,"Mont Belvieu, TX Propane Spot Price FOB (Dollars per Gallon)",.673,$/GAL
2025-07-22,Y35NY,NEW YORK CITY,EPMRU,Conventional Regular Gasoline,PF4,Spot Price FOB,EER_EPMRU_PF4_Y35NY_DPG,New York Harbor Conventional Gasoline Regular Spot Price FOB (Dollars per Gallon),2.116,$/GAL
2025-07-22,Y05LA,LOS ANGELES,EPD2DC,Carb Diesel,PF4,Spot Price FOB,EER_EPD2DC_PF4_Y05LA_DPG,"Los Angeles, CA Ultra-Low Sulfur CARB Diesel Spot Price (Dollars per Gallon)",2.603,$/GAL
2025-07-22,RGC,NA,EPMRU,Conventional Regular Gasoline,PF4,Spot Price FOB,EER_EPMRU_PF4_RGC_DPG,U.S. Gulf Coast Conventional Gasoline Regular Spot Price FOB (Dollars per Gallon),2.086,$/GAL
2025-07-22,RGC,NA,EPJK,Kerosene-Type Jet Fuel,PF4,Spot Price FOB,EER_EPJK_PF4_RGC_DPG,U.S. Gulf Coast Kerosene-Type Jet Fuel Spot Price FOB (Dollars per Gallon),2.308,$/GAL
2025-07-21,Y35NY,NEW YORK CITY,EPMRU,Conventional Regular Gasoline,PF4,Spot Price FOB,EER_EPMRU_PF4_Y35NY_DPG,New York Harbor Conventional Gasoline Regular Spot Price FOB (Dollars per Gallon),2.131,$/GAL
2025-07-21,RGC,NA,EPMRU,Conventional Regular Gasoline,PF4,Spot Price FOB,EER_EPMRU_PF4_RGC_DPG,U.S. Gulf Coast Conventional Gasoline Regular Spot Price FOB (Dollars per Gallon),2.104,$/GAL
2025-07-21,Y05LA,LOS ANGELES,EPMRR,Reformulated Regular Gasoline,PF4,Spot Price FOB,EER_EPMRR_PF4_Y05LA_DPG,Los Angeles Reformulated RBOB Regular Gasoline Spot Price (Dollars per Gallon),2.189,$/GAL
2025-07-21,Y35NY,NEW YORK CITY,EPD2DXL0,No 2 Diesel Low Sulfur (0-15 ppm),PF4,Spot Price FOB,EER_EPD2DXL0_PF4_Y35NY_DPG,New York Harbor Ultra-Low Sulfur No 2 Diesel Spot Price (Dollars per Gallon),2.544,$/GAL
2025-07-21,RGC,NA,EPD2DXL0,No 2 Diesel Low Sulfur (0-15 ppm),PF4,Spot Price FOB,EER_EPD2DXL0_PF4_RGC_DPG,U.S. Gulf Coast Ultra-Low Sulfur No 2 Diesel Spot Price (Dollars per Gallon),2.443,$/GAL
2025-07-21,Y35NY,NEW YORK CITY,EPD2F,No 2 Fuel Oil / Heating Oil,PF4,Spot Price FOB,EER_EPD2F_PF4_Y35NY_DPG,New York Harbor No. 2 Heating Oil Spot Price FOB (Dollars per Gallon),2.397,$/GAL
2025-07-21,RGC,NA,EPJK,Kerosene-Type Jet Fuel,PF4,Spot Price FOB,EER_EPJK_PF4_RGC_DPG,U.S. Gulf Coast Kerosene-Type Jet Fuel Spot Price FOB (Dollars per Gallon),2.317,$/GAL
2025-07-21,Y05LA,LOS ANGELES,EPD2DC,Carb Diesel,PF4,Spot Price FOB,EER_EPD2DC_PF4_Y05LA_DPG,"Los Angeles, CA Ultra-Low Sulfur CARB Diesel Spot Price (Dollars per Gallon)",2.634,$/GAL
2025-07-21,ZEU,NA,EPCBRENT,UK Brent Crude Oil,PF4,Spot Price FOB,RBRTE,Europe Brent Spot Price FOB (Dollars per Barrel),71.92,$/BBL
2025-07-21,YCUOK,NA,EPCWTI,WTI Crude Oil,PF4,Spot Price FOB,RWTC,"Cushing, OK WTI Spot Price FOB (Dollars per Barrel)",68.39,$/BBL
2025-07-21,Y44MB,NA,EPLLPA,Propane,PF4,Spot Price FOB,EER_EPLLPA_PF4_Y44MB_DPG,"Mont Belvieu, TX Propane Spot Price FOB (Dollars per Gallon)",.685,$/GAL
2025-07-18,Y05LA,LOS ANGELES,EPMRR,Reformulated Regular Gasoline,PF4,Spot Price FOB,EER_EPMRR_PF4_Y05LA_DPG,Los Angeles Reformulated RBOB Regular Gasoline Spot Price (Dollars per Gallon),2.169,$/GAL
2025-07-18,RGC,NA,EPMRU,Conventional Regular Gasoline,PF4,Spot Price FOB,EER_EPMRU_PF4_RGC_DPG,U.S. Gulf Coast Conventional Gasoline Regular Spot Price FOB (Dollars per Gallon),2.127,$/GAL
2025-07-18,YCUOK,NA,EPCWTI,WTI Crude Oil,PF4,Spot Price FOB,RWTC,"Cushing, OK WTI Spot Price FOB (Dollars per Barrel)",68.53,$/BBL
2025-07-18,ZEU,NA,EPCBRENT,UK Brent Crude Oil,PF4,Spot Price FOB,RBRTE,Europe Brent Spot Price FOB (Dollars per Barrel),71.06,$/BBL
2025-07-18,Y05LA,LOS ANGELES,EPD2DC,Carb Diesel,PF4,Spot Price FOB,EER_EPD2DC_PF4_Y05LA_DPG,"Los Angeles, CA Ultra-Low Sulfur CARB Diesel Spot Price (Dollars per Gallon)",2.596,$/GAL
2025-07-18,RGC,NA,EPJK,Kerosene-Type Jet Fuel,PF4,Spot Price FOB,EER_EPJK_PF4_RGC_DPG,U.S. Gulf Coast Kerosene-Type Jet Fuel Spot Price FOB (Dollars per Gallon),2.276,$/GAL
2025-07-18,Y35NY,NEW YORK CITY,EPMRU,Conventional Regular Gasoline,PF4,Spot Price FOB,EER_EPMRU_PF4_Y35NY_DPG,New York Harbor Conventional Gasoline Regular Spot Price FOB (Dollars per Gallon),2.157,$/GAL
2025-07-18,Y35NY,NEW YORK CITY,EPD2F,No 2 Fuel Oil / Heating Oil,PF4,Spot Price FOB,EER_EPD2F_PF4_Y35NY_DPG,New York Harbor No. 2 Heating Oil Spot Price FOB (Dollars per Gallon),2.356,$/GAL
2025-07-18,Y35NY,NEW YORK CITY,EPD2DXL0,No 2 Diesel Low Sulfur (0-15 ppm),PF4,Spot Price FOB,EER_EPD2DXL0_PF4_Y35NY_DPG,New York Harbor Ultra-Low Sulfur No 2 Diesel Spot Price (Dollars per Gallon),2.504,$/GAL
2025-07-18,Y44MB,NA,EPLLPA,Propane,PF4,Spot Price FOB,EER_EPLLPA_PF4_Y44MB_DPG,"Mont Belvieu, TX Propane Spot Price FOB (Dollars per Gallon)",.7,$/GAL
2025-07-18,RGC,NA,EPD2DXL0,No 2 Diesel Low Sulfur (0-15 ppm),PF4,Spot Price FOB,EER_EPD2DXL0_PF4_RGC_DPG,U.S. Gulf Coast Ultra-Low Sulfur No 2 Diesel Spot Price (Dollars per Gallon),2.406,$/GAL
2025-07-17,Y35NY,NEW YORK CITY,EPMRU,Conventional Regular Gasoline,PF4,Spot Price FOB,EER_EPMRU_PF4_Y35NY_DPG,New York Harbor Conventional Gasoline Regular Spot Price FOB (Dollars per Gallon),2.18,$/GAL
2025-07-17,Y44MB,NA,EPLLPA,Propane,PF4,Spot Price FOB,EER_EPLLPA_PF4_Y44MB_DPG,"Mont Belvieu, TX Propane Spot Price FOB (Dollars per Gallon)",.686,$/GAL
2025-07-17,Y35NY,NEW YORK CITY,EPD2DXL0,No 2 Diesel Low Sulfur (0-15 ppm),PF4,Spot Price FOB,EER_EPD2DXL0_PF4_Y35NY_DPG,New York Harbor Ultra-Low Sulfur No 2 Diesel Spot Price (Dollars per Gallon),2.519,$/GAL
2025-07-17,Y35NY,NEW YORK CITY,EPD2F,No 2 Fuel Oil / Heating Oil,PF4,Spot Price FOB,EER_EPD2F_PF4_Y35NY_DPG,New York Harbor No. 2 Heating Oil Spot Price FOB (Dollars per Gallon),2.371,$/GAL
2025-07-17,YCUOK,NA,EPCWTI,WTI Crude Oil,PF4,Spot Price FOB,RWTC,"Cushing, OK WTI Spot Price FOB (Dollars per Barrel)",68.76,$/BBL
2025-07-17,RGC,NA,EPJK,Kerosene-Type Jet Fuel,PF4,Spot Price FOB,EER_EPJK_PF4_RGC_DPG,U.S. Gulf Coast Kerosene-Type Jet Fuel Spot Price FOB (Dollars per Gallon),2.291,$/GAL
2025-07-17,Y05LA,LOS ANGELES,EPD2DC,Carb Diesel,PF4,Spot Price FOB,EER_EPD2DC_PF4_Y05LA_DPG,"Los Angeles, CA Ultra-Low Sulfur CARB Diesel Spot Price (Dollars per Gallon)",2.629,$/GAL
2025-07-17,ZEU,NA,EPCBRENT,UK Brent Crude Oil,PF4,Spot Price FOB,RBRTE,Europe Brent Spot Price FOB (Dollars per Barrel),71.32,$/BBL
2025-07-17,RGC,NA,EPMRU,Conventional Regular Gasoline,PF4,Spot Price FOB,EER_EPMRU_PF4_RGC_DPG,U.S. Gulf Coast Conventional Gasoline Regular Spot Price FOB (Dollars per Gallon),2.135,$/GAL
2025-07-17,RGC,NA,EPD2DXL0,No 2 Diesel Low Sulfur (0-15 ppm),PF4,Spot Price FOB,EER_EPD2DXL0_PF4_RGC_DPG,U.S. Gulf Coast Ultra-Low Sulfur No 2 Diesel Spot Price (Dollars per Gallon),2.396,$/GAL
2025-07-17,Y05LA,LOS ANGELES,EPMRR,Reformulated Regular Gasoline,PF4,Spot Price FOB,EER_EPMRR_PF4_Y05LA_DPG,Los Angeles Reformulated RBOB Regular Gasoline Spot Price (Dollars per Gallon),2.182,$/GAL
2025-07-16,ZEU,NA,EPCBRENT,UK Brent Crude Oil,PF4,Spot Price FOB,RBRTE,Europe Brent Spot Price FOB (Dollars per Barrel),69.67,$/BBL
2025-07-16,Y05LA,LOS ANGELES,EPMRR,Reformulated Regular Gasoline,PF4,Spot Price FOB,EER_EPMRR_PF4_Y05LA_DPG,Los Angeles Reformulated RBOB Regular Gasoline Spot Price (Dollars per Gallon),2.178,$/GAL
2025-07-16,Y35NY,NEW YORK CITY,EPD2F,No 2 Fuel Oil / Heating Oil,PF4,Spot Price FOB,EER_EPD2F_PF4_Y35NY_DPG,New York Harbor No. 2 Heating Oil Spot Price FOB (Dollars per Gallon),2.297,$/GAL
2025-07-16,RGC,NA,EPD2DXL0,No 2 Diesel Low Sulfur (0-15 ppm),PF4,Spot Price FOB,EER_EPD2DXL0_PF4_RGC_DPG,U.S. Gulf Coast Ultra-Low Sulfur No 2 Diesel Spot Price (Dollars per Gallon),2.317,$/GAL
2025-07-16,Y35NY,NEW YORK CITY,EPMRU,Conventional Regular Gasoline,PF4,Spot Price FOB,EER_EPMRU_PF4_Y35NY_DPG,New York Harbor Conventional Gasoline Regular Spot Price FOB (Dollars per Gallon),2.171,$/GAL
2025-07-16,YCUOK,NA,EPCWTI,WTI Crude Oil,PF4,Spot Price FOB,RWTC,"Cushing, OK WTI Spot Price FOB (Dollars per Barrel)",67.13,$/BBL
2025-07-16,Y44MB,NA,EPLLPA,Propane,PF4,Spot Price FOB,EER_EPLLPA_PF4_Y44MB_DPG,"Mont Belvieu, TX Propane Spot Price FOB (Dollars per Gallon)",.693,$/GAL
2025-07-16,Y05LA,LOS ANGELES,EPD2DC,Carb Diesel,PF4,Spot Price FOB,EER_EPD2DC_PF4_Y05LA_DPG,"Los Angeles, CA Ultra-Low Sulfur CARB Diesel Spot Price (Dollars per Gallon)",2.525,$/GAL
2025-07-16,Y35NY,NEW YORK CITY,EPD2DXL0,No 2 Diesel Low Sulfur (0-15 ppm),PF4,Spot Price FOB,EER_EPD2DXL0_PF4_Y35NY_DPG,New York Harbor Ultra-Low Sulfur No 2 Diesel Spot Price (Dollars per Gallon),2.407,$/GAL
2025-07-16,RGC,NA,EPJK,Kerosene-Type Jet Fuel,PF4,Spot Price FOB,EER_EPJK_PF4_RGC_DPG,U.S. Gulf Coast Kerosene-Type Jet Fuel Spot Price FOB (Dollars per Gallon),2.217,$/GAL
2025-07-16,RGC,NA,EPMRU,Conventional Regular Gasoline,PF4,Spot Price FOB,EER_EPMRU_PF4_RGC_DPG,U.S. Gulf Coast Conventional Gasoline Regular Spot Price FOB (Dollars per Gallon),2.063,$/GAL
2025-07-15,ZEU,NA,EPCBRENT,UK Brent Crude Oil,PF4,Spot Price FOB,RBRTE,Europe Brent Spot Price FOB (Dollars per Barrel),70.27,$/BBL
2025-07-15,Y05LA,LOS ANGELES,EPD2DC,Carb Diesel,PF4,Spot Price FOB,EER_EPD2DC_PF4_Y05LA_DPG,"Los Angeles, CA Ultra-Low Sulfur CARB Diesel Spot Price (Dollars per Gallon)",2.653,$/GAL
2025-07-15,Y44MB,NA,EPLLPA,Propane,PF4,Spot Price FOB,EER_EPLLPA_PF4_Y44MB_DPG,"Mont Belvieu, TX Propane Spot Price FOB (Dollars per Gallon)",.718,$/GAL
2025-07-15,YCUOK,NA,EPCWTI,WTI Crude Oil,PF4,Spot Price FOB,RWTC,"Cushing, OK WTI Spot Price FOB (Dollars per Barrel)",67.76,$/BBL
2025-07-15,Y35NY,NEW YORK CITY,EPD2DXL0,No 2 Diesel Low Sulfur (0-15 ppm),PF4,Spot Price FOB,EER_EPD2DXL0_PF4_Y35NY_DPG,New York Harbor Ultra-Low Sulfur No 2 Diesel Spot Price (Dollars per Gallon),2.415,$/GAL
2025-07-15,RGC,NA,EPMRU,Conventional Regular Gasoline,PF4,Spot Price FOB,EER_EPMRU_PF4_RGC_DPG,U.S. Gulf Coast Conventional Gasoline Regular Spot Price FOB (Dollars per Gallon),2.082,$/GAL
2025-07-15,Y35NY,NEW YORK CITY,EPD2F,No 2 Fuel Oil / Heating Oil,PF4,Spot Price FOB,EER_EPD2F_PF4_Y35NY_DPG,New York Harbor No. 2 Heating Oil Spot Price FOB (Dollars per Gallon),2.305,$/GAL
2025-07-15,RGC,NA,EPD2DXL0,No 2 Diesel Low Sulfur (0-15 ppm),PF4,Spot Price FOB,EER_EPD2DXL0_PF4_RGC_DPG,U.S. Gulf Coast Ultra-Low Sulfur No 2 Diesel Spot Price (Dollars per Gallon),2.325,$/GAL
2025-07-15,Y05LA,LOS ANGELES,EPMRR,Reformulated Regular Gasoline,PF4,Spot Price FOB,EER_EPMRR_PF4_Y05LA_DPG,Los Angeles Reformulated RBOB Regular Gasoline Spot Price (Dollars per Gallon),2.172,$/GAL
2025-07-15,RGC,NA,EPJK,Kerosene-Type Jet Fuel,PF4,Spot Price FOB,EER_EPJK_PF4_RGC_DPG,U.S. Gulf Coast Kerosene-Type Jet Fuel Spot Price FOB (Dollars per Gallon),2.225,$/GAL
2025-07-15,Y35NY,NEW YORK CITY,EPMRU,Conventional Regular Gasoline,PF4,Spot Price FOB,EER_EPMRU_PF4_Y35NY_DPG,New York Harbor Conventional Gasoline Regular Spot Price FOB (Dollars per Gallon),2.19,$/GAL
2025-07-14,ZEU,NA,EPCBRENT,UK Brent Crude Oil,PF4,Spot Price FOB,RBRTE,Europe Brent Spot Price FOB (Dollars per Barrel),70.96,$/BBL
2025-07-14,Y35NY,NEW YORK CITY,EPD2F,No 2 Fuel Oil / Heating Oil,PF4,Spot Price FOB,EER_EPD2F_PF4_Y35NY_DPG,New York Harbor No. 2 Heating Oil Spot Price FOB (Dollars per Gallon),2.286,$/GAL
2025-07-14,Y35NY,NEW YORK CITY,EPD2DXL0,No 2 Diesel Low Sulfur (0-15 ppm),PF4,Spot Price FOB,EER_EPD2DXL0_PF4_Y35NY_DPG,New York Harbor Ultra-Low Sulfur No 2 Diesel Spot Price (Dollars per Gallon),2.396,$/GAL
2025-07-14,Y44MB,NA,EPLLPA,Propane,PF4,Spot Price FOB,EER_EPLLPA_PF4_Y44MB_DPG,"Mont Belvieu, TX Propane Spot Price FOB (Dollars per Gallon)",.718,$/GAL
2025-07-14,RGC,NA,EPMRU,Conventional Regular Gasoline,PF4,Spot Price FOB,EER_EPMRU_PF4_RGC_DPG,U.S. Gulf Coast Conventional Gasoline Regular Spot Price FOB (Dollars per Gallon),2.092,$/GAL
2025-07-14,Y35NY,NEW YORK CITY,EPMRU,Conventional Regular Gasoline,PF4,Spot Price FOB,EER_EPMRU_PF4_Y35NY_DPG,New York Harbor Conventional Gasoline Regular Spot Price FOB (Dollars per Gallon),2.182,$/GAL
2025-07-14,YCUOK,NA,EPCWTI,WTI Crude Oil,PF4,Spot Price FOB,RWTC,"Cushing, OK WTI Spot Price FOB (Dollars per Barrel)",68.19,$/BBL
2025-07-14,Y05LA,LOS ANGELES,EPMRR,Reformulated Regular Gasoline,PF4,Spot Price FOB,EER_EPMRR_PF4_Y05LA_DPG,Los Angeles Reformulated RBOB Regular Gasoline Spot Price (Dollars per Gallon),2.185,$/GAL
2025-07-14,RGC,NA,EPD2DXL0,No 2 Diesel Low Sulfur (0-15 ppm),PF4,Spot Price FOB,EER_EPD2DXL0_PF4_RGC_DPG,U.S. Gulf Coast Ultra-Low Sulfur No 2 Diesel Spot Price (Dollars per Gallon),2.311,$/GAL
2025-07-14,RGC,NA,EPJK,Kerosene-Type Jet Fuel,PF4,Spot Price FOB,EER_EPJK_PF4_RGC_DPG,U.S. Gulf Coast Kerosene-Type Jet Fuel Spot Price FOB (Dollars per Gallon),2.206,$/GAL
2025-07-14,Y05LA,LOS ANGELES,EPD2DC,Carb Diesel,PF4,Spot Price FOB,EER_EPD2DC_PF4_Y05LA_DPG,"Los Angeles, CA Ultra-Low Sulfur CARB Diesel Spot Price (Dollars per Gallon)",2.633,$/GAL
2025-07-11,RGC,NA,EPJK,Kerosene-Type Jet Fuel,PF4,Spot Price FOB,EER_EPJK_PF4_RGC_DPG,U.S. Gulf Coast Kerosene-Type Jet Fuel Spot Price FOB (Dollars per Gallon),2.284,$/GAL
2025-07-11,Y35NY,NEW YORK CITY,EPD2DXL0,No 2 Diesel Low Sulfur (0-15 ppm),PF4,Spot Price FOB,EER_EPD2DXL0_PF4_Y35NY_DPG,New York Harbor Ultra-Low Sulfur No 2 Diesel Spot Price (Dollars per Gallon),2.474,$/GAL
2025-07-11,RGC,NA,EPMRU,Conventional Regular Gasoline,PF4,Spot Price FOB,EER_EPMRU_PF4_RGC_DPG,U.S. Gulf Coast Conventional Gasoline Regular Spot Price FOB (Dollars per Gallon),2.16,$/GAL
2025-07-11,Y35NY,NEW YORK CITY,EPMRU,Conventional Regular Gasoline,PF4,Spot Price FOB,EER_EPMRU_PF4_Y35NY_DPG,New York Harbor Conventional Gasoline Regular Spot Price FOB (Dollars per Gallon),2.208,$/GAL
2025-07-11,ZEU,NA,EPCBRENT,UK Brent Crude Oil,PF4,Spot Price FOB,RBRTE,Europe Brent Spot Price FOB (Dollars per Barrel),72.06,$/BBL
2025-07-11,Y05LA,LOS ANGELES,EPD2DC,Carb Diesel,PF4,Spot Price FOB,EER_EPD2DC_PF4_Y05LA_DPG,"Los Angeles, CA Ultra-Low Sulfur CARB Diesel Spot Price (Dollars per Gallon)",2.711,$/GAL
2025-07-11,RGC,NA,EPD2DXL0,No 2 Diesel Low Sulfur (0-15 ppm),PF4,Spot Price FOB,EER_EPD2DXL0_PF4_RGC_DPG,U.S. Gulf Coast Ultra-Low Sulfur No 2 Diesel Spot Price (Dollars per Gallon),2.395,$/GAL
2025-07-11,Y05LA,LOS ANGELES,EPMRR,Reformulated Regular Gasoline,PF4,Spot Price FOB,EER_EPMRR_PF4_Y05LA_DPG,Los Angeles Reformulated RBOB Regular Gasoline Spot Price (Dollars per Gallon),2.21,$/GAL
2025-07-11,Y44MB,NA,EPLLPA,Propane,PF4,Spot Price FOB,EER_EPLLPA_PF4_Y44MB_DPG,"Mont Belvieu, TX Propane Spot Price FOB (Dollars per Gallon)",.741,$/GAL
2025-07-11,YCUOK,NA,EPCWTI,WTI Crude Oil,PF4,Spot Price FOB,RWTC,"Cushing, OK WTI Spot Price FOB (Dollars per Barrel)",69.63,$/BBL
2025-07-11,Y35NY,NEW YORK CITY,EPD2F,No 2 Fuel Oil / Heating Oil,PF4,Spot Price FOB,EER_EPD2F_PF4_Y35NY_DPG,New York Harbor No. 2 Heating Oil Spot Price FOB (Dollars per Gallon),2.364,$/GAL
2025-07-10,ZEU,NA,EPCBRENT,UK Brent Crude Oil,PF4,Spot Price FOB,RBRTE,Europe Brent Spot Price FOB (Dollars per Barrel),70.38,$/BBL
2025-07-10,Y35NY,NEW YORK CITY,EPD2F,No 2 Fuel Oil / Heating Oil,PF4,Spot Price FOB,EER_EPD2F_PF4_Y35NY_DPG,New York Harbor No. 2 Heating Oil Spot Price FOB (Dollars per Gallon),2.295,$/GAL
2025-07-10,Y35NY,NEW YORK CITY,EPD2DXL0,No 2 Diesel Low Sulfur (0-15 ppm),PF4,Spot Price FOB,EER_EPD2DXL0_PF4_Y35NY_DPG,New York Harbor Ultra-Low Sulfur No 2 Diesel Spot Price (Dollars per Gallon),2.405,$/GAL
2025-07-10,RGC,NA,EPD2DXL0,No 2 Diesel Low Sulfur (0-15 ppm),PF4,Spot Price FOB,EER_EPD2DXL0_PF4_RGC_DPG,U.S. Gulf Coast Ultra-Low Sulfur No 2 Diesel Spot Price (Dollars per Gallon),2.33,$/GAL
2025-07-10,Y44MB,NA,EPLLPA,Propane,PF4,Spot Price FOB,EER_EPLLPA_PF4_Y44MB_DPG,"Mont Belvieu, TX Propane Spot Price FOB (Dollars per Gallon)",.725,$/GAL
2025-07-10,Y05LA,LOS ANGELES,EPD2DC,Carb Diesel,PF4,Spot Price FOB,EER_EPD2DC_PF4_Y05LA_DPG,"Los Angeles, CA Ultra-Low Sulfur CARB Diesel Spot Price (Dollars per Gallon)",2.643,$/GAL
2025-07-10,RGC,NA,EPJK,Kerosene-Type Jet Fuel,PF4,Spot Price FOB,EER_EPJK_PF4_RGC_DPG,U.S. Gulf Coast Kerosene-Type Jet Fuel Spot Price FOB (Dollars per Gallon),2.215,$/GAL
2025-07-10,Y35NY,NEW YORK CITY,EPMRU,Conventional Regular Gasoline,PF4,Spot Price FOB,EER_EPMRU_PF4_Y35NY_DPG,New York Harbor Conventional Gasoline Regular Spot Price FOB (Dollars per Gallon),2.173,$/GAL
2025-07-10,YCUOK,NA,EPCWTI,WTI Crude Oil,PF4,Spot Price FOB,RWTC,"Cushing, OK WTI Spot Price FOB (Dollars per Barrel)",67.78,$/BBL
2025-07-10,RGC,NA,EPMRU,Conventional Regular Gasoline,PF4,Spot Price FOB,EER_EPMRU_PF4_RGC_DPG,U.S. Gulf Coast Conventional Gasoline Regular Spot Price FOB (Dollars per Gallon),2.1,$/GAL
2025-07-10,Y05LA,LOS ANGELES,EPMRR,Reformulated Regular Gasoline,PF4,Spot Price FOB,EER_EPMRR_PF4_Y05LA_DPG,Los Angeles Reformulated RBOB Regular Gasoline Spot Price (Dollars per Gallon),2.24,$/GAL
2025-07-09,RGC,NA,EPJK,Kerosene-Type Jet Fuel,PF4,Spot Price FOB,EER_EPJK_PF4_RGC_DPG,U.S. Gulf Coast Kerosene-Type Jet Fuel Spot Price FOB (Dollars per Gallon),2.233,$/GAL
2025-07-09,Y35NY,NEW YORK CITY,EPD2DXL0,No 2 Diesel Low Sulfur (0-15 ppm),PF4,Spot Price FOB,EER_EPD2DXL0_PF4_Y35NY_DPG,New York Harbor Ultra-Low Sulfur No 2 Diesel Spot Price (Dollars per Gallon),2.423,$/GAL
2025-07-09,RGC,NA,EPD2DXL0,No 2 Diesel Low Sulfur (0-15 ppm),PF4,Spot Price FOB,EER_EPD2DXL0_PF4_RGC_DPG,U.S. Gulf Coast Ultra-Low Sulfur No 2 Diesel Spot Price (Dollars per Gallon),2.348,$/GAL
2025-07-09,Y05LA,LOS ANGELES,EPMRR,Reformulated Regular Gasoline,PF4,Spot Price FOB,EER_EPMRR_PF4_Y05LA_DPG,Los Angeles Reformulated RBOB Regular Gasoline Spot Price (Dollars per Gallon),2.276,$/GAL
2025-07-09,ZEU,NA,EPCBRENT,UK Brent Crude Oil,PF4,Spot Price FOB,RBRTE,Europe Brent Spot Price FOB (Dollars per Barrel),71.98,$/BBL
2025-07-09,RGC,NA,EPMRU,Conventional Regular Gasoline,PF4,Spot Price FOB,EER_EPMRU_PF4_RGC_DPG,U.S. Gulf Coast Conventional Gasoline Regular Spot Price FOB (Dollars per Gallon),2.136,$/GAL
2025-07-09,Y35NY,NEW YORK CITY,EPD2F,No 2 Fuel Oil / Heating Oil,PF4,Spot Price FOB,EER_EPD2F_PF4_Y35NY_DPG,New York Harbor No. 2 Heating Oil Spot Price FOB (Dollars per Gallon),2.313,$/GAL
2025-07-09,Y44MB,NA,EPLLPA,Propane,PF4,Spot Price FOB,EER_EPLLPA_PF4_Y44MB_DPG,"Mont Belvieu, TX Propane Spot Price FOB (Dollars per Gallon)",.733,$/GAL
2025-07-09,Y35NY,NEW YORK CITY,EPMRU,Conventional Regular Gasoline,PF4,Spot Price FOB,EER_EPMRU_PF4_Y35NY_DPG,New York Harbor Conventional Gasoline Regular Spot Price FOB (Dollars per Gallon),2.209,$/GAL
2025-07-09,Y05LA,LOS ANGELES,EPD2DC,Carb Diesel,PF4,Spot Price FOB,EER_EPD2DC_PF4_Y05LA_DPG,"Los Angeles, CA Ultra-Low Sulfur CARB Diesel Spot Price (Dollars per Gallon)",2.661,$/GAL
2025-07-09,YCUOK,NA,EPCWTI,WTI Crude Oil,PF4,Spot Price FOB,RWTC,"Cushing, OK WTI Spot Price FOB (Dollars per Barrel)",69.61,$/BBL
2025-07-08,RGC,NA,EPMRU,Conventional Regular Gasoline,PF4,Spot Price FOB,EER_EPMRU_PF4_RGC_DPG,U.S. Gulf Coast Conventional Gasoline Regular Spot Price FOB (Dollars per Gallon),2.133,$/GAL
2025-07-08,Y05LA,LOS ANGELES,EPMRR,Reformulated Regular Gasoline,PF4,Spot Price FOB,EER_EPMRR_PF4_Y05LA_DPG,Los Angeles Reformulated RBOB Regular Gasoline Spot Price (Dollars per Gallon),2.343,$/GAL
2025-07-08,RGC,NA,EPD2DXL0,No 2 Diesel Low Sulfur (0-15 ppm),PF4,Spot Price FOB,EER_EPD2DXL0_PF4_RGC_DPG,U.S. Gulf Coast Ultra-Low Sulfur No 2 Diesel Spot Price (Dollars per Gallon),2.39,$/GAL
2025-07-08,Y05LA,LOS ANGELES,EPD2DC,Carb Diesel,PF4,Spot Price FOB,EER_EPD2DC_PF4_Y05LA_DPG,"Los Angeles, CA Ultra-Low Sulfur CARB Diesel Spot Price (Dollars per Gallon)",2.693,$/GAL
2025-07-08,ZEU,NA,EPCBRENT,UK Brent Crude Oil,PF4,Spot Price FOB,RBRTE,Europe Brent Spot Price FOB (Dollars per Barrel),72.5,$/BBL
2025-07-08,Y44MB,NA,EPLLPA,Propane,PF4,Spot Price FOB,EER_EPLLPA_PF4_Y44MB_DPG,"Mont Belvieu, TX Propane Spot Price FOB (Dollars per Gallon)",.733,$/GAL
2025-07-08,Y35NY,NEW YORK CITY,EPMRU,Conventional Regular Gasoline,PF4,Spot Price FOB,EER_EPMRU_PF4_Y35NY_DPG,New York Harbor Conventional Gasoline Regular Spot Price FOB (Dollars per Gallon),2.206,$/GAL
2025-07-08,RGC,NA,EPJK,Kerosene-Type Jet Fuel,PF4,Spot Price FOB,EER_EPJK_PF4_RGC_DPG,U.S. Gulf Coast Kerosene-Type Jet Fuel Spot Price FOB (Dollars per Gallon),2.266,$/GAL
2025-07-08,YCUOK,NA,EPCWTI,WTI Crude Oil,PF4,Spot Price FOB,RWTC,"Cushing, OK WTI Spot Price FOB (Dollars per Barrel)",69.55,$/BBL
2025-07-08,Y35NY,NEW YORK CITY,EPD2DXL0,No 2 Diesel Low Sulfur (0-15 ppm),PF4,Spot Price FOB,EER_EPD2DXL0_PF4_Y35NY_DPG,New York Harbor Ultra-Low Sulfur No 2 Diesel Spot Price (Dollars per Gallon),2.456,$/GAL
2025-07-08,Y35NY,NEW YORK CITY,EPD2F,No 2 Fuel Oil / Heating Oil,PF4,Spot Price FOB,EER_EPD2F_PF4_Y35NY_DPG,New York Harbor No. 2 Heating Oil Spot Price FOB (Dollars per Gallon),2.346,$/GAL
2025-07-07,RGC,NA,EPJK,Kerosene-Type Jet Fuel,PF4,Spot Price FOB,EER_EPJK_PF4_RGC_DPG,U.S. Gulf Coast Kerosene-Type Jet Fuel Spot Price FOB (Dollars per Gallon),2.24,$/GAL
2025-07-07,RGC,NA,EPMRU,Conventional Regular Gasoline,PF4,Spot Price FOB,EER_EPMRU_PF4_RGC_DPG,U.S. Gulf Coast Conventional Gasoline Regular Spot Price FOB (Dollars per Gallon),2.112,$/GAL
2025-07-07,Y05LA,LOS ANGELES,EPMRR,Reformulated Regular Gasoline,PF4,Spot Price FOB,EER_EPMRR_PF4_Y05LA_DPG,Los Angeles Reformulated RBOB Regular Gasoline Spot Price (Dollars per Gallon),2.317,$/GAL
2025-07-07,Y35NY,NEW YORK CITY,EPD2F,No 2 Fuel Oil / Heating Oil,PF4,Spot Price FOB,EER_EPD2F_PF4_Y35NY_DPG,New York Harbor No. 2 Heating Oil Spot Price FOB (Dollars per Gallon),2.32,$/GAL
2025-07-07,YCUOK,NA,EPCWTI,WTI Crude Oil,PF4,Spot Price FOB,RWTC,"Cushing, OK WTI Spot Price FOB (Dollars per Barrel)",69.16,$/BBL
2025-07-07,Y35NY,NEW YORK CITY,EPD2DXL0,No 2 Diesel Low Sulfur (0-15 ppm),PF4,Spot Price FOB,EER_EPD2DXL0_PF4_Y35NY_DPG,New York Harbor Ultra-Low Sulfur No 2 Diesel Spot Price (Dollars per Gallon),2.43,$/GAL
2025-07-07,Y44MB,NA,EPLLPA,Propane,PF4,Spot Price FOB,EER_EPLLPA_PF4_Y44MB_DPG,"Mont Belvieu, TX Propane Spot Price FOB (Dollars per Gallon)",.724,$/GAL
2025-07-07,ZEU,NA,EPCBRENT,UK Brent Crude Oil,PF4,Spot Price FOB,RBRTE,Europe Brent Spot Price FOB (Dollars per Barrel),71.95,$/BBL
2025-07-07,Y05LA,LOS ANGELES,EPD2DC,Carb Diesel,PF4,Spot Price FOB,EER_EPD2DC_PF4_Y05LA_DPG,"Los Angeles, CA Ultra-Low Sulfur CARB Diesel Spot Price (Dollars per Gallon)",2.618,$/GAL
2025-07-07,Y35NY,NEW YORK CITY,EPMRU,Conventional Regular Gasoline,PF4,Spot Price FOB,EER_EPMRU_PF4_Y35NY_DPG,New York Harbor Conventional Gasoline Regular Spot Price FOB (Dollars per Gallon),2.174,$/GAL
2025-07-07,RGC,NA,EPD2DXL0,No 2 Diesel Low Sulfur (0-15 ppm),PF4,Spot Price FOB,EER_EPD2DXL0_PF4_RGC_DPG,U.S. Gulf Coast Ultra-Low Sulfur No 2 Diesel Spot Price (Dollars per Gallon),2.367,$/GAL
2025-07-04,ZEU,NA,EPCBRENT,UK Brent Crude Oil,PF4,Spot Price FOB,RBRTE,Europe Brent Spot Price FOB (Dollars per Barrel),71.03,$/BBL
2025-07-03,ZEU,NA,EPCBRENT,UK Brent Crude Oil,PF4,Spot Price FOB,RBRTE,Europe Brent Spot Price FOB (Dollars per Barrel),70.42,$/BBL
2025-07-03,Y35NY,NEW YORK CITY,EPD2F,No 2 Fuel Oil / Heating Oil,PF4,Spot Price FOB,EER_EPD2F_PF4_Y35NY_DPG,New York Harbor No. 2 Heating Oil Spot Price FOB (Dollars per Gallon),2.272,$/GAL
2025-07-03,Y35NY,NEW YORK CITY,EPMRU,Conventional Regular Gasoline,PF4,Spot Price FOB,EER_EPMRU_PF4_Y35NY_DPG,New York Harbor Conventional Gasoline Regular Spot Price FOB (Dollars per Gallon),2.137,$/GAL
2025-07-03,RGC,NA,EPMRU,Conventional Regular Gasoline,PF4,Spot Price FOB,EER_EPMRU_PF4_RGC_DPG,U.S. Gulf Coast Conventional Gasoline Regular Spot Price FOB (Dollars per Gallon),2.075,$/GAL
2025-07-03,Y44MB,NA,EPLLPA,Propane,PF4,Spot Price FOB,EER_EPLLPA_PF4_Y44MB_DPG,"Mont Belvieu, TX Propane Spot Price FOB (Dollars per Gallon)",.714,$/GAL
2025-07-03,Y05LA,LOS ANGELES,EPD2DC,Carb Diesel,PF4,Spot Price FOB,EER_EPD2DC_PF4_Y05LA_DPG,"Los Angeles, CA Ultra-Low Sulfur CARB Diesel Spot Price (Dollars per Gallon)",2.57,$/GAL
2025-07-03,RGC,NA,EPD2DXL0,No 2 Diesel Low Sulfur (0-15 ppm),PF4,Spot Price FOB,EER_EPD2DXL0_PF4_RGC_DPG,U.S. Gulf Coast Ultra-Low Sulfur No 2 Diesel Spot Price (Dollars per Gallon),2.319,$/GAL
2025-07-03,Y05LA,LOS ANGELES,EPMRR,Reformulated Regular Gasoline,PF4,Spot Price FOB,EER_EPMRR_PF4_Y05LA_DPG,Los Angeles Reformulated RBOB Regular Gasoline Spot Price (Dollars per Gallon),2.255,$/GAL
2025-07-03,YCUOK,NA,EPCWTI,WTI Crude Oil,PF4,Spot Price FOB,RWTC,"Cushing, OK WTI Spot Price FOB (Dollars per Barrel)",68.13,$/BBL
2025-07-03,Y35NY,NEW YORK CITY,EPD2DXL0,No 2 Diesel Low Sulfur (0-15 ppm),PF4,Spot Price FOB,EER_EPD2DXL0_PF4_Y35NY_DPG,New York Harbor Ultra-Low Sulfur No 2 Diesel Spot Price (Dollars per Gallon),2.382,$/GAL
2025-07-03,RGC,NA,EPJK,Kerosene-Type Jet Fuel,PF4,Spot Price FOB,EER_EPJK_PF4_RGC_DPG,U.S. Gulf Coast Kerosene-Type Jet Fuel Spot Price FOB (Dollars per Gallon),2.192,$/GAL
2025-07-02,RGC,NA,EPJK,Kerosene-Type Jet Fuel,PF4,Spot Price FOB,EER_EPJK_PF4_RGC_DPG,U.S. Gulf Coast Kerosene-Type Jet Fuel Spot Price FOB (Dollars per Gallon),2.238,$/GAL
2025-07-02,Y05LA,LOS ANGELES,EPMRR,Reformulated Regular Gasoline,PF4,Spot Price FOB,EER_EPMRR_PF4_Y05LA_DPG,Los Angeles Reformulated RBOB Regular Gasoline Spot Price (Dollars per Gallon),2.256,$/GAL
2025-07-02,Y35NY,NEW YORK CITY,EPD2DXL0,No 2 Diesel Low Sulfur (0-15 ppm),PF4,Spot Price FOB,EER_EPD2DXL0_PF4_Y35NY_DPG,New York Harbor Ultra-Low Sulfur No 2 Diesel Spot Price (Dollars per Gallon),2.428,$/GAL
2025-07-02,Y44MB,NA,EPLLPA,Propane,PF4,Spot Price FOB,EER_EPLLPA_PF4_Y44MB_DPG,"Mont Belvieu, TX Propane Spot Price FOB (Dollars per Gallon)",.709,$/GAL
2025-07-02,RGC,NA,EPMRU,Conventional Regular Gasoline,PF4,Spot Price FOB,EER_EPMRU_PF4_RGC_DPG,U.S. Gulf Coast Conventional Gasoline Regular Spot Price FOB (Dollars per Gallon),2.086,$/GAL
2025-07-02,Y35NY,NEW YORK CITY,EPD2F,No 2 Fuel Oil / Heating Oil,PF4,Spot Price FOB,EER_EPD2F_PF4_Y35NY_DPG,New York Harbor No. 2 Heating Oil Spot Price FOB (Dollars per Gallon),2.318,$/GAL
2025-07-02,YCUOK,NA,EPCWTI,WTI Crude Oil,PF4,Spot Price FOB,RWTC,"Cushing, OK WTI Spot Price FOB (Dollars per Barrel)",68.66,$/BBL
2025-07-02,Y35NY,NEW YORK CITY,EPMRU,Conventional Regular Gasoline,PF4,Spot Price FOB,EER_EPMRU_PF4_Y35NY_DPG,New York Harbor Conventional Gasoline Regular Spot Price FOB (Dollars per Gallon),2.139,$/GAL
2025-07-02,RGC,NA,EPD2DXL0,No 2 Diesel Low Sulfur (0-15 ppm),PF4,Spot Price FOB,EER_EPD2DXL0_PF4_RGC_DPG,U.S. Gulf Coast Ultra-Low Sulfur No 2 Diesel Spot Price (Dollars per Gallon),2.363,$/GAL
2025-07-02,Y05LA,LOS ANGELES,EPD2DC,Carb Diesel,PF4,Spot Price FOB,EER_EPD2DC_PF4_Y05LA_DPG,"Los Angeles, CA Ultra-Low Sulfur CARB Diesel Spot Price (Dollars per Gallon)",2.615,$/GAL
2025-07-02,ZEU,NA,EPCBRENT,UK Brent Crude Oil,PF4,Spot Price FOB,RBRTE,Europe Brent Spot Price FOB (Dollars per Barrel),70.8,$/BBL
2025-07-01,RGC,NA,EPJK,Kerosene-Type Jet Fuel,PF4,Spot Price FOB,EER_EPJK_PF4_RGC_DPG,U.S. Gulf Coast Kerosene-Type Jet Fuel Spot Price FOB (Dollars per Gallon),2.152,$/GAL
2025-07-01,Y35NY,NEW YORK CITY,EPD2DXL0,No 2 Diesel Low Sulfur (0-15 ppm),PF4,Spot Price FOB,EER_EPD2DXL0_PF4_Y35NY_DPG,New York Harbor Ultra-Low Sulfur No 2 Diesel Spot Price (Dollars per Gallon),2.342,$/GAL
2025-07-01,YCUOK,NA,EPCWTI,WTI Crude Oil,PF4,Spot Price FOB,RWTC,"Cushing, OK WTI Spot Price FOB (Dollars per Barrel)",66.64,$/BBL
2025-07-01,RGC,NA,EPD2DXL0,No 2 Diesel Low Sulfur (0-15 ppm),PF4,Spot Price FOB,EER_EPD2DXL0_PF4_RGC_DPG,U.S. Gulf Coast Ultra-Low Sulfur No 2 Diesel Spot Price (Dollars per Gallon),2.282,$/GAL
2025-07-01,Y35NY,NEW YORK CITY,EPD2F,No 2 Fuel Oil / Heating Oil,PF4,Spot Price FOB,EER_EPD2F_PF4_Y35NY_DPG,New York Harbor No. 2 Heating Oil Spot Price FOB (Dollars per Gallon),2.232,$/GAL
2025-07-01,Y44MB,NA,EPLLPA,Propane,PF4,Spot Price FOB,EER_EPLLPA_PF4_Y44MB_DPG,"Mont Belvieu, TX Propane Spot Price FOB (Dollars per Gallon)",.709,$/GAL
2025-07-01,Y05LA,LOS ANGELES,EPMRR,Reformulated Regular Gasoline,PF4,Spot Price FOB,EER_EPMRR_PF4_Y05LA_DPG,Los Angeles Reformulated RBOB Regular Gasoline Spot Price (Dollars per Gallon),2.265,$/GAL
2025-07-01,Y05LA,LOS ANGELES,EPD2DC,Carb Diesel,PF4,Spot Price FOB,EER_EPD2DC_PF4_Y05LA_DPG,"Los Angeles, CA Ultra-Low Sulfur CARB Diesel Spot Price (Dollars per Gallon)",2.529,$/GAL
2025-07-01,ZEU,NA,EPCBRENT,UK Brent Crude Oil,PF4,Spot Price FOB,RBRTE,Europe Brent Spot Price FOB (Dollars per Barrel),67.63,$/BBL
2025-07-01,Y35NY,NEW YORK CITY,EPMRU,Conventional Regular Gasoline,PF4,Spot Price FOB,EER_EPMRU_PF4_Y35NY_DPG,New York Harbor Conventional Gasoline Regular Spot Price FOB (Dollars per Gallon),2.122,$/GAL
2025-07-01,RGC,NA,EPMRU,Conventional Regular Gasoline,PF4,Spot Price FOB,EER_EPMRU_PF4_RGC_DPG,U.S. Gulf Coast Conventional Gasoline Regular Spot Price FOB (Dollars per Gallon),2.025,$/GAL
2025-06-30,RGC,NA,EPD2DXL0,No 2 Diesel Low Sulfur (0-15 ppm),PF4,Spot Price FOB,EER_EPD2DXL0_PF4_RGC_DPG,U.S. Gulf Coast Ultra-Low Sulfur No 2 Diesel Spot Price (Dollars per Gallon),2.301,$/GAL
2025-06-30,Y35NY,NEW YORK CITY,EPMRU,Conventional Regular Gasoline,PF4,Spot Price FOB,EER_EPMRU_PF4_Y35NY_DPG,New York Harbor Conventional Gasoline Regular Spot Price FOB (Dollars per Gallon),2.102,$/GAL
2025-06-30,Y35NY,NEW YORK CITY,EPD2F,No 2 Fuel Oil / Heating Oil,PF4,Spot Price FOB,EER_EPD2F_PF4_Y35NY_DPG,New York Harbor No. 2 Heating Oil Spot Price FOB (Dollars per Gallon),2.257,$/GAL
2025-06-30,Y44MB,NA,EPLLPA,Propane,PF4,Spot Price FOB,EER_EPLLPA_PF4_Y44MB_DPG,"Mont Belvieu, TX Propane Spot Price FOB (Dollars per Gallon)",.72,$/GAL
2025-06-30,Y35NY,NEW YORK CITY,EPD2DXL0,No 2 Diesel Low Sulfur (0-15 ppm),PF4,Spot Price FOB,EER_EPD2DXL0_PF4_Y35NY_DPG,New York Harbor Ultra-Low Sulfur No 2 Diesel Spot Price (Dollars per Gallon),2.367,$/GAL
2025-06-30,Y05LA,LOS ANGELES,EPD2DC,Carb Diesel,PF4,Spot Price FOB,EER_EPD2DC_PF4_Y05LA_DPG,"Los Angeles, CA Ultra-Low Sulfur CARB Diesel Spot Price (Dollars per Gallon)",2.545,$/GAL
2025-06-30,RGC,NA,EPJK,Kerosene-Type Jet Fuel,PF4,Spot Price FOB,EER_EPJK_PF4_RGC_DPG,U.S. Gulf Coast Kerosene-Type Jet Fuel Spot Price FOB (Dollars per Gallon),2.177,$/GAL
2025-06-30,ZEU,NA,EPCBRENT,UK Brent Crude Oil,PF4,Spot Price FOB,RBRTE,Europe Brent Spot Price FOB (Dollars per Barrel),68.15,$/BBL
2025-06-30,RGC,NA,EPMRU,Conventional Regular Gasoline,PF4,Spot Price FOB,EER_EPMRU_PF4_RGC_DPG,U.S. Gulf Coast Conventional Gasoline Regular Spot Price FOB (Dollars per Gallon),2.045,$/GAL
2025-06-30,Y05LA,LOS ANGELES,EPMRR,Reformulated Regular Gasoline,PF4,Spot Price FOB,EER_EPMRR_PF4_Y05LA_DPG,Los Angeles Reformulated RBOB Regular Gasoline Spot Price (Dollars per Gallon),2.215,$/GAL
2025-06-30,YCUOK,NA,EPCWTI,WTI Crude Oil,PF4,Spot Price FOB,RWTC,"Cushing, OK WTI Spot Price FOB (Dollars per Barrel)",66.3,$/BBL
2025-06-27,ZEU,NA,EPCBRENT,UK Brent Crude Oil,PF4,Spot Price FOB,RBRTE,Europe Brent Spot Price FOB (Dollars per Barrel),69.37,$/BBL
2025-06-27,RGC,NA,EPD2DXL0,No 2 Diesel Low Sulfur (0-15 ppm),PF4,Spot Price FOB,EER_EPD2DXL0_PF4_RGC_DPG,U.S. Gulf Coast Ultra-Low Sulfur No 2 Diesel Spot Price (Dollars per Gallon),2.229,$/GAL
2025-06-27,Y44MB,NA,EPLLPA,Propane,PF4,Spot Price FOB,EER_EPLLPA_PF4_Y44MB_DPG,"Mont Belvieu, TX Propane Spot Price FOB (Dollars per Gallon)",.718,$/GAL
2025-06-27,Y35NY,NEW YORK CITY,EPD2F,No 2 Fuel Oil / Heating Oil,PF4,Spot Price FOB,EER_EPD2F_PF4_Y35NY_DPG,New York Harbor No. 2 Heating Oil Spot Price FOB (Dollars per Gallon),2.187,$/GAL
2025-06-27,YCUOK,NA,EPCWTI,WTI Crude Oil,PF4,Spot Price FOB,RWTC,"Cushing, OK WTI Spot Price FOB (Dollars per Barrel)",66.66,$/BBL
2025-06-27,Y05LA,LOS ANGELES,EPMRR,Reformulated Regular Gasoline,PF4,Spot Price FOB,EER_EPMRR_PF4_Y05LA_DPG,Los Angeles Reformulated RBOB Regular Gasoline Spot Price (Dollars per Gallon),2.225,$/GAL
2025-06-27,RGC,NA,EPJK,Kerosene-Type Jet Fuel,PF4,Spot Price FOB,EER_EPJK_PF4_RGC_DPG,U.S. Gulf Coast Kerosene-Type Jet Fuel Spot Price FOB (Dollars per Gallon),2.107,$/GAL
2025-06-27,Y05LA,LOS ANGELES,EPD2DC,Carb Diesel,PF4,Spot Price FOB,EER_EPD2DC_PF4_Y05LA_DPG,"Los Angeles, CA Ultra-Low Sulfur CARB Diesel Spot Price (Dollars per Gallon)",2.429,$/GAL
2025-06-27,RGC,NA,EPMRU,Conventional Regular Gasoline,PF4,Spot Price FOB,EER_EPMRU_PF4_RGC_DPG,U.S. Gulf Coast Conventional Gasoline Regular Spot Price FOB (Dollars per Gallon),1.99,$/GAL
2025-06-27,Y35NY,NEW YORK CITY,EPMRU,Conventional Regular Gasoline,PF4,Spot Price FOB,EER_EPMRU_PF4_Y35NY_DPG,New York Harbor Conventional Gasoline Regular Spot Price FOB (Dollars per Gallon),2.098,$/GAL
2025-06-27,Y35NY,NEW YORK CITY,EPD2DXL0,No 2 Diesel Low Sulfur (0-15 ppm),PF4,Spot Price FOB,EER_EPD2DXL0_PF4_Y35NY_DPG,New York Harbor Ultra-Low Sulfur No 2 Diesel Spot Price (Dollars per Gallon),2.297,$/GAL
2025-06-26,Y44MB,NA,EPLLPA,Propane,PF4,Spot Price FOB,EER_EPLLPA_PF4_Y44MB_DPG,"Mont Belvieu, TX Propane Spot Price FOB (Dollars per Gallon)",.72,$/GAL
2025-06-26,Y05LA,LOS ANGELES,EPD2DC,Carb Diesel,PF4,Spot Price FOB,EER_EPD2DC_PF4_Y05LA_DPG,"Los Angeles, CA Ultra-Low Sulfur CARB Diesel Spot Price (Dollars per Gallon)",2.497,$/GAL
2025-06-26,Y05LA,LOS ANGELES,EPMRR,Reformulated Regular Gasoline,PF4,Spot Price FOB,EER_EPMRR_PF4_Y05LA_DPG,Los Angeles Reformulated RBOB Regular Gasoline Spot Price (Dollars per Gallon),2.24,$/GAL
2025-06-26,RGC,NA,EPD2DXL0,No 2 Diesel Low Sulfur (0-15 ppm),PF4,Spot Price FOB,EER_EPD2DXL0_PF4_RGC_DPG,U.S. Gulf Coast Ultra-Low Sulfur No 2 Diesel Spot Price (Dollars per Gallon),2.322,$/GAL
2025-06-26,RGC,NA,EPJK,Kerosene-Type Jet Fuel,PF4,Spot Price FOB,EER_EPJK_PF4_RGC_DPG,U.S. Gulf Coast Kerosene-Type Jet Fuel Spot Price FOB (Dollars per Gallon),2.199,$/GAL
2025-06-26,Y35NY,NEW YORK CITY,EPD2DXL0,No 2 Diesel Low Sulfur (0-15 ppm),PF4,Spot Price FOB,EER_EPD2DXL0_PF4_Y35NY_DPG,New York Harbor Ultra-Low Sulfur No 2 Diesel Spot Price (Dollars per Gallon),2.389,$/GAL
2025-06-26,ZEU,NA,EPCBRENT,UK Brent Crude Oil,PF4,Spot Price FOB,RBRTE,Europe Brent Spot Price FOB (Dollars per Barrel),68.57,$/BBL
2025-06-26,Y35NY,NEW YORK CITY,EPMRU,Conventional Regular Gasoline,PF4,Spot Price FOB,EER_EPMRU_PF4_Y35NY_DPG,New York Harbor Conventional Gasoline Regular Spot Price FOB (Dollars per Gallon),2.118,$/GAL
2025-06-26,RGC,NA,EPMRU,Conventional Regular Gasoline,PF4,Spot Price FOB,EER_EPMRU_PF4_RGC_DPG,U.S. Gulf Coast Conventional Gasoline Regular Spot Price FOB (Dollars per Gallon),2.01,$/GAL
2025-06-26,Y35NY,NEW YORK CITY,EPD2F,No 2 Fuel Oil / Heating Oil,PF4,Spot Price FOB,EER_EPD2F_PF4_Y35NY_DPG,New York Harbor No. 2 Heating Oil Spot Price FOB (Dollars per Gallon),2.279,$/GAL
2025-06-26,YCUOK,NA,EPCWTI,WTI Crude Oil,PF4,Spot Price FOB,RWTC,"Cushing, OK WTI Spot Price FOB (Dollars per Barrel)",66.44,$/BBL
2025-06-25,RGC,NA,EPJK,Kerosene-Type Jet Fuel,PF4,Spot Price FOB,EER_EPJK_PF4_RGC_DPG,U.S. Gulf Coast Kerosene-Type Jet Fuel Spot Price FOB (Dollars per Gallon),2.128,$/GAL
2025-06-25,Y44MB,NA,EPLLPA,Propane,PF4,Spot Price FOB,EER_EPLLPA_PF4_Y44MB_DPG,"Mont Belvieu, TX Propane Spot Price FOB (Dollars per Gallon)",.731,$/GAL
2025-06-25,ZEU,NA,EPCBRENT,UK Brent Crude Oil,PF4,Spot Price FOB,RBRTE,Europe Brent Spot Price FOB (Dollars per Barrel),68.4,$/BBL
2025-06-25,Y35NY,NEW YORK CITY,EPD2F,No 2 Fuel Oil / Heating Oil,PF4,Spot Price FOB,EER_EPD2F_PF4_Y35NY_DPG,New York Harbor No. 2 Heating Oil Spot Price FOB (Dollars per Gallon),2.208,$/GAL
2025-06-25,RGC,NA,EPD2DXL0,No 2 Diesel Low Sulfur (0-15 ppm),PF4,Spot Price FOB,EER_EPD2DXL0_PF4_RGC_DPG,U.S. Gulf Coast Ultra-Low Sulfur No 2 Diesel Spot Price (Dollars per Gallon),2.247,$/GAL
2025-06-25,Y05LA,LOS ANGELES,EPD2DC,Carb Diesel,PF4,Spot Price FOB,EER_EPD2DC_PF4_Y05LA_DPG,"Los Angeles, CA Ultra-Low Sulfur CARB Diesel Spot Price (Dollars per Gallon)",2.425,$/GAL
2025-06-25,YCUOK,NA,EPCWTI,WTI Crude Oil,PF4,Spot Price FOB,RWTC,"Cushing, OK WTI Spot Price FOB (Dollars per Barrel)",65.98,$/BBL
2025-06-25,Y35NY,NEW YORK CITY,EPMRU,Conventional Regular Gasoline,PF4,Spot Price FOB,EER_EPMRU_PF4_Y35NY_DPG,New York Harbor Conventional Gasoline Regular Spot Price FOB (Dollars per Gallon),2.103,$/GAL
2025-06-25,RGC,NA,EPMRU,Conventional Regular Gasoline,PF4,Spot Price FOB,EER_EPMRU_PF4_RGC_DPG,U.S. Gulf Coast Conventional Gasoline Regular Spot Price FOB (Dollars per Gallon),2.011,$/GAL
2025-06-25,Y35NY,NEW YORK CITY,EPD2DXL0,No 2 Diesel Low Sulfur (0-15 ppm),PF4,Spot Price FOB,EER_EPD2DXL0_PF4_Y35NY_DPG,New York Harbor Ultra-Low Sulfur No 2 Diesel Spot Price (Dollars per Gallon),2.318,$/GAL
2025-06-25,Y05LA,LOS ANGELES,EPMRR,Reformulated Regular Gasoline,PF4,Spot Price FOB,EER_EPMRR_PF4_Y05LA_DPG,Los Angeles Reformulated RBOB Regular Gasoline Spot Price (Dollars per Gallon),2.226,$/GAL
2025-06-24,RGC,NA,EPD2DXL0,No 2 Diesel Low Sulfur (0-15 ppm),PF4,Spot Price FOB,EER_EPD2DXL0_PF4_RGC_DPG,U.S. Gulf Coast Ultra-Low Sulfur No 2 Diesel Spot Price (Dollars per Gallon),2.25,$/GAL
2025-06-24,Y35NY,NEW YORK CITY,EPD2F,No 2 Fuel Oil / Heating Oil,PF4,Spot Price FOB,EER_EPD2F_PF4_Y35NY_DPG,New York Harbor No. 2 Heating Oil Spot Price FOB (Dollars per Gallon),2.205,$/GAL
2025-06-24,ZEU,NA,EPCBRENT,UK Brent Crude Oil,PF4,Spot Price FOB,RBRTE,Europe Brent Spot Price FOB (Dollars per Barrel),69.13,$/BBL
2025-06-24,Y05LA,LOS ANGELES,EPD2DC,Carb Diesel,PF4,Spot Price FOB,EER_EPD2DC_PF4_Y05LA_DPG,"Los Angeles, CA Ultra-Low Sulfur CARB Diesel Spot Price (Dollars per Gallon)",2.422,$/GAL
2025-06-24,Y05LA,LOS ANGELES,EPMRR,Reformulated Regular Gasoline,PF4,Spot Price FOB,EER_EPMRR_PF4_Y05LA_DPG,Los Angeles Reformulated RBOB Regular Gasoline Spot Price (Dollars per Gallon),2.203,$/GAL
2025-06-24,RGC,NA,EPJK,Kerosene-Type Jet Fuel,PF4,Spot Price FOB,EER_EPJK_PF4_RGC_DPG,U.S. Gulf Coast Kerosene-Type Jet Fuel Spot Price FOB (Dollars per Gallon),2.11,$/GAL
2025-06-24,Y44MB,NA,EPLLPA,Propane,PF4,Spot Price FOB,EER_EPLLPA_PF4_Y44MB_DPG,"Mont Belvieu, TX Propane Spot Price FOB (Dollars per Gallon)",.748,$/GAL
2025-06-24,Y35NY,NEW YORK CITY,EPD2DXL0,No 2 Diesel Low Sulfur (0-15 ppm),PF4,Spot Price FOB,EER_EPD2DXL0_PF4_Y35NY_DPG,New York Harbor Ultra-Low Sulfur No 2 Diesel Spot Price (Dollars per Gallon),2.317,$/GAL
2025-06-24,YCUOK,NA,EPCWTI,WTI Crude Oil,PF4,Spot Price FOB,RWTC,"Cushing, OK WTI Spot Price FOB (Dollars per Barrel)",65.45,$/BBL
2025-06-24,Y35NY,NEW YORK CITY,EPMRU,Conventional Regular Gasoline,PF4,Spot Price FOB,EER_EPMRU_PF4_Y35NY_DPG,New York Harbor Conventional Gasoline Regular Spot Price FOB (Dollars per Gallon),2.115,$/GAL
2025-06-24,RGC,NA,EPMRU,Conventional Regular Gasoline,PF4,Spot Price FOB,EER_EPMRU_PF4_RGC_DPG,U.S. Gulf Coast Conventional Gasoline Regular Spot Price FOB (Dollars per Gallon),2.018,$/GAL
2025-06-23,Y05LA,LOS ANGELES,EPD2DC,Carb Diesel,PF4,Spot Price FOB,EER_EPD2DC_PF4_Y05LA_DPG,"Los Angeles, CA Ultra-Low Sulfur CARB Diesel Spot Price (Dollars per Gallon)",2.405,$/GAL
2025-06-23,Y35NY,NEW YORK CITY,EPD2DXL0,No 2 Diesel Low Sulfur (0-15 ppm),PF4,Spot Price FOB,EER_EPD2DXL0_PF4_Y35NY_DPG,New York Harbor Ultra-Low Sulfur No 2 Diesel Spot Price (Dollars per Gallon),2.34,$/GAL
2025-06-23,ZEU,NA,EPCBRENT,UK Brent Crude Oil,PF4,Spot Price FOB,RBRTE,Europe Brent Spot Price FOB (Dollars per Barrel),74.34,$/BBL
2025-06-23,RGC,NA,EPMRU,Conventional Regular Gasoline,PF4,Spot Price FOB,EER_EPMRU_PF4_RGC_DPG,U.S. Gulf Coast Conventional Gasoline Regular Spot Price FOB (Dollars per Gallon),2.104,$/GAL
2025-06-23,Y35NY,NEW YORK CITY,EPMRU,Conventional Regular Gasoline,PF4,Spot Price FOB,EER_EPMRU_PF4_Y35NY_DPG,New York Harbor Conventional Gasoline Regular Spot Price FOB (Dollars per Gallon),2.202,$/GAL
2025-06-23,RGC,NA,EPD2DXL0,No 2 Diesel Low Sulfur (0-15 ppm),PF4,Spot Price FOB,EER_EPD2DXL0_PF4_RGC_DPG,U.S. Gulf Coast Ultra-Low Sulfur No 2 Diesel Spot Price (Dollars per Gallon),2.272,$/GAL
2025-06-23,Y44MB,NA,EPLLPA,Propane,PF4,Spot Price FOB,EER_EPLLPA_PF4_Y44MB_DPG,"Mont Belvieu, TX Propane Spot Price FOB (Dollars per Gallon)",.789,$/GAL
2025-06-23,Y05LA,LOS ANGELES,EPMRR,Reformulated Regular Gasoline,PF4,Spot Price FOB,EER_EPMRR_PF4_Y05LA_DPG,Los Angeles Reformulated RBOB Regular Gasoline Spot Price (Dollars per Gallon),2.334,$/GAL
2025-06-23,YCUOK,NA,EPCWTI,WTI Crude Oil,PF4,Spot Price FOB,RWTC,"Cushing, OK WTI Spot Price FOB (Dollars per Barrel)",69.36,$/BBL
2025-06-23,Y35NY,NEW YORK CITY,EPD2F,No 2 Fuel Oil / Heating Oil,PF4,Spot Price FOB,EER_EPD2F_PF4_Y35NY_DPG,New York Harbor No. 2 Heating Oil Spot Price FOB (Dollars per Gallon),2.227,$/GAL
2025-06-23,RGC,NA,EPJK,Kerosene-Type Jet Fuel,PF4,Spot Price FOB,EER_EPJK_PF4_RGC_DPG,U.S. Gulf Coast Kerosene-Type Jet Fuel Spot Price FOB (Dollars per Gallon),2.132,$/GAL
2025-06-20,ZEU,NA,EPCBRENT,UK Brent Crude Oil,PF4,Spot Price FOB,RBRTE,Europe Brent Spot Price FOB (Dollars per Barrel),78.73,$/BBL
2025-06-20,Y44MB,NA,EPLLPA,Propane,PF4,Spot Price FOB,EER_EPLLPA_PF4_Y44MB_DPG,"Mont Belvieu, TX Propane Spot Price FOB (Dollars per Gallon)",.801,$/GAL
2025-06-20,Y05LA,LOS ANGELES,EPMRR,Reformulated Regular Gasoline,PF4,Spot Price FOB,EER_EPMRR_PF4_Y05LA_DPG,Los Angeles Reformulated RBOB Regular Gasoline Spot Price (Dollars per Gallon),2.435,$/GAL
2025-06-20,Y05LA,LOS ANGELES,EPD2DC,Carb Diesel,PF4,Spot Price FOB,EER_EPD2DC_PF4_Y05LA_DPG,"Los Angeles, CA Ultra-Low Sulfur CARB Diesel Spot Price (Dollars per Gallon)",2.621,$/GAL
2025-06-20,YCUOK,NA,EPCWTI,WTI Crude Oil,PF4,Spot Price FOB,RWTC,"Cushing, OK WTI Spot Price FOB (Dollars per Barrel)",75.72,$/BBL
2025-06-20,Y35NY,NEW YORK CITY,EPMRU,Conventional Regular Gasoline,PF4,Spot Price FOB,EER_EPMRU_PF4_Y35NY_DPG,New York Harbor Conventional Gasoline Regular Spot Price FOB (Dollars per Gallon),2.353,$/GAL
2025-06-20,RGC,NA,EPMRU,Conventional Regular Gasoline,PF4,Spot Price FOB,EER_EPMRU_PF4_RGC_DPG,U.S. Gulf Coast Conventional Gasoline Regular Spot Price FOB (Dollars per Gallon),2.265,$/GAL
2025-06-20,Y35NY,NEW YORK CITY,EPD2F,No 2 Fuel Oil / Heating Oil,PF4,Spot Price FOB,EER_EPD2F_PF4_Y35NY_DPG,New York Harbor No. 2 Heating Oil Spot Price FOB (Dollars per Gallon),2.444,$/GAL
2025-06-20,Y35NY,NEW YORK CITY,EPD2DXL0,No 2 Diesel Low Sulfur (0-15 ppm),PF4,Spot Price FOB,EER_EPD2DXL0_PF4_Y35NY_DPG,New York Harbor Ultra-Low Sulfur No 2 Diesel Spot Price (Dollars per Gallon),2.556,$/GAL
2025-06-20,RGC,NA,EPJK,Kerosene-Type Jet Fuel,PF4,Spot Price FOB,EER_EPJK_PF4_RGC_DPG,U.S. Gulf Coast Kerosene-Type Jet Fuel Spot Price FOB (Dollars per Gallon),2.349,$/GAL
2025-06-20,RGC,NA,EPD2DXL0,No 2 Diesel Low Sulfur (0-15 ppm),PF4,Spot Price FOB,EER_EPD2DXL0_PF4_RGC_DPG,U.S. Gulf Coast Ultra-Low Sulfur No 2 Diesel Spot Price (Dollars per Gallon),2.491,$/GAL
2025-06-19,ZEU,NA,EPCBRENT,UK Brent Crude Oil,PF4,Spot Price FOB,RBRTE,Europe Brent Spot Price FOB (Dollars per Barrel),80.37,$/BBL
2025-06-18,ZEU,NA,EPCBRENT,UK Brent Crude Oil,PF4,Spot Price FOB,RBRTE,Europe Brent Spot Price FOB (Dollars per Barrel),78.38,$/BBL
2025-06-18,Y35NY,NEW YORK CITY,EPD2DXL0,No 2 Diesel Low Sulfur (0-15 ppm),PF4,Spot Price FOB,EER_EPD2DXL0_PF4_Y35NY_DPG,New York Harbor Ultra-Low Sulfur No 2 Diesel Spot Price (Dollars per Gallon),2.558,$/GAL
2025-06-18,Y35NY,NEW YORK CITY,EPD2F,No 2 Fuel Oil / Heating Oil,PF4,Spot Price FOB,EER_EPD2F_PF4_Y35NY_DPG,New York Harbor No. 2 Heating Oil Spot Price FOB (Dollars per Gallon),2.445,$/GAL
2025-06-18,RGC,NA,EPMRU,Conventional Regular Gasoline,PF4,Spot Price FOB,EER_EPMRU_PF4_RGC_DPG,U.S. Gulf Coast Conventional Gasoline Regular Spot Price FOB (Dollars per Gallon),2.218,$/GAL
2025-06-18,Y44MB,NA,EPLLPA,Propane,PF4,Spot Price FOB,EER_EPLLPA_PF4_Y44MB_DPG,"Mont Belvieu, TX Propane Spot Price FOB (Dollars per Gallon)",.803,$/GAL
2025-06-18,Y35NY,NEW YORK CITY,EPMRU,Conventional Regular Gasoline,PF4,Spot Price FOB,EER_EPMRU_PF4_Y35NY_DPG,New York Harbor Conventional Gasoline Regular Spot Price FOB (Dollars per Gallon),2.338,$/GAL
2025-06-18,Y05LA,LOS ANGELES,EPMRR,Reformulated Regular Gasoline,PF4,Spot Price FOB,EER_EPMRR_PF4_Y05LA_DPG,Los Angeles Reformulated RBOB Regular Gasoline Spot Price (Dollars per Gallon),2.393,$/GAL
2025-06-18,Y05LA,LOS ANGELES,EPD2DC,Carb Diesel,PF4,Spot Price FOB,EER_EPD2DC_PF4_Y05LA_DPG,"Los Angeles, CA Ultra-Low Sulfur CARB Diesel Spot Price (Dollars per Gallon)",2.593,$/GAL
2025-06-18,RGC,NA,EPJK,Kerosene-Type Jet Fuel,PF4,Spot Price FOB,EER_EPJK_PF4_RGC_DPG,U.S. Gulf Coast Kerosene-Type Jet Fuel Spot Price FOB (Dollars per Gallon),2.35,$/GAL
2025-06-18,YCUOK,NA,EPCWTI,WTI Crude Oil,PF4,Spot Price FOB,RWTC,"Cushing, OK WTI Spot Price FOB (Dollars per Barrel)",75.89,$/BBL
2025-06-18,RGC,NA,EPD2DXL0,No 2 Diesel Low Sulfur (0-15 ppm),PF4,Spot Price FOB,EER_EPD2DXL0_PF4_RGC_DPG,U.S. Gulf Coast Ultra-Low Sulfur No 2 Diesel Spot Price (Dollars per Gallon),2.468,$/GAL
2025-06-17,ZEU,NA,EPCBRENT,UK Brent Crude Oil,PF4,Spot Price FOB,RBRTE,Europe Brent Spot Price FOB (Dollars per Barrel),78.7,$/BBL
2025-06-17,RGC,NA,EPJK,Kerosene-Type Jet Fuel,PF4,Spot Price FOB,EER_EPJK_PF4_RGC_DPG,U.S. Gulf Coast Kerosene-Type Jet Fuel Spot Price FOB (Dollars per Gallon),2.304,$/GAL
2025-06-17,YCUOK,NA,EPCWTI,WTI Crude Oil,PF4,Spot Price FOB,RWTC,"Cushing, OK WTI Spot Price FOB (Dollars per Barrel)",75.62,$/BBL
2025-06-17,RGC,NA,EPMRU,Conventional Regular Gasoline,PF4,Spot Price FOB,EER_EPMRU_PF4_RGC_DPG,U.S. Gulf Coast Conventional Gasoline Regular Spot Price FOB (Dollars per Gallon),2.211,$/GAL
2025-06-17,RGC,NA,EPD2DXL0,No 2 Diesel Low Sulfur (0-15 ppm),PF4,Spot Price FOB,EER_EPD2DXL0_PF4_RGC_DPG,U.S. Gulf Coast Ultra-Low Sulfur No 2 Diesel Spot Price (Dollars per Gallon),2.426,$/GAL
2025-06-17,Y05LA,LOS ANGELES,EPMRR,Reformulated Regular Gasoline,PF4,Spot Price FOB,EER_EPMRR_PF4_Y05LA_DPG,Los Angeles Reformulated RBOB Regular Gasoline Spot Price (Dollars per Gallon),2.431,$/GAL
2025-06-17,Y35NY,NEW YORK CITY,EPD2F,No 2 Fuel Oil / Heating Oil,PF4,Spot Price FOB,EER_EPD2F_PF4_Y35NY_DPG,New York Harbor No. 2 Heating Oil Spot Price FOB (Dollars per Gallon),2.401,$/GAL
2025-06-17,Y35NY,NEW YORK CITY,EPD2DXL0,No 2 Diesel Low Sulfur (0-15 ppm),PF4,Spot Price FOB,EER_EPD2DXL0_PF4_Y35NY_DPG,New York Harbor Ultra-Low Sulfur No 2 Diesel Spot Price (Dollars per Gallon),2.514,$/GAL
2025-06-17,Y35NY,NEW YORK CITY,EPMRU,Conventional Regular Gasoline,PF4,Spot Price FOB,EER_EPMRU_PF4_Y35NY_DPG,New York Harbor Conventional Gasoline Regular Spot Price FOB (Dollars per Gallon),2.314,$/GAL
2025-06-17,Y05LA,LOS ANGELES,EPD2DC,Carb Diesel,PF4,Spot Price FOB,EER_EPD2DC_PF4_Y05LA_DPG,"Los Angeles, CA Ultra-Low Sulfur CARB Diesel Spot Price (Dollars per Gallon)",2.589,$/GAL
2025-06-17,Y44MB,NA,EPLLPA,Propane,PF4,Spot Price FOB,EER_EPLLPA_PF4_Y44MB_DPG,"Mont Belvieu, TX Propane Spot Price FOB (Dollars per Gallon)",.809,$/GAL
2025-06-16,RGC,NA,EPD2DXL0,No 2 Diesel Low Sulfur (0-15 ppm),PF4,Spot Price FOB,EER_EPD2DXL0_PF4_RGC_DPG,U.S. Gulf Coast Ultra-Low Sulfur No 2 Diesel Spot Price (Dollars per Gallon),2.31,$/GAL
2025-06-16,Y35NY,NEW YORK CITY,EPD2DXL0,No 2 Diesel Low Sulfur (0-15 ppm),PF4,Spot Price FOB,EER_EPD2DXL0_PF4_Y35NY_DPG,New York Harbor Ultra-Low Sulfur No 2 Diesel Spot Price (Dollars per Gallon),2.398,$/GAL
2025-06-16,RGC,NA,EPJK,Kerosene-Type Jet Fuel,PF4,Spot Price FOB,EER_EPJK_PF4_RGC_DPG,U.S. Gulf Coast Kerosene-Type Jet Fuel Spot Price FOB (Dollars per Gallon),2.197,$/GAL
2025-06-16,YCUOK,NA,EPCWTI,WTI Crude Oil,PF4,Spot Price FOB,RWTC,"Cushing, OK WTI Spot Price FOB (Dollars per Barrel)",72.53,$/BBL
2025-06-16,Y05LA,LOS ANGELES,EPD2DC,Carb Diesel,PF4,Spot Price FOB,EER_EPD2DC_PF4_Y05LA_DPG,"Los Angeles, CA Ultra-Low Sulfur CARB Diesel Spot Price (Dollars per Gallon)",2.46,$/GAL
2025-06-16,Y35NY,NEW YORK CITY,EPD2F,No 2 Fuel Oil / Heating Oil,PF4,Spot Price FOB,EER_EPD2F_PF4_Y35NY_DPG,New York Harbor No. 2 Heating Oil Spot Price FOB (Dollars per Gallon),2.283,$/GAL
2025-06-16,Y05LA,LOS ANGELES,EPMRR,Reformulated Regular Gasoline,PF4,Spot Price FOB,EER_EPMRR_PF4_Y05LA_DPG,Los Angeles Reformulated RBOB Regular Gasoline Spot Price (Dollars per Gallon),2.36,$/GAL
2025-06-16,ZEU,NA,EPCBRENT,UK Brent Crude Oil,PF4,Spot Price FOB,RBRTE,Europe Brent Spot Price FOB (Dollars per Barrel),75.05,$/BBL
2025-06-16,RGC,NA,EPMRU,Conventional Regular Gasoline,PF4,Spot Price FOB,EER_EPMRU_PF4_RGC_DPG,U.S. Gulf Coast Conventional Gasoline Regular Spot Price FOB (Dollars per Gallon),2.162,$/GAL
2025-06-16,Y35NY,NEW YORK CITY,EPMRU,Conventional Regular Gasoline,PF4,Spot Price FOB,EER_EPMRU_PF4_Y35NY_DPG,New York Harbor Conventional Gasoline Regular Spot Price FOB (Dollars per Gallon),2.227,$/GAL
2025-06-16,Y44MB,NA,EPLLPA,Propane,PF4,Spot Price FOB,EER_EPLLPA_PF4_Y44MB_DPG,"Mont Belvieu, TX Propane Spot Price FOB (Dollars per Gallon)",.809,$/GAL
2025-06-13,Y35NY,NEW YORK CITY,EPD2DXL0,No 2 Diesel Low Sulfur (0-15 ppm),PF4,Spot Price FOB,EER_EPD2DXL0_PF4_Y35NY_DPG,New York Harbor Ultra-Low Sulfur No 2 Diesel Spot Price (Dollars per Gallon),2.402,$/GAL
2025-06-13,Y05LA,LOS ANGELES,EPMRR,Reformulated Regular Gasoline,PF4,Spot Price FOB,EER_EPMRR_PF4_Y05LA_DPG,Los Angeles Reformulated RBOB Regular Gasoline Spot Price (Dollars per Gallon),2.385,$/GAL
2025-06-13,ZEU,NA,EPCBRENT,UK Brent Crude Oil,PF4,Spot Price FOB,RBRTE,Europe Brent Spot Price FOB (Dollars per Barrel),76,$/BBL
2025-06-13,Y35NY,NEW YORK CITY,EPD2F,No 2 Fuel Oil / Heating Oil,PF4,Spot Price FOB,EER_EPD2F_PF4_Y35NY_DPG,New York Harbor No. 2 Heating Oil Spot Price FOB (Dollars per Gallon),2.287,$/GAL
2025-06-13,RGC,NA,EPJK,Kerosene-Type Jet Fuel,PF4,Spot Price FOB,EER_EPJK_PF4_RGC_DPG,U.S. Gulf Coast Kerosene-Type Jet Fuel Spot Price FOB (Dollars per Gallon),2.202,$/GAL
2025-06-13,RGC,NA,EPD2DXL0,No 2 Diesel Low Sulfur (0-15 ppm),PF4,Spot Price FOB,EER_EPD2DXL0_PF4_RGC_DPG,U.S. Gulf Coast Ultra-Low Sulfur No 2 Diesel Spot Price (Dollars per Gallon),2.315,$/GAL
2025-06-13,Y05LA,LOS ANGELES,EPD2DC,Carb Diesel,PF4,Spot Price FOB,EER_EPD2DC_PF4_Y05LA_DPG,"Los Angeles, CA Ultra-Low Sulfur CARB Diesel Spot Price (Dollars per Gallon)",2.465,$/GAL
2025-06-13,RGC,NA,EPMRU,Conventional Regular Gasoline,PF4,Spot Price FOB,EER_EPMRU_PF4_RGC_DPG,U.S. Gulf Coast Conventional Gasoline Regular Spot Price FOB (Dollars per Gallon),2.187,$/GAL
2025-06-13,YCUOK,NA,EPCWTI,WTI Crude Oil,PF4,Spot Price FOB,RWTC,"Cushing, OK WTI Spot Price FOB (Dollars per Barrel)",73.84,$/BBL
2025-06-13,Y44MB,NA,EPLLPA,Propane,PF4,Spot Price FOB,EER_EPLLPA_PF4_Y44MB_DPG,"Mont Belvieu, TX Propane Spot Price FOB (Dollars per Gallon)",.813,$/GAL
2025-06-13,Y35NY,NEW YORK CITY,EPMRU,Conventional Regular Gasoline,PF4,Spot Price FOB,EER_EPMRU_PF4_Y35NY_DPG,New York Harbor Conventional Gasoline Regular Spot Price FOB (Dollars per Gallon),2.252,$/GAL
2025-06-12,RGC,NA,EPD2DXL0,No 2 Diesel Low Sulfur (0-15 ppm),PF4,Spot Price FOB,EER_EPD2DXL0_PF4_RGC_DPG,U.S. Gulf Coast Ultra-Low Sulfur No 2 Diesel Spot Price (Dollars per Gallon),2.133,$/GAL
2025-06-12,Y35NY,NEW YORK CITY,EPMRU,Conventional Regular Gasoline,PF4,Spot Price FOB,EER_EPMRU_PF4_Y35NY_DPG,New York Harbor Conventional Gasoline Regular Spot Price FOB (Dollars per Gallon),2.178,$/GAL
2025-06-12,Y35NY,NEW YORK CITY,EPD2DXL0,No 2 Diesel Low Sulfur (0-15 ppm),PF4,Spot Price FOB,EER_EPD2DXL0_PF4_Y35NY_DPG,New York Harbor Ultra-Low Sulfur No 2 Diesel Spot Price (Dollars per Gallon),2.223,$/GAL
2025-06-12,Y05LA,LOS ANGELES,EPD2DC,Carb Diesel,PF4,Spot Price FOB,EER_EPD2DC_PF4_Y05LA_DPG,"Los Angeles, CA Ultra-Low Sulfur CARB Diesel Spot Price (Dollars per Gallon)",2.283,$/GAL
2025-06-12,ZEU,NA,EPCBRENT,UK Brent Crude Oil,PF4,Spot Price FOB,RBRTE,Europe Brent Spot Price FOB (Dollars per Barrel),70.84,$/BBL
2025-06-12,YCUOK,NA,EPCWTI,WTI Crude Oil,PF4,Spot Price FOB,RWTC,"Cushing, OK WTI Spot Price FOB (Dollars per Barrel)",68.73,$/BBL
2025-06-12,Y35NY,NEW YORK CITY,EPD2F,No 2 Fuel Oil / Heating Oil,PF4,Spot Price FOB,EER_EPD2F_PF4_Y35NY_DPG,New York Harbor No. 2 Heating Oil Spot Price FOB (Dollars per Gallon),2.106,$/GAL
2025-06-12,RGC,NA,EPJK,Kerosene-Type Jet Fuel,PF4,Spot Price FOB,EER_EPJK_PF4_RGC_DPG,U.S. Gulf Coast Kerosene-Type Jet Fuel Spot Price FOB (Dollars per Gallon),2.02,$/GAL
2025-06-12,Y05LA,LOS ANGELES,EPMRR,Reformulated Regular Gasoline,PF4,Spot Price FOB,EER_EPMRR_PF4_Y05LA_DPG,Los Angeles Reformulated RBOB Regular Gasoline Spot Price (Dollars per Gallon),2.265,$/GAL
2025-06-12,Y44MB,NA,EPLLPA,Propane,PF4,Spot Price FOB,EER_EPLLPA_PF4_Y44MB_DPG,"Mont Belvieu, TX Propane Spot Price FOB (Dollars per Gallon)",.776,$/GAL
2025-06-12,RGC,NA,EPMRU,Conventional Regular Gasoline,PF4,Spot Price FOB,EER_EPMRU_PF4_RGC_DPG,U.S. Gulf Coast Conventional Gasoline Regular Spot Price FOB (Dollars per Gallon),2.115,$/GAL
2025-06-11,Y35NY,NEW YORK CITY,EPMRU,Conventional Regular Gasoline,PF4,Spot Price FOB,EER_EPMRU_PF4_Y35NY_DPG,New York Harbor Conventional Gasoline Regular Spot Price FOB (Dollars per Gallon),2.021,$/GAL
2025-06-11,Y35NY,NEW YORK CITY,EPD2DXL0,No 2 Diesel Low Sulfur (0-15 ppm),PF4,Spot Price FOB,EER_EPD2DXL0_PF4_Y35NY_DPG,New York Harbor Ultra-Low Sulfur No 2 Diesel Spot Price (Dollars per Gallon),2.201,$/GAL
2025-06-11,RGC,NA,EPMRU,Conventional Regular Gasoline,PF4,Spot Price FOB,EER_EPMRU_PF4_RGC_DPG,U.S. Gulf Coast Conventional Gasoline Regular Spot Price FOB (Dollars per Gallon),2.119,$/GAL
2025-06-11,Y35NY,NEW YORK CITY,EPD2F,No 2 Fuel Oil / Heating Oil,PF4,Spot Price FOB,EER_EPD2F_PF4_Y35NY_DPG,New York Harbor No. 2 Heating Oil Spot Price FOB (Dollars per Gallon),2.104,$/GAL
2025-06-11,Y05LA,LOS ANGELES,EPD2DC,Carb Diesel,PF4,Spot Price FOB,EER_EPD2DC_PF4_Y05LA_DPG,"Los Angeles, CA Ultra-Low Sulfur CARB Diesel Spot Price (Dollars per Gallon)",2.261,$/GAL
2025-06-11,RGC,NA,EPJK,Kerosene-Type Jet Fuel,PF4,Spot Price FOB,EER_EPJK_PF4_RGC_DPG,U.S. Gulf Coast Kerosene-Type Jet Fuel Spot Price FOB (Dollars per Gallon),2.018,$/GAL
2025-06-11,YCUOK,NA,EPCWTI,WTI Crude Oil,PF4,Spot Price FOB,RWTC,"Cushing, OK WTI Spot Price FOB (Dollars per Barrel)",68.91,$/BBL
2025-06-11,Y44MB,NA,EPLLPA,Propane,PF4,Spot Price FOB,EER_EPLLPA_PF4_Y44MB_DPG,"Mont Belvieu, TX Propane Spot Price FOB (Dollars per Gallon)",.773,$/GAL
2025-06-11,Y05LA,LOS ANGELES,EPMRR,Reformulated Regular Gasoline,PF4,Spot Price FOB,EER_EPMRR_PF4_Y05LA_DPG,Los Angeles Reformulated RBOB Regular Gasoline Spot Price (Dollars per Gallon),2.269,$/GAL
2025-06-11,RGC,NA,EPD2DXL0,No 2 Diesel Low Sulfur (0-15 ppm),PF4,Spot Price FOB,EER_EPD2DXL0_PF4_RGC_DPG,U.S. Gulf Coast Ultra-Low Sulfur No 2 Diesel Spot Price (Dollars per Gallon),2.131,$/GAL
2025-06-11,ZEU,NA,EPCBRENT,UK Brent Crude Oil,PF4,Spot Price FOB,RBRTE,Europe Brent Spot Price FOB (Dollars per Barrel),71.29,$/BBL
2025-06-10,ZEU,NA,EPCBRENT,UK Brent Crude Oil,PF4,Spot Price FOB,RBRTE,Europe Brent Spot Price FOB (Dollars per Barrel),68.41,$/BBL
2025-06-10,YCUOK,NA,EPCWTI,WTI Crude Oil,PF4,Spot Price FOB,RWTC,"Cushing, OK WTI Spot Price FOB (Dollars per Barrel)",65.66,$/BBL
2025-06-10,RGC,NA,EPD2DXL0,No 2 Diesel Low Sulfur (0-15 ppm),PF4,Spot Price FOB,EER_EPD2DXL0_PF4_RGC_DPG,U.S. Gulf Coast Ultra-Low Sulfur No 2 Diesel Spot Price (Dollars per Gallon),2.075,$/GAL
2025-06-10,Y35NY,NEW YORK CITY,EPD2F,No 2 Fuel Oil / Heating Oil,PF4,Spot Price FOB,EER_EPD2F_PF4_Y35NY_DPG,New York Harbor No. 2 Heating Oil Spot Price FOB (Dollars per Gallon),2.043,$/GAL
2025-06-10,RGC,NA,EPJK,Kerosene-Type Jet Fuel,PF4,Spot Price FOB,EER_EPJK_PF4_RGC_DPG,U.S. Gulf Coast Kerosene-Type Jet Fuel Spot Price FOB (Dollars per Gallon),1.965,$/GAL
2025-06-10,Y35NY,NEW YORK CITY,EPD2DXL0,No 2 Diesel Low Sulfur (0-15 ppm),PF4,Spot Price FOB,EER_EPD2DXL0_PF4_Y35NY_DPG,New York Harbor Ultra-Low Sulfur No 2 Diesel Spot Price (Dollars per Gallon),2.14,$/GAL
2025-06-10,Y05LA,LOS ANGELES,EPMRR,Reformulated Regular Gasoline,PF4,Spot Price FOB,EER_EPMRR_PF4_Y05LA_DPG,Los Angeles Reformulated RBOB Regular Gasoline Spot Price (Dollars per Gallon),2.267,$/GAL
2025-06-10,Y05LA,LOS ANGELES,EPD2DC,Carb Diesel,PF4,Spot Price FOB,EER_EPD2DC_PF4_Y05LA_DPG,"Los Angeles, CA Ultra-Low Sulfur CARB Diesel Spot Price (Dollars per Gallon)",2.18,$/GAL
2025-06-10,RGC,NA,EPMRU,Conventional Regular Gasoline,PF4,Spot Price FOB,EER_EPMRU_PF4_RGC_DPG,U.S. Gulf Coast Conventional Gasoline Regular Spot Price FOB (Dollars per Gallon),2.02,$/GAL
2025-06-10,Y44MB,NA,EPLLPA,Propane,PF4,Spot Price FOB,EER_EPLLPA_PF4_Y44MB_DPG,"Mont Belvieu, TX Propane Spot Price FOB (Dollars per Gallon)",.748,$/GAL
2025-06-10,Y35NY,NEW YORK CITY,EPMRU,Conventional Regular Gasoline,PF4,Spot Price FOB,EER_EPMRU_PF4_Y35NY_DPG,New York Harbor Conventional Gasoline Regular Spot Price FOB (Dollars per Gallon),1.955,$/GAL
2025-06-09,RGC,NA,EPJK,Kerosene-Type Jet Fuel,PF4,Spot Price FOB,EER_EPJK_PF4_RGC_DPG,U.S. Gulf Coast Kerosene-Type Jet Fuel Spot Price FOB (Dollars per Gallon),1.976,$/GAL
2025-06-09,Y35NY,NEW YORK CITY,EPD2DXL0,No 2 Diesel Low Sulfur (0-15 ppm),PF4,Spot Price FOB,EER_EPD2DXL0_PF4_Y35NY_DPG,New York Harbor Ultra-Low Sulfur No 2 Diesel Spot Price (Dollars per Gallon),2.149,$/GAL
2025-06-09,Y05LA,LOS ANGELES,EPMRR,Reformulated Regular Gasoline,PF4,Spot Price FOB,EER_EPMRR_PF4_Y05LA_DPG,Los Angeles Reformulated RBOB Regular Gasoline Spot Price (Dollars per Gallon),2.277,$/GAL
2025-06-09,Y35NY,NEW YORK CITY,EPD2F,No 2 Fuel Oil / Heating Oil,PF4,Spot Price FOB,EER_EPD2F_PF4_Y35NY_DPG,New York Harbor No. 2 Heating Oil Spot Price FOB (Dollars per Gallon),2.051,$/GAL
2025-06-09,Y44MB,NA,EPLLPA,Propane,PF4,Spot Price FOB,EER_EPLLPA_PF4_Y44MB_DPG,"Mont Belvieu, TX Propane Spot Price FOB (Dollars per Gallon)",.748,$/GAL
2025-06-09,YCUOK,NA,EPCWTI,WTI Crude Oil,PF4,Spot Price FOB,RWTC,"Cushing, OK WTI Spot Price FOB (Dollars per Barrel)",65.99,$/BBL
2025-06-09,ZEU,NA,EPCBRENT,UK Brent Crude Oil,PF4,Spot Price FOB,RBRTE,Europe Brent Spot Price FOB (Dollars per Barrel),68.73,$/BBL
2025-06-09,RGC,NA,EPMRU,Conventional Regular Gasoline,PF4,Spot Price FOB,EER_EPMRU_PF4_RGC_DPG,U.S. Gulf Coast Conventional Gasoline Regular Spot Price FOB (Dollars per Gallon),2.015,$/GAL
2025-06-09,RGC,NA,EPD2DXL0,No 2 Diesel Low Sulfur (0-15 ppm),PF4,Spot Price FOB,EER_EPD2DXL0_PF4_RGC_DPG,U.S. Gulf Coast Ultra-Low Sulfur No 2 Diesel Spot Price (Dollars per Gallon),2.085,$/GAL
2025-06-09,Y05LA,LOS ANGELES,EPD2DC,Carb Diesel,PF4,Spot Price FOB,EER_EPD2DC_PF4_Y05LA_DPG,"Los Angeles, CA Ultra-Low Sulfur CARB Diesel Spot Price (Dollars per Gallon)",2.189,$/GAL
2025-06-09,Y35NY,NEW YORK CITY,EPMRU,Conventional Regular Gasoline,PF4,Spot Price FOB,EER_EPMRU_PF4_Y35NY_DPG,New York Harbor Conventional Gasoline Regular Spot Price FOB (Dollars per Gallon),1.947,$/GAL
2025-06-06,RGC,NA,EPD2DXL0,No 2 Diesel Low Sulfur (0-15 ppm),PF4,Spot Price FOB,EER_EPD2DXL0_PF4_RGC_DPG,U.S. Gulf Coast Ultra-Low Sulfur No 2 Diesel Spot Price (Dollars per Gallon),2.064,$/GAL
2025-06-06,Y35NY,NEW YORK CITY,EPD2DXL0,No 2 Diesel Low Sulfur (0-15 ppm),PF4,Spot Price FOB,EER_EPD2DXL0_PF4_Y35NY_DPG,New York Harbor Ultra-Low Sulfur No 2 Diesel Spot Price (Dollars per Gallon),2.129,$/GAL
2025-06-06,Y05LA,LOS ANGELES,EPD2DC,Carb Diesel,PF4,Spot Price FOB,EER_EPD2DC_PF4_Y05LA_DPG,"Los Angeles, CA Ultra-Low Sulfur CARB Diesel Spot Price (Dollars per Gallon)",2.169,$/GAL
2025-06-06,ZEU,NA,EPCBRENT,UK Brent Crude Oil,PF4,Spot Price FOB,RBRTE,Europe Brent Spot Price FOB (Dollars per Barrel),68.02,$/BBL
2025-06-06,Y35NY,NEW YORK CITY,EPMRU,Conventional Regular Gasoline,PF4,Spot Price FOB,EER_EPMRU_PF4_Y35NY_DPG,New York Harbor Conventional Gasoline Regular Spot Price FOB (Dollars per Gallon),1.93,$/GAL
2025-06-06,RGC,NA,EPJK,Kerosene-Type Jet Fuel,PF4,Spot Price FOB,EER_EPJK_PF4_RGC_DPG,U.S. Gulf Coast Kerosene-Type Jet Fuel Spot Price FOB (Dollars per Gallon),1.957,$/GAL
2025-06-06,Y44MB,NA,EPLLPA,Propane,PF4,Spot Price FOB,EER_EPLLPA_PF4_Y44MB_DPG,"Mont Belvieu, TX Propane Spot Price FOB (Dollars per Gallon)",.746,$/GAL
2025-06-06,RGC,NA,EPMRU,Conventional Regular Gasoline,PF4,Spot Price FOB,EER_EPMRU_PF4_RGC_DPG,U.S. Gulf Coast Conventional Gasoline Regular Spot Price FOB (Dollars per Gallon),1.995,$/GAL
2025-06-06,Y05LA,LOS ANGELES,EPMRR,Reformulated Regular Gasoline,PF4,Spot Price FOB,EER_EPMRR_PF4_Y05LA_DPG,Los Angeles Reformulated RBOB Regular Gasoline Spot Price (Dollars per Gallon),2.26,$/GAL
2025-06-06,YCUOK,NA,EPCWTI,WTI Crude Oil,PF4,Spot Price FOB,RWTC,"Cushing, OK WTI Spot Price FOB (Dollars per Barrel)",65.3,$/BBL
2025-06-06,Y35NY,NEW YORK CITY,EPD2F,No 2 Fuel Oil / Heating Oil,PF4,Spot Price FOB,EER_EPD2F_PF4_Y35NY_DPG,New York Harbor No. 2 Heating Oil Spot Price FOB (Dollars per Gallon),2.032,$/GAL
2025-06-05,Y05LA,LOS ANGELES,EPD2DC,Carb Diesel,PF4,Spot Price FOB,EER_EPD2DC_PF4_Y05LA_DPG,"Los Angeles, CA Ultra-Low Sulfur CARB Diesel Spot Price (Dollars per Gallon)",2.163,$/GAL
2025-06-05,RGC,NA,EPJK,Kerosene-Type Jet Fuel,PF4,Spot Price FOB,EER_EPJK_PF4_RGC_DPG,U.S. Gulf Coast Kerosene-Type Jet Fuel Spot Price FOB (Dollars per Gallon),1.928,$/GAL
2025-06-05,Y44MB,NA,EPLLPA,Propane,PF4,Spot Price FOB,EER_EPLLPA_PF4_Y44MB_DPG,"Mont Belvieu, TX Propane Spot Price FOB (Dollars per Gallon)",.723,$/GAL
2025-06-05,YCUOK,NA,EPCWTI,WTI Crude Oil,PF4,Spot Price FOB,RWTC,"Cushing, OK WTI Spot Price FOB (Dollars per Barrel)",64.06,$/BBL
2025-06-05,Y35NY,NEW YORK CITY,EPD2DXL0,No 2 Diesel Low Sulfur (0-15 ppm),PF4,Spot Price FOB,EER_EPD2DXL0_PF4_Y35NY_DPG,New York Harbor Ultra-Low Sulfur No 2 Diesel Spot Price (Dollars per Gallon),2.093,$/GAL
2025-06-05,RGC,NA,EPMRU,Conventional Regular Gasoline,PF4,Spot Price FOB,EER_EPMRU_PF4_RGC_DPG,U.S. Gulf Coast Conventional Gasoline Regular Spot Price FOB (Dollars per Gallon),1.994,$/GAL
2025-06-05,RGC,NA,EPD2DXL0,No 2 Diesel Low Sulfur (0-15 ppm),PF4,Spot Price FOB,EER_EPD2DXL0_PF4_RGC_DPG,U.S. Gulf Coast Ultra-Low Sulfur No 2 Diesel Spot Price (Dollars per Gallon),2.026,$/GAL
2025-06-05,ZEU,NA,EPCBRENT,UK Brent Crude Oil,PF4,Spot Price FOB,RBRTE,Europe Brent Spot Price FOB (Dollars per Barrel),67.14,$/BBL
2025-06-05,Y05LA,LOS ANGELES,EPMRR,Reformulated Regular Gasoline,PF4,Spot Price FOB,EER_EPMRR_PF4_Y05LA_DPG,Los Angeles Reformulated RBOB Regular Gasoline Spot Price (Dollars per Gallon),2.221,$/GAL
2025-06-05,Y35NY,NEW YORK CITY,EPD2F,No 2 Fuel Oil / Heating Oil,PF4,Spot Price FOB,EER_EPD2F_PF4_Y35NY_DPG,New York Harbor No. 2 Heating Oil Spot Price FOB (Dollars per Gallon),1.995,$/GAL
2025-06-05,Y35NY,NEW YORK CITY,EPMRU,Conventional Regular Gasoline,PF4,Spot Price FOB,EER_EPMRU_PF4_Y35NY_DPG,New York Harbor Conventional Gasoline Regular Spot Price FOB (Dollars per Gallon),1.911,$/GAL
2025-06-04,ZEU,NA,EPCBRENT,UK Brent Crude Oil,PF4,Spot Price FOB,RBRTE,Europe Brent Spot Price FOB (Dollars per Barrel),66.69,$/BBL
2025-06-04,RGC,NA,EPD2DXL0,No 2 Diesel Low Sulfur (0-15 ppm),PF4,Spot Price FOB,EER_EPD2DXL0_PF4_RGC_DPG,U.S. Gulf Coast Ultra-Low Sulfur No 2 Diesel Spot Price (Dollars per Gallon),2.004,$/GAL
2025-06-04,Y05LA,LOS ANGELES,EPD2DC,Carb Diesel,PF4,Spot Price FOB,EER_EPD2DC_PF4_Y05LA_DPG,"Los Angeles, CA Ultra-Low Sulfur CARB Diesel Spot Price (Dollars per Gallon)",2.133,$/GAL
2025-06-04,RGC,NA,EPJK,Kerosene-Type Jet Fuel,PF4,Spot Price FOB,EER_EPJK_PF4_RGC_DPG,U.S. Gulf Coast Kerosene-Type Jet Fuel Spot Price FOB (Dollars per Gallon),1.913,$/GAL
2025-06-04,Y05LA,LOS ANGELES,EPMRR,Reformulated Regular Gasoline,PF4,Spot Price FOB,EER_EPMRR_PF4_Y05LA_DPG,Los Angeles Reformulated RBOB Regular Gasoline Spot Price (Dollars per Gallon),2.203,$/GAL
2025-06-04,Y44MB,NA,EPLLPA,Propane,PF4,Spot Price FOB,EER_EPLLPA_PF4_Y44MB_DPG,"Mont Belvieu, TX Propane Spot Price FOB (Dollars per Gallon)",.705,$/GAL
2025-06-04,YCUOK,NA,EPCWTI,WTI Crude Oil,PF4,Spot Price FOB,RWTC,"Cushing, OK WTI Spot Price FOB (Dollars per Barrel)",63.57,$/BBL
2025-06-04,Y35NY,NEW YORK CITY,EPD2F,No 2 Fuel Oil / Heating Oil,PF4,Spot Price FOB,EER_EPD2F_PF4_Y35NY_DPG,New York Harbor No. 2 Heating Oil Spot Price FOB (Dollars per Gallon),1.97,$/GAL
2025-06-04,RGC,NA,EPMRU,Conventional Regular Gasoline,PF4,Spot Price FOB,EER_EPMRU_PF4_RGC_DPG,U.S. Gulf Coast Conventional Gasoline Regular Spot Price FOB (Dollars per Gallon),1.978,$/GAL
2025-06-04,Y35NY,NEW YORK CITY,EPD2DXL0,No 2 Diesel Low Sulfur (0-15 ppm),PF4,Spot Price FOB,EER_EPD2DXL0_PF4_Y35NY_DPG,New York Harbor Ultra-Low Sulfur No 2 Diesel Spot Price (Dollars per Gallon),2.068,$/GAL
2025-06-04,Y35NY,NEW YORK CITY,EPMRU,Conventional Regular Gasoline,PF4,Spot Price FOB,EER_EPMRU_PF4_Y35NY_DPG,New York Harbor Conventional Gasoline Regular Spot Price FOB (Dollars per Gallon),1.913,$/GAL
2025-06-03,RGC,NA,EPD2DXL0,No 2 Diesel Low Sulfur (0-15 ppm),PF4,Spot Price FOB,EER_EPD2DXL0_PF4_RGC_DPG,U.S. Gulf Coast Ultra-Low Sulfur No 2 Diesel Spot Price (Dollars per Gallon),2.036,$/GAL
2025-06-03,RGC,NA,EPJK,Kerosene-Type Jet Fuel,PF4,Spot Price FOB,EER_EPJK_PF4_RGC_DPG,U.S. Gulf Coast Kerosene-Type Jet Fuel Spot Price FOB (Dollars per Gallon),1.944,$/GAL
2025-06-03,Y35NY,NEW YORK CITY,EPMRU,Conventional Regular Gasoline,PF4,Spot Price FOB,EER_EPMRU_PF4_Y35NY_DPG,New York Harbor Conventional Gasoline Regular Spot Price FOB (Dollars per Gallon),1.957,$/GAL
2025-06-03,Y35NY,NEW YORK CITY,EPD2F,No 2 Fuel Oil / Heating Oil,PF4,Spot Price FOB,EER_EPD2F_PF4_Y35NY_DPG,New York Harbor No. 2 Heating Oil Spot Price FOB (Dollars per Gallon),2.002,$/GAL
2025-06-03,Y05LA,LOS ANGELES,EPMRR,Reformulated Regular Gasoline,PF4,Spot Price FOB,EER_EPMRR_PF4_Y05LA_DPG,Los Angeles Reformulated RBOB Regular Gasoline Spot Price (Dollars per Gallon),2.282,$/GAL
2025-06-03,YCUOK,NA,EPCWTI,WTI Crude Oil,PF4,Spot Price FOB,RWTC,"Cushing, OK WTI Spot Price FOB (Dollars per Barrel)",64.1,$/BBL
2025-06-03,ZEU,NA,EPCBRENT,UK Brent Crude Oil,PF4,Spot Price FOB,RBRTE,Europe Brent Spot Price FOB (Dollars per Barrel),67.48,$/BBL
2025-06-03,Y05LA,LOS ANGELES,EPD2DC,Carb Diesel,PF4,Spot Price FOB,EER_EPD2DC_PF4_Y05LA_DPG,"Los Angeles, CA Ultra-Low Sulfur CARB Diesel Spot Price (Dollars per Gallon)",2.174,$/GAL
2025-06-03,Y44MB,NA,EPLLPA,Propane,PF4,Spot Price FOB,EER_EPLLPA_PF4_Y44MB_DPG,"Mont Belvieu, TX Propane Spot Price FOB (Dollars per Gallon)",.725,$/GAL
2025-06-03,RGC,NA,EPMRU,Conventional Regular Gasoline,PF4,Spot Price FOB,EER_EPMRU_PF4_RGC_DPG,U.S. Gulf Coast Conventional Gasoline Regular Spot Price FOB (Dollars per Gallon),2.022,$/GAL
2025-06-03,Y35NY,NEW YORK CITY,EPD2DXL0,No 2 Diesel Low Sulfur (0-15 ppm),PF4,Spot Price FOB,EER_EPD2DXL0_PF4_Y35NY_DPG,New York Harbor Ultra-Low Sulfur No 2 Diesel Spot Price (Dollars per Gallon),2.099,$/GAL
2025-06-02,Y35NY,NEW YORK CITY,EPD2F,No 2 Fuel Oil / Heating Oil,PF4,Spot Price FOB,EER_EPD2F_PF4_Y35NY_DPG,New York Harbor No. 2 Heating Oil Spot Price FOB (Dollars per Gallon),1.963,$/GAL
2025-06-02,RGC,NA,EPMRU,Conventional Regular Gasoline,PF4,Spot Price FOB,EER_EPMRU_PF4_RGC_DPG,U.S. Gulf Coast Conventional Gasoline Regular Spot Price FOB (Dollars per Gallon),2.004,$/GAL
2025-06-02,Y35NY,NEW YORK CITY,EPD2DXL0,No 2 Diesel Low Sulfur (0-15 ppm),PF4,Spot Price FOB,EER_EPD2DXL0_PF4_Y35NY_DPG,New York Harbor Ultra-Low Sulfur No 2 Diesel Spot Price (Dollars per Gallon),2.061,$/GAL
2025-06-02,RGC,NA,EPD2DXL0,No 2 Diesel Low Sulfur (0-15 ppm),PF4,Spot Price FOB,EER_EPD2DXL0_PF4_RGC_DPG,U.S. Gulf Coast Ultra-Low Sulfur No 2 Diesel Spot Price (Dollars per Gallon),1.997,$/GAL
2025-06-02,RGC,NA,EPJK,Kerosene-Type Jet Fuel,PF4,Spot Price FOB,EER_EPJK_PF4_RGC_DPG,U.S. Gulf Coast Kerosene-Type Jet Fuel Spot Price FOB (Dollars per Gallon),1.901,$/GAL
2025-06-02,Y05LA,LOS ANGELES,EPD2DC,Carb Diesel,PF4,Spot Price FOB,EER_EPD2DC_PF4_Y05LA_DPG,"Los Angeles, CA Ultra-Low Sulfur CARB Diesel Spot Price (Dollars per Gallon)",2.148,$/GAL
2025-06-02,ZEU,NA,EPCBRENT,UK Brent Crude Oil,PF4,Spot Price FOB,RBRTE,Europe Brent Spot Price FOB (Dollars per Barrel),66.55,$/BBL
2025-06-02,YCUOK,NA,EPCWTI,WTI Crude Oil,PF4,Spot Price FOB,RWTC,"Cushing, OK WTI Spot Price FOB (Dollars per Barrel)",63.27,$/BBL
2025-06-02,Y05LA,LOS ANGELES,EPMRR,Reformulated Regular Gasoline,PF4,Spot Price FOB,EER_EPMRR_PF4_Y05LA_DPG,Los Angeles Reformulated RBOB Regular Gasoline Spot Price (Dollars per Gallon),2.267,$/GAL
2025-06-02,Y35NY,NEW YORK CITY,EPMRU,Conventional Regular Gasoline,PF4,Spot Price FOB,EER_EPMRU_PF4_Y35NY_DPG,New York Harbor Conventional Gasoline Regular Spot Price FOB (Dollars per Gallon),1.937,$/GAL
2025-06-02,Y44MB,NA,EPLLPA,Propane,PF4,Spot Price FOB,EER_EPLLPA_PF4_Y44MB_DPG,"Mont Belvieu, TX Propane Spot Price FOB (Dollars per Gallon)",.723,$/GAL
2025-05-30,Y35NY,NEW YORK CITY,EPD2F,No 2 Fuel Oil / Heating Oil,PF4,Spot Price FOB,EER_EPD2F_PF4_Y35NY_DPG,New York Harbor No. 2 Heating Oil Spot Price FOB (Dollars per Gallon),1.918,$/GAL
2025-05-30,Y05LA,LOS ANGELES,EPMRR,Reformulated Regular Gasoline,PF4,Spot Price FOB,EER_EPMRR_PF4_Y05LA_DPG,Los Angeles Reformulated RBOB Regular Gasoline Spot Price (Dollars per Gallon),2.224,$/GAL
2025-05-30,RGC,NA,EPD2DXL0,No 2 Diesel Low Sulfur (0-15 ppm),PF4,Spot Price FOB,EER_EPD2DXL0_PF4_RGC_DPG,U.S. Gulf Coast Ultra-Low Sulfur No 2 Diesel Spot Price (Dollars per Gallon),1.946,$/GAL
2025-05-30,Y44MB,NA,EPLLPA,Propane,PF4,Spot Price FOB,EER_EPLLPA_PF4_Y44MB_DPG,"Mont Belvieu, TX Propane Spot Price FOB (Dollars per Gallon)",.728,$/GAL
2025-05-30,RGC,NA,EPJK,Kerosene-Type Jet Fuel,PF4,Spot Price FOB,EER_EPJK_PF4_RGC_DPG,U.S. Gulf Coast Kerosene-Type Jet Fuel Spot Price FOB (Dollars per Gallon),1.846,$/GAL
2025-05-30,Y35NY,NEW YORK CITY,EPMRU,Conventional Regular Gasoline,PF4,Spot Price FOB,EER_EPMRU_PF4_Y35NY_DPG,New York Harbor Conventional Gasoline Regular Spot Price FOB (Dollars per Gallon),1.912,$/GAL
2025-05-30,Y35NY,NEW YORK CITY,EPD2DXL0,No 2 Diesel Low Sulfur (0-15 ppm),PF4,Spot Price FOB,EER_EPD2DXL0_PF4_Y35NY_DPG,New York Harbor Ultra-Low Sulfur No 2 Diesel Spot Price (Dollars per Gallon),2.015,$/GAL
2025-05-30,ZEU,NA,EPCBRENT,UK Brent Crude Oil,PF4,Spot Price FOB,RBRTE,Europe Brent Spot Price FOB (Dollars per Barrel),64.32,$/BBL
2025-05-30,YCUOK,NA,EPCWTI,WTI Crude Oil,PF4,Spot Price FOB,RWTC,"Cushing, OK WTI Spot Price FOB (Dollars per Barrel)",61.46,$/BBL
2025-05-30,RGC,NA,EPMRU,Conventional Regular Gasoline,PF4,Spot Price FOB,EER_EPMRU_PF4_RGC_DPG,U.S. Gulf Coast Conventional Gasoline Regular Spot Price FOB (Dollars per Gallon),1.953,$/GAL
2025-05-30,Y05LA,LOS ANGELES,EPD2DC,Carb Diesel,PF4,Spot Price FOB,EER_EPD2DC_PF4_Y05LA_DPG,"Los Angeles, CA Ultra-Low Sulfur CARB Diesel Spot Price (Dollars per Gallon)",2.103,$/GAL
2025-05-29,Y35NY,NEW YORK CITY,EPD2DXL0,No 2 Diesel Low Sulfur (0-15 ppm),PF4,Spot Price FOB,EER_EPD2DXL0_PF4_Y35NY_DPG,New York Harbor Ultra-Low Sulfur No 2 Diesel Spot Price (Dollars per Gallon),2.044,$/GAL
2025-05-29,Y35NY,NEW YORK CITY,EPD2F,No 2 Fuel Oil / Heating Oil,PF4,Spot Price FOB,EER_EPD2F_PF4_Y35NY_DPG,New York Harbor No. 2 Heating Oil Spot Price FOB (Dollars per Gallon),1.946,$/GAL
2025-05-29,Y44MB,NA,EPLLPA,Propane,PF4,Spot Price FOB,EER_EPLLPA_PF4_Y44MB_DPG,"Mont Belvieu, TX Propane Spot Price FOB (Dollars per Gallon)",.735,$/GAL
2025-05-29,Y05LA,LOS ANGELES,EPMRR,Reformulated Regular Gasoline,PF4,Spot Price FOB,EER_EPMRR_PF4_Y05LA_DPG,Los Angeles Reformulated RBOB Regular Gasoline Spot Price (Dollars per Gallon),2.24,$/GAL
2025-05-29,ZEU,NA,EPCBRENT,UK Brent Crude Oil,PF4,Spot Price FOB,RBRTE,Europe Brent Spot Price FOB (Dollars per Barrel),64.6,$/BBL
2025-05-29,Y35NY,NEW YORK CITY,EPMRU,Conventional Regular Gasoline,PF4,Spot Price FOB,EER_EPMRU_PF4_Y35NY_DPG,New York Harbor Conventional Gasoline Regular Spot Price FOB (Dollars per Gallon),1.938,$/GAL
2025-05-29,RGC,NA,EPD2DXL0,No 2 Diesel Low Sulfur (0-15 ppm),PF4,Spot Price FOB,EER_EPD2DXL0_PF4_RGC_DPG,U.S. Gulf Coast Ultra-Low Sulfur No 2 Diesel Spot Price (Dollars per Gallon),1.967,$/GAL
2025-05-29,RGC,NA,EPJK,Kerosene-Type Jet Fuel,PF4,Spot Price FOB,EER_EPJK_PF4_RGC_DPG,U.S. Gulf Coast Kerosene-Type Jet Fuel Spot Price FOB (Dollars per Gallon),1.871,$/GAL
2025-05-29,Y05LA,LOS ANGELES,EPD2DC,Carb Diesel,PF4,Spot Price FOB,EER_EPD2DC_PF4_Y05LA_DPG,"Los Angeles, CA Ultra-Low Sulfur CARB Diesel Spot Price (Dollars per Gallon)",2.124,$/GAL
2025-05-29,YCUOK,NA,EPCWTI,WTI Crude Oil,PF4,Spot Price FOB,RWTC,"Cushing, OK WTI Spot Price FOB (Dollars per Barrel)",61.66,$/BBL
2025-05-29,RGC,NA,EPMRU,Conventional Regular Gasoline,PF4,Spot Price FOB,EER_EPMRU_PF4_RGC_DPG,U.S. Gulf Coast Conventional Gasoline Regular Spot Price FOB (Dollars per Gallon),1.979,$/GAL
2025-05-28,RGC,NA,EPJK,Kerosene-Type Jet Fuel,PF4,Spot Price FOB,EER_EPJK_PF4_RGC_DPG,U.S. Gulf Coast Kerosene-Type Jet Fuel Spot Price FOB (Dollars per Gallon),1.906,$/GAL
2025-05-28,RGC,NA,EPMRU,Conventional Regular Gasoline,PF4,Spot Price FOB,EER_EPMRU_PF4_RGC_DPG,U.S. Gulf Coast Conventional Gasoline Regular Spot Price FOB (Dollars per Gallon),2.004,$/GAL
2025-05-28,Y05LA,LOS ANGELES,EPMRR,Reformulated Regular Gasoline,PF4,Spot Price FOB,EER_EPMRR_PF4_Y05LA_DPG,Los Angeles Reformulated RBOB Regular Gasoline Spot Price (Dollars per Gallon),2.328,$/GAL
2025-05-28,YCUOK,NA,EPCWTI,WTI Crude Oil,PF4,Spot Price FOB,RWTC,"Cushing, OK WTI Spot Price FOB (Dollars per Barrel)",62.54,$/BBL
2025-05-28,Y35NY,NEW YORK CITY,EPD2DXL0,No 2 Diesel Low Sulfur (0-15 ppm),PF4,Spot Price FOB,EER_EPD2DXL0_PF4_Y35NY_DPG,New York Harbor Ultra-Low Sulfur No 2 Diesel Spot Price (Dollars per Gallon),2.078,$/GAL
2025-05-28,Y44MB,NA,EPLLPA,Propane,PF4,Spot Price FOB,EER_EPLLPA_PF4_Y44MB_DPG,"Mont Belvieu, TX Propane Spot Price FOB (Dollars per Gallon)",.748,$/GAL
2025-05-28,ZEU,NA,EPCBRENT,UK Brent Crude Oil,PF4,Spot Price FOB,RBRTE,Europe Brent Spot Price FOB (Dollars per Barrel),65.72,$/BBL
2025-05-28,Y05LA,LOS ANGELES,EPD2DC,Carb Diesel,PF4,Spot Price FOB,EER_EPD2DC_PF4_Y05LA_DPG,"Los Angeles, CA Ultra-Low Sulfur CARB Diesel Spot Price (Dollars per Gallon)",2.158,$/GAL
2025-05-28,Y35NY,NEW YORK CITY,EPMRU,Conventional Regular Gasoline,PF4,Spot Price FOB,EER_EPMRU_PF4_Y35NY_DPG,New York Harbor Conventional Gasoline Regular Spot Price FOB (Dollars per Gallon),1.96,$/GAL
2025-05-28,Y35NY,NEW YORK CITY,EPD2F,No 2 Fuel Oil / Heating Oil,PF4,Spot Price FOB,EER_EPD2F_PF4_Y35NY_DPG,New York Harbor No. 2 Heating Oil Spot Price FOB (Dollars per Gallon),1.981,$/GAL
2025-05-28,RGC,NA,EPD2DXL0,No 2 Diesel Low Sulfur (0-15 ppm),PF4,Spot Price FOB,EER_EPD2DXL0_PF4_RGC_DPG,U.S. Gulf Coast Ultra-Low Sulfur No 2 Diesel Spot Price (Dollars per Gallon),2.002,$/GAL
2025-05-27,YCUOK,NA,EPCWTI,WTI Crude Oil,PF4,Spot Price FOB,RWTC,"Cushing, OK WTI Spot Price FOB (Dollars per Barrel)",61.61,$/BBL
2025-05-27,Y35NY,NEW YORK CITY,EPMRU,Conventional Regular Gasoline,PF4,Spot Price FOB,EER_EPMRU_PF4_Y35NY_DPG,New York Harbor Conventional Gasoline Regular Spot Price FOB (Dollars per Gallon),1.965,$/GAL
2025-05-27,Y35NY,NEW YORK CITY,EPD2F,No 2 Fuel Oil / Heating Oil,PF4,Spot Price FOB,EER_EPD2F_PF4_Y35NY_DPG,New York Harbor No. 2 Heating Oil Spot Price FOB (Dollars per Gallon),1.985,$/GAL
2025-05-27,RGC,NA,EPD2DXL0,No 2 Diesel Low Sulfur (0-15 ppm),PF4,Spot Price FOB,EER_EPD2DXL0_PF4_RGC_DPG,U.S. Gulf Coast Ultra-Low Sulfur No 2 Diesel Spot Price (Dollars per Gallon),1.997,$/GAL
2025-05-27,RGC,NA,EPJK,Kerosene-Type Jet Fuel,PF4,Spot Price FOB,EER_EPJK_PF4_RGC_DPG,U.S. Gulf Coast Kerosene-Type Jet Fuel Spot Price FOB (Dollars per Gallon),1.9,$/GAL
2025-05-27,ZEU,NA,EPCBRENT,UK Brent Crude Oil,PF4,Spot Price FOB,RBRTE,Europe Brent Spot Price FOB (Dollars per Barrel),64.32,$/BBL
2025-05-27,Y05LA,LOS ANGELES,EPMRR,Reformulated Regular Gasoline,PF4,Spot Price FOB,EER_EPMRR_PF4_Y05LA_DPG,Los Angeles Reformulated RBOB Regular Gasoline Spot Price (Dollars per Gallon),2.36,$/GAL
2025-05-27,Y44MB,NA,EPLLPA,Propane,PF4,Spot Price FOB,EER_EPLLPA_PF4_Y44MB_DPG,"Mont Belvieu, TX Propane Spot Price FOB (Dollars per Gallon)",.756,$/GAL
2025-05-27,RGC,NA,EPMRU,Conventional Regular Gasoline,PF4,Spot Price FOB,EER_EPMRU_PF4_RGC_DPG,U.S. Gulf Coast Conventional Gasoline Regular Spot Price FOB (Dollars per Gallon),2.007,$/GAL
2025-05-27,Y35NY,NEW YORK CITY,EPD2DXL0,No 2 Diesel Low Sulfur (0-15 ppm),PF4,Spot Price FOB,EER_EPD2DXL0_PF4_Y35NY_DPG,New York Harbor Ultra-Low Sulfur No 2 Diesel Spot Price (Dollars per Gallon),2.082,$/GAL
2025-05-27,Y05LA,LOS ANGELES,EPD2DC,Carb Diesel,PF4,Spot Price FOB,EER_EPD2DC_PF4_Y05LA_DPG,"Los Angeles, CA Ultra-Low Sulfur CARB Diesel Spot Price (Dollars per Gallon)",2.162,$/GAL
2025-05-23,Y05LA,LOS ANGELES,EPMRR,Reformulated Regular Gasoline,PF4,Spot Price FOB,EER_EPMRR_PF4_Y05LA_DPG,Los Angeles Reformulated RBOB Regular Gasoline Spot Price (Dollars per Gallon),2.512,$/GAL
2025-05-23,Y05LA,LOS ANGELES,EPD2DC,Carb Diesel,PF4,Spot Price FOB,EER_EPD2DC_PF4_Y05LA_DPG,"Los Angeles, CA Ultra-Low Sulfur CARB Diesel Spot Price (Dollars per Gallon)",2.188,$/GAL
2025-05-23,ZEU,NA,EPCBRENT,UK Brent Crude Oil,PF4,Spot Price FOB,RBRTE,Europe Brent Spot Price FOB (Dollars per Barrel),65.41,$/BBL
2025-05-23,Y35NY,NEW YORK CITY,EPMRU,Conventional Regular Gasoline,PF4,Spot Price FOB,EER_EPMRU_PF4_Y35NY_DPG,New York Harbor Conventional Gasoline Regular Spot Price FOB (Dollars per Gallon),1.992,$/GAL
2025-05-23,Y44MB,NA,EPLLPA,Propane,PF4,Spot Price FOB,EER_EPLLPA_PF4_Y44MB_DPG,"Mont Belvieu, TX Propane Spot Price FOB (Dollars per Gallon)",.755,$/GAL
2025-05-23,Y35NY,NEW YORK CITY,EPD2F,No 2 Fuel Oil / Heating Oil,PF4,Spot Price FOB,EER_EPD2F_PF4_Y35NY_DPG,New York Harbor No. 2 Heating Oil Spot Price FOB (Dollars per Gallon),2.011,$/GAL
2025-05-23,RGC,NA,EPMRU,Conventional Regular Gasoline,PF4,Spot Price FOB,EER_EPMRU_PF4_RGC_DPG,U.S. Gulf Coast Conventional Gasoline Regular Spot Price FOB (Dollars per Gallon),2.102,$/GAL
2025-05-23,RGC,NA,EPJK,Kerosene-Type Jet Fuel,PF4,Spot Price FOB,EER_EPJK_PF4_RGC_DPG,U.S. Gulf Coast Kerosene-Type Jet Fuel Spot Price FOB (Dollars per Gallon),1.948,$/GAL
2025-05-23,Y35NY,NEW YORK CITY,EPD2DXL0,No 2 Diesel Low Sulfur (0-15 ppm),PF4,Spot Price FOB,EER_EPD2DXL0_PF4_Y35NY_DPG,New York Harbor Ultra-Low Sulfur No 2 Diesel Spot Price (Dollars per Gallon),2.108,$/GAL
2025-05-23,RGC,NA,EPD2DXL0,No 2 Diesel Low Sulfur (0-15 ppm),PF4,Spot Price FOB,EER_EPD2DXL0_PF4_RGC_DPG,U.S. Gulf Coast Ultra-Low Sulfur No 2 Diesel Spot Price (Dollars per Gallon),2.052,$/GAL
2025-05-23,YCUOK,NA,EPCWTI,WTI Crude Oil,PF4,Spot Price FOB,RWTC,"Cushing, OK WTI Spot Price FOB (Dollars per Barrel)",62.89,$/BBL
2025-05-22,RGC,NA,EPMRU,Conventional Regular Gasoline,PF4,Spot Price FOB,EER_EPMRU_PF4_RGC_DPG,U.S. Gulf Coast Conventional Gasoline Regular Spot Price FOB (Dollars per Gallon),2.106,$/GAL
2025-05-22,Y35NY,NEW YORK CITY,EPMRU,Conventional Regular Gasoline,PF4,Spot Price FOB,EER_EPMRU_PF4_Y35NY_DPG,New York Harbor Conventional Gasoline Regular Spot Price FOB (Dollars per Gallon),2.041,$/GAL
2025-05-22,RGC,NA,EPD2DXL0,No 2 Diesel Low Sulfur (0-15 ppm),PF4,Spot Price FOB,EER_EPD2DXL0_PF4_RGC_DPG,U.S. Gulf Coast Ultra-Low Sulfur No 2 Diesel Spot Price (Dollars per Gallon),2.052,$/GAL
2025-05-22,Y35NY,NEW YORK CITY,EPD2F,No 2 Fuel Oil / Heating Oil,PF4,Spot Price FOB,EER_EPD2F_PF4_Y35NY_DPG,New York Harbor No. 2 Heating Oil Spot Price FOB (Dollars per Gallon),2.01,$/GAL
2025-05-22,Y05LA,LOS ANGELES,EPMRR,Reformulated Regular Gasoline,PF4,Spot Price FOB,EER_EPMRR_PF4_Y05LA_DPG,Los Angeles Reformulated RBOB Regular Gasoline Spot Price (Dollars per Gallon),2.501,$/GAL
2025-05-22,ZEU,NA,EPCBRENT,UK Brent Crude Oil,PF4,Spot Price FOB,RBRTE,Europe Brent Spot Price FOB (Dollars per Barrel),64.87,$/BBL
2025-05-22,Y35NY,NEW YORK CITY,EPD2DXL0,No 2 Diesel Low Sulfur (0-15 ppm),PF4,Spot Price FOB,EER_EPD2DXL0_PF4_Y35NY_DPG,New York Harbor Ultra-Low Sulfur No 2 Diesel Spot Price (Dollars per Gallon),2.107,$/GAL
2025-05-22,Y44MB,NA,EPLLPA,Propane,PF4,Spot Price FOB,EER_EPLLPA_PF4_Y44MB_DPG,"Mont Belvieu, TX Propane Spot Price FOB (Dollars per Gallon)",.755,$/GAL
2025-05-22,RGC,NA,EPJK,Kerosene-Type Jet Fuel,PF4,Spot Price FOB,EER_EPJK_PF4_RGC_DPG,U.S. Gulf Coast Kerosene-Type Jet Fuel Spot Price FOB (Dollars per Gallon),1.946,$/GAL
2025-05-22,YCUOK,NA,EPCWTI,WTI Crude Oil,PF4,Spot Price FOB,RWTC,"Cushing, OK WTI Spot Price FOB (Dollars per Barrel)",62.55,$/BBL
2025-05-22,Y05LA,LOS ANGELES,EPD2DC,Carb Diesel,PF4,Spot Price FOB,EER_EPD2DC_PF4_Y05LA_DPG,"Los Angeles, CA Ultra-Low Sulfur CARB Diesel Spot Price (Dollars per Gallon)",2.142,$/GAL
2025-05-21,RGC,NA,EPJK,Kerosene-Type Jet Fuel,PF4,Spot Price FOB,EER_EPJK_PF4_RGC_DPG,U.S. Gulf Coast Kerosene-Type Jet Fuel Spot Price FOB (Dollars per Gallon),1.975,$/GAL
2025-05-21,RGC,NA,EPD2DXL0,No 2 Diesel Low Sulfur (0-15 ppm),PF4,Spot Price FOB,EER_EPD2DXL0_PF4_RGC_DPG,U.S. Gulf Coast Ultra-Low Sulfur No 2 Diesel Spot Price (Dollars per Gallon),2.05,$/GAL
2025-05-21,Y35NY,NEW YORK CITY,EPMRU,Conventional Regular Gasoline,PF4,Spot Price FOB,EER_EPMRU_PF4_Y35NY_DPG,New York Harbor Conventional Gasoline Regular Spot Price FOB (Dollars per Gallon),2.063,$/GAL
2025-05-21,Y35NY,NEW YORK CITY,EPD2F,No 2 Fuel Oil / Heating Oil,PF4,Spot Price FOB,EER_EPD2F_PF4_Y35NY_DPG,New York Harbor No. 2 Heating Oil Spot Price FOB (Dollars per Gallon),2.035,$/GAL
2025-05-21,Y05LA,LOS ANGELES,EPMRR,Reformulated Regular Gasoline,PF4,Spot Price FOB,EER_EPMRR_PF4_Y05LA_DPG,Los Angeles Reformulated RBOB Regular Gasoline Spot Price (Dollars per Gallon),2.438,$/GAL
2025-05-21,Y05LA,LOS ANGELES,EPD2DC,Carb Diesel,PF4,Spot Price FOB,EER_EPD2DC_PF4_Y05LA_DPG,"Los Angeles, CA Ultra-Low Sulfur CARB Diesel Spot Price (Dollars per Gallon)",2.168,$/GAL
2025-05-21,ZEU,NA,EPCBRENT,UK Brent Crude Oil,PF4,Spot Price FOB,RBRTE,Europe Brent Spot Price FOB (Dollars per Barrel),65.86,$/BBL
2025-05-21,Y35NY,NEW YORK CITY,EPD2DXL0,No 2 Diesel Low Sulfur (0-15 ppm),PF4,Spot Price FOB,EER_EPD2DXL0_PF4_Y35NY_DPG,New York Harbor Ultra-Low Sulfur No 2 Diesel Spot Price (Dollars per Gallon),2.133,$/GAL
2025-05-21,YCUOK,NA,EPCWTI,WTI Crude Oil,PF4,Spot Price FOB,RWTC,"Cushing, OK WTI Spot Price FOB (Dollars per Barrel)",62.93,$/BBL
2025-05-21,RGC,NA,EPMRU,Conventional Regular Gasoline,PF4,Spot Price FOB,EER_EPMRU_PF4_RGC_DPG,U.S. Gulf Coast Conventional Gasoline Regular Spot Price FOB (Dollars per Gallon),2.108,$/GAL
2025-05-21,Y44MB,NA,EPLLPA,Propane,PF4,Spot Price FOB,EER_EPLLPA_PF4_Y44MB_DPG,"Mont Belvieu, TX Propane Spot Price FOB (Dollars per Gallon)",.769,$/GAL
2025-05-20,YCUOK,NA,EPCWTI,WTI Crude Oil,PF4,Spot Price FOB,RWTC,"Cushing, OK WTI Spot Price FOB (Dollars per Barrel)",63.97,$/BBL
2025-05-20,RGC,NA,EPD2DXL0,No 2 Diesel Low Sulfur (0-15 ppm),PF4,Spot Price FOB,EER_EPD2DXL0_PF4_RGC_DPG,U.S. Gulf Coast Ultra-Low Sulfur No 2 Diesel Spot Price (Dollars per Gallon),2.056,$/GAL
2025-05-20,Y35NY,NEW YORK CITY,EPMRU,Conventional Regular Gasoline,PF4,Spot Price FOB,EER_EPMRU_PF4_Y35NY_DPG,New York Harbor Conventional Gasoline Regular Spot Price FOB (Dollars per Gallon),2.028,$/GAL
2025-05-20,Y05LA,LOS ANGELES,EPD2DC,Carb Diesel,PF4,Spot Price FOB,EER_EPD2DC_PF4_Y05LA_DPG,"Los Angeles, CA Ultra-Low Sulfur CARB Diesel Spot Price (Dollars per Gallon)",2.171,$/GAL
2025-05-20,RGC,NA,EPMRU,Conventional Regular Gasoline,PF4,Spot Price FOB,EER_EPMRU_PF4_RGC_DPG,U.S. Gulf Coast Conventional Gasoline Regular Spot Price FOB (Dollars per Gallon),2.093,$/GAL
2025-05-20,Y35NY,NEW YORK CITY,EPD2F,No 2 Fuel Oil / Heating Oil,PF4,Spot Price FOB,EER_EPD2F_PF4_Y35NY_DPG,New York Harbor No. 2 Heating Oil Spot Price FOB (Dollars per Gallon),2.039,$/GAL
2025-05-20,Y44MB,NA,EPLLPA,Propane,PF4,Spot Price FOB,EER_EPLLPA_PF4_Y44MB_DPG,"Mont Belvieu, TX Propane Spot Price FOB (Dollars per Gallon)",.77,$/GAL
2025-05-20,RGC,NA,EPJK,Kerosene-Type Jet Fuel,PF4,Spot Price FOB,EER_EPJK_PF4_RGC_DPG,U.S. Gulf Coast Kerosene-Type Jet Fuel Spot Price FOB (Dollars per Gallon),1.974,$/GAL
2025-05-20,ZEU,NA,EPCBRENT,UK Brent Crude Oil,PF4,Spot Price FOB,RBRTE,Europe Brent Spot Price FOB (Dollars per Barrel),66.93,$/BBL
2025-05-20,Y05LA,LOS ANGELES,EPMRR,Reformulated Regular Gasoline,PF4,Spot Price FOB,EER_EPMRR_PF4_Y05LA_DPG,Los Angeles Reformulated RBOB Regular Gasoline Spot Price (Dollars per Gallon),2.453,$/GAL
2025-05-20,Y35NY,NEW YORK CITY,EPD2DXL0,No 2 Diesel Low Sulfur (0-15 ppm),PF4,Spot Price FOB,EER_EPD2DXL0_PF4_Y35NY_DPG,New York Harbor Ultra-Low Sulfur No 2 Diesel Spot Price (Dollars per Gallon),2.136,$/GAL
2025-05-19,Y35NY,NEW YORK CITY,EPD2DXL0,No 2 Diesel Low Sulfur (0-15 ppm),PF4,Spot Price FOB,EER_EPD2DXL0_PF4_Y35NY_DPG,New York Harbor Ultra-Low Sulfur No 2 Diesel Spot Price (Dollars per Gallon),2.13,$/GAL
2025-05-19,Y05LA,LOS ANGELES,EPMRR,Reformulated Regular Gasoline,PF4,Spot Price FOB,EER_EPMRR_PF4_Y05LA_DPG,Los Angeles Reformulated RBOB Regular Gasoline Spot Price (Dollars per Gallon),2.434,$/GAL
2025-05-19,RGC,NA,EPJK,Kerosene-Type Jet Fuel,PF4,Spot Price FOB,EER_EPJK_PF4_RGC_DPG,U.S. Gulf Coast Kerosene-Type Jet Fuel Spot Price FOB (Dollars per Gallon),1.968,$/GAL
2025-05-19,ZEU,NA,EPCBRENT,UK Brent Crude Oil,PF4,Spot Price FOB,RBRTE,Europe Brent Spot Price FOB (Dollars per Barrel),66.25,$/BBL
2025-05-19,YCUOK,NA,EPCWTI,WTI Crude Oil,PF4,Spot Price FOB,RWTC,"Cushing, OK WTI Spot Price FOB (Dollars per Barrel)",63.98,$/BBL
2025-05-19,Y35NY,NEW YORK CITY,EPD2F,No 2 Fuel Oil / Heating Oil,PF4,Spot Price FOB,EER_EPD2F_PF4_Y35NY_DPG,New York Harbor No. 2 Heating Oil Spot Price FOB (Dollars per Gallon),2.032,$/GAL
2025-05-19,RGC,NA,EPMRU,Conventional Regular Gasoline,PF4,Spot Price FOB,EER_EPMRU_PF4_RGC_DPG,U.S. Gulf Coast Conventional Gasoline Regular Spot Price FOB (Dollars per Gallon),2.074,$/GAL
2025-05-19,Y05LA,LOS ANGELES,EPD2DC,Carb Diesel,PF4,Spot Price FOB,EER_EPD2DC_PF4_Y05LA_DPG,"Los Angeles, CA Ultra-Low Sulfur CARB Diesel Spot Price (Dollars per Gallon)",2.16,$/GAL
2025-05-19,Y35NY,NEW YORK CITY,EPMRU,Conventional Regular Gasoline,PF4,Spot Price FOB,EER_EPMRU_PF4_Y35NY_DPG,New York Harbor Conventional Gasoline Regular Spot Price FOB (Dollars per Gallon),2.009,$/GAL
2025-05-19,Y44MB,NA,EPLLPA,Propane,PF4,Spot Price FOB,EER_EPLLPA_PF4_Y44MB_DPG,"Mont Belvieu, TX Propane Spot Price FOB (Dollars per Gallon)",.774,$/GAL
2025-05-19,RGC,NA,EPD2DXL0,No 2 Diesel Low Sulfur (0-15 ppm),PF4,Spot Price FOB,EER_EPD2DXL0_PF4_RGC_DPG,U.S. Gulf Coast Ultra-Low Sulfur No 2 Diesel Spot Price (Dollars per Gallon),2.049,$/GAL
2025-05-16,RGC,NA,EPMRU,Conventional Regular Gasoline,PF4,Spot Price FOB,EER_EPMRU_PF4_RGC_DPG,U.S. Gulf Coast Conventional Gasoline Regular Spot Price FOB (Dollars per Gallon),2.055,$/GAL
2025-05-16,ZEU,NA,EPCBRENT,UK Brent Crude Oil,PF4,Spot Price FOB,RBRTE,Europe Brent Spot Price FOB (Dollars per Barrel),65.2,$/BBL
2025-05-16,Y35NY,NEW YORK CITY,EPD2F,No 2 Fuel Oil / Heating Oil,PF4,Spot Price FOB,EER_EPD2F_PF4_Y35NY_DPG,New York Harbor No. 2 Heating Oil Spot Price FOB (Dollars per Gallon),2.04,$/GAL
2025-05-16,Y35NY,NEW YORK CITY,EPMRU,Conventional Regular Gasoline,PF4,Spot Price FOB,EER_EPMRU_PF4_Y35NY_DPG,New York Harbor Conventional Gasoline Regular Spot Price FOB (Dollars per Gallon),1.99,$/GAL
2025-05-16,RGC,NA,EPJK,Kerosene-Type Jet Fuel,PF4,Spot Price FOB,EER_EPJK_PF4_RGC_DPG,U.S. Gulf Coast Kerosene-Type Jet Fuel Spot Price FOB (Dollars per Gallon),1.976,$/GAL
